property_id,price
d56159653f5d2abc5ed5acd7,793021184
45550aa81c0151f1fd9fd8fe,672161408
735deef3382aa15930482f3e,437455264
0dd49fa8bb7be52b851c6dc9,731881984
7d3220a91e78f8bc2924d1cd,792225600
d3054072b2175deec2c1f8dc,474118400
b7574b06d593fca4eac59815,474118400
79e822115c5c1a4531366001,556592000
d3ed5316a463d38c1bd321d0,910557056
2f1880c9b8f7ac2715e1236d,721613504
dcca1c7f109175760ff531c6,479382528
dfc4f3facf91bbd93ee0fa4d,464430784
30e134a6cbe61d7954d0f56b,410424160
385fee7bd9ad7722d45dd034,505730272
87199c236bf22903d1aafdd0,519136736
19e19ad0cd6b5e84d8aa970e,493280288
907f968e78d748fde69dd44f,640083648
be094e5db0f784e3aa013aae,497027328
7ab96f83915bc84f8c03c1bd,354142112
07f4aa9b9ff5b0b05d31e6c0,618027968
e9be8cd37abed8ab510ba1f5,731681216
5f6ad58df27b562db077b5ce,519348480
ee96d947484aaace40f9b77f,788102336
15c4aef8401208054697b81e,832211072
22d6cb11333f2839b8112b89,1069413184
288c09c33907dadbae495c11,1100449152
f71d2bca0c5fe2720a1544c4,535157056
451744cf3ce55a98db8a3562,532996288
fba9ae05a6a8a9e0c6268a9f,548906624
1338e58f7dcebf5a1ea59388,349340704
a817e8da0ada143ac87277ee,297995520
46d8bb3e9a0ca584d3c7a317,321258688
b2506aa9463aebf01e1e00ca,473992160
7ec025b9b6e6f33bf65af41b,407629280
2ff531e27672ecd2362eed55,752859520
9b3cf0d1b91b9c6a2a887647,516489120
7db5291ce4602d9b2b266872,619710720
65d5918e826c33bb950fc008,505437120
395c34e4b8f52cbdb0522459,638090176
855f4b67d2bd6d18fd03d8e7,530778880
9ff06409b37e5b5dece4604a,518740704
0508cd7bd2c77ebb6fea1e56,539077440
b45fff2e718e54772d46a3fd,451173568
cf4d2297b73dbc357d21e31b,439409504
0ada7044c5b29925abc90879,393282976
6305f02255274ab5fb6bd39c,627971136
d9a94194ae1350512beff3e6,614866176
e3896296cb80d50d9ad3f903,725241600
6514f355887c64136edb5595,685213696
f03400cc18e12903b3ffbe5a,760530496
4e134600155a64783b3f8c3e,740466176
d63ebc63c82fbf66d8b6ffd3,755030912
1bd64811bd59706844230198,949696064
a83921284639eedd4a511cb6,711596416
a2f3f7a1cd573e2a33f52e2d,766400512
47344a66471fa51f61c64652,744529536
78fd849c9429091347d7e5c9,568027968
c3daf2abea55af99c9579319,727441792
52864916eb1984abca41ec66,720323840
c62494a9d7aede44f2f84023,1076779904
a2b576643f7a032371587e5e,1087305216
e53bc68f0e97ccead24f3e56,433036672
fd82c710aad91bc90af490fe,680232256
d436abc2ee37ba3dd561e940,680232256
216a598114a403676011cb51,544388288
ea230d5eccd2b687888173bb,776210560
18bd0dd7580f2a7cb19a90b9,383344000
b143c8ca6d334f6a73c3f2a0,374632672
ab388cb4fa511968783bafee,404628608
6a4f08cd04d558a56af732d9,590244736
7216c895aa047c4f405c4941,579263808
a493488dcd906dc74cf8a604,638390080
7844b0b2bc65dced90a355c6,656097856
c1976383069b6b82ab29d092,360988736
e5cfd99e2308b7b73581dbdc,472562912
c18c2ea88f4ac53970b53d2c,489594560
842c9f0e4edf1e5a672ce15e,685408896
7dd1e46dcbddc6bf5ef694de,459736896
6cc4f32b39180bd1ec7e117b,619090304
79e643789a85dc4ffad49a25,586602368
b3402a9173d289d6db78e09d,822754112
a446507813234e358db8b573,611209344
c8ef57ddfb35061d1876f94e,731748736
360be0df2c003005e3db080e,939833408
9ab245a4c91877cb7a8661ce,896550016
a57a34c7486e7a40e8deb316,787736832
ceba7d0f56f6cb03538962fb,611843968
d5475993f9db58c3e4baf7a3,756474880
d37a1dda09e30da13ff5bfc3,488433728
68a8b8d077a8232723bf37e9,534418816
e1eea7716ca6490b7640717a,627399936
4ae6d75b10848d259ecba576,628272640
17afbce5c0b56732abbea936,926309568
84a2673eccd3cf3bd7fd3eb0,720323840
f2f4e6cbafe527b155707f01,1070459584
de2e3a592cda5b76c9573c5c,888516224
fac651cf404a58f24dc7d286,1031931008
e6f312a0877af26b69855a3d,1021681792
333a643c623a9bc75f3a40f2,907319552
64593641e470908ef23b46cb,821150848
ce9f2f0071be658ae75ca6f9,1087305216
9ab385e399a4673732b6a799,793774976
3429c774b736cefc051e2c55,516693248
a51ad0372758b2bbfe73f8fd,517266624
8c801a266256e3fbabe7e3d2,634231296
ca2f81b8fb6fda20aefb0ccb,640208832
3c1b1f86087f9b99380e387c,704955456
b0cad5d612954b8cab18101c,799620096
7eb991f4c69215377e4dac8f,781597312
0d130b8bea4321300396fa34,564128576
8dfa059401e1dca80ae65ae1,759446656
3e3f264cd0ac7a65ed2349a2,810715008
112dce80bf512f3f24391d23,359265056
ff25ded6333278149f8fb68f,635625664
d555b82c192794e87e9d536f,774728384
a787382d96ef9fce8f27bc70,873713088
8c3aa295f7bcfd9a43eb2037,878709440
13ac95652fb3cf6c43dafc66,273546912
42fc6a80b882c32f6264ac10,322253408
1e9c53e09220d689a0210ab9,335454432
3348706086aa3db5c92259c3,459019456
66d402a9b7d05f29282ddb00,594111552
cf88be51d6f31c10e5868ff7,426881184
30b3f38716be209a894b0942,427240096
0a5908a92d0ba3e36f54b1f3,487912960
dd206b6ea2d7f6555109ea39,355678112
c641febd8bc2ece3e4d2d8b6,474995936
c11fdc02a288af0572a2bca1,672579776
35dc60a65969b264ab283d6d,572983104
d9cb0f637cd4feaaaf8a21c0,741262208
7e8dfae9a5f1faf8afa706f7,185860192
a280fe7610c254b935c9dcfc,385487584
85524880fdc4e4daf90e96fd,451264160
f361109d06f6609c16724b39,505437120
3f6b2f0c0876c21755369cb6,627971136
de26819064a290ce78d8fcc1,573814144
91be1260a84ab7fa3521c495,775541504
18c8dc4549d38c918af2972e,891418560
782b0fb8641849c2c34291e6,549435648
54933f8b33a4fd6f031ed5be,698537600
953176c9a901b4f61c030432,619231296
357e2add3d68167a4f3ce15e,617697344
90332d50e91925eb9b614bef,524507360
11723d1d472bf1a3fdd8b72c,874885760
01f8b6799e2910f7769db175,632982592
a0d5001f7dd42d7f0c91d2a9,476282048
d4439c35bcb88e1490916c67,571432832
4a73dad0ff8a5262e8b07c4b,888516224
3dd8085a65f24b497ea59557,963554688
39ef085809bc80e32e7b6af6,841136832
b98ee16e8fd7d1c75a9da13c,852137152
16deb26bf740fa61e258f545,1092612096
732a3bd457d7798e1fd892f6,787807296
1376058cb128a1c7729cd2e9,765669568
cac7e7c3e13af91bdc7107e8,757750144
9f3dfa6e1422f6aeac527c61,495168928
4dd3d1288ccb66ee4fb9c097,876677440
15fb97d6a43731d61e95d004,951067648
dac29573163315edf99e0e7a,529859520
b93f2864087d41c3c92d43c3,717721984
cd4656aed92f5c0a0b6b7c0c,717721984
556210496090b42ac10cf1b8,1087305216
762979729fb21e56a32ed14e,1087305216
ea935b76abe664d5e2c4736f,505437120
40e9ef1e7c6749b7a8d04ea9,542725504
058265732a484ac8d5497f5c,460027808
6f52ea8340cdd283f9a79720,577684672
cafe7c1ee67458e05c84d5fb,627971136
3f45ed2f08a2b03b738fbb5e,516720416
f203b18854b75c4564d7a17d,627971136
d5333f639d11bc3ab073ed72,441256544
c14f644116669a160446a945,364123040
de585856ff546e00a5a4672e,532774432
7a80663cae7c191b5d025fa0,496029184
71f80198e68fbba902650b1a,359403232
f3523e0626df8cea803ead0f,376616640
619abd5f978b1573761be86d,414559232
17a2323b855e93533a9f09f2,458873280
38e8630f2c05ea38e2257c21,479052800
1e3798d739f85ee0e5a314ca,505603712
46d0544f411bbfb6b452858c,469925152
605e7a71eecb13b23ffca0c1,408733536
7515b37b7ae7c62f3dafbe7d,503278656
28be121ada9c9303be802474,590649024
331d54f8a1bd3dabce73d6d9,691423488
22d167639ccaace593dffa31,356914112
36cd68fc3ffab79fcaa340ab,612979648
db924733e88c361cdfab874a,737301888
64eea2e9a13a8edfe8ac7027,787845568
97fe6eeed892111bfa20255b,458963008
b54e6757829ac95e2076d954,590454656
dd59b8122458557041903207,448684832
b35c58fc1c05a77433025318,811924864
c41964afa164d8b75f8dbe92,739773440
96b3ea80cce599b68f96f86e,631184320
a4bc87ad4f1ad97c0a63d843,750900928
16e62269e6aa2ea052d05f71,770108480
518b37b51f824fa0fb5075d3,568561728
e083d83369cbc93fb94842a1,795384128
57deff02895d5286eda10d89,703361152
7ed35835fbe694bc237abe38,720873856
b48efa9ddf36e85164354f26,684394176
5910c9b29a1025bada93a5e1,792677632
10a650e8cb5425c97f08f68a,677795584
9e0feca2ec3043ae6f840631,809898432
35ce37bbecac6b164fa21e6c,700909184
c4955010d066e013812a85ea,716319296
d5a83c31bec18d1c3eb9af7d,661088640
70217bd08583854329722821,693546880
28e748e7aa0a447731e06706,626309056
27929c0a3e0fd2d6d2969e03,720398656
5c5ea0d8bae75e0a5c88414f,716650560
2233f50cf7b04791cf1ddeaa,601173248
bf430621f17dcaf17fb91ac7,723907776
d8dc9de06461e0220bc55906,558205056
d988975f8c4e6ee8fd8dc1e1,685663296
bab884e0f99df269805e83a4,750652672
8fa9b20af1508af7a01e2267,609315712
b6f195d44ddbe10b78b97191,500872224
2ab0eeac4a228d5769fb4365,460671968
347a4deda03bfdde6d1c163d,677329088
17230f18b30b94606fea047d,460371200
eab4ae491bbbe7b8ab107229,533235200
07c753474a847bf2bccd55b7,396650240
b7ce05400f0261743073e072,522682944
4a33d213841d2af537aa967a,549929856
04eb0b590ce7483c615b043b,673835072
a01a51af09a3dc387a18b58c,606886336
270b930a9e22d5016ffa4019,1087331200
5ed1320fe84a518e267ff537,834753280
f04b574dc221473cfd616e22,640431104
6f7e390aa6135019dc5a828f,663864448
776d4a19fb3852fe6dcd3ddb,464044224
b7f164b79658952248866c34,491393792
aafeff5826516e363471e439,509563872
eba6a2b80a17a846ae560ece,402200032
90e62f8656ae504bf6175e0d,711335552
dc4331d09a1e36baaa6bde53,478790048
372d67ccb9d251e290891f0a,377153472
a7801c67a0ddd71c50ba38d3,354142112
e4d6b81f169cab8ea0244d75,406625600
cd5c6655243a4be0912bc92a,787736832
f7a7281a19733251134364fc,769502400
a716ec25a219961fbe90f367,1070459584
8bd45966c16d4eafb49ee2a2,992085312
baabbdaa5e8f69fc90d303c1,874137216
8bed46960db1b2a7954ffbcb,1063702080
dbc123f9502159d660f375ca,1074467584
a4683facc81ccda10e9ae388,1087305216
3a576586fa1aac85c2ffb75b,1038838528
b1fb98d0ba25b21c6647d423,896116416
97fa4be3ed93c37c048f507c,472703680
cf184cc576effe39c0f857b8,551423488
784f67fcb2d009d352740ed1,202388208
f4d6ce332121f814aa663fca,670306752
c87ae84ef029febca1e633e8,451276672
e876c6fd9c161861fb92ad5a,921938880
9047c4764f2c6b1a10b87e99,1063406016
234c94e9a248ae57bb5a0771,386033920
a49c2976ca4f24f3a6b622e3,475322912
ffc171cf73514bed077339a6,419776448
fba83f5feea2522888377066,341261184
1a593800d5785ecc36c25ead,628385984
ab157c9601861dc387a91b82,624603904
f87f8003f15b0fbc12609514,439409504
f44d035ea2b15b2c69d4da50,751590784
fc815b59cce7934f816f0502,770374336
32915b77ca68000ba9eed6d8,445898944
cb083fa7ff634f424a351840,529956736
4f3c7b9bc78f882f858b3d3a,379845120
53d33316e237830ad463a26b,482422368
f5d852e25d51377686c43bc8,644301376
64731b6eaf4fd2bb6c155013,599073984
dad7e45e4706ab2564ef9cf1,402540768
255914e9b13ad94efa6ed365,660306304
5a8950a64b4aea4ac13dad45,829572224
70f51b4abf26651111305b1b,887232128
8919ca18fff7571002e440ec,848487424
f776a4e0c8c82b3d29756b34,1087305216
7ea4af39a7e577ffbd600f0d,679993920
45fc0d46c7a4df7ff6976fce,942248576
7cdcecc706fc7c79cce45b20,835217664
3503f56e09e639be4762ff2d,760051712
f70ac0d227db6f5333aa821e,668159104
20db610da64f80afc1621b12,384628288
c80ef212c870e2f20ed2234a,631965056
7dc68d5cac1b7fcdab35586e,468213952
a478fb93a131fee4119bb9f9,818419264
7749b2b534213ec7b536372b,556107712
43e59f5312e304fc21c1e052,962882560
82a7920524816f3db7f5a4ca,685629120
1a7e331d9ff88ae5efafa8ea,630929344
a57350d4c79a415137281cb7,279974944
f3a6132006d54d0e22a17e84,803600384
14caab87a129f51b2b70508e,636080128
ba2423d79744d763aa3744f8,622836864
1caac10c1121a795a172889b,854966016
40768729f2697b87ed6519d1,686815040
843234d3c6c20bb60a17fbee,777112576
cd2e4dff930a1c7a1a569992,511435136
5a6eab133b7e95155f6a9012,449560256
5bba6c40aeb129c433d2c58e,517789504
ad3c644b506498127c7beef1,531993536
a379656c49f4cb1cfc5b3f03,484081536
998c1a6ace613d8a7468ba5c,740466176
dd610d7ece83bb02dcd7a22f,296591424
539467d04a2b3e78c592b11b,410996544
e40fe4ac43cabe82c03dda59,505564096
5561eab714583013b422e7d4,656097856
d9110b2b5b1c02766da9e24e,745142592
c72cf05b93b9c290c063b08b,762879232
d71cc157c0c43935989009f5,488275456
4199eaa19ddf8ac436bb2ba3,822754112
d23d12bd86def2657038a481,769502400
ca438e13d8aa6285858da0aa,720323840
a173eb804f4bcf6bfe889417,1070459584
9b3677d498c2ccf69c756ec7,1087305216
f8c787390e4c6d2e99fc7c3d,489515456
a188aa896d1b4520ccd6b65f,412936992
9fa39c9eb4b10a20dda6c3c2,645687872
7bc9022fa1eadbd9ab39acd9,490754688
46f0731f62232b32eb733dc3,410056704
b6767d1e329ff5e28c42f632,379876512
abde4b06769fcb1d5577fa7f,517266624
1496d159d31717ce254f67a7,386535264
1470749d0d2551a93827e441,393124704
3ac517f74dbf8cdc8feadfe8,593987008
fc6616c62030a53d2aa46b12,688856640
8497f34947cb4c0ff18a0eaa,451264160
3b2936127f5a4684a1d3de22,580475136
dab58562904cd13a93d913e1,627300480
69d1e47b6bdc57512f1838a5,778086592
23c7f9a0534a4ae6a24e38a6,785874944
640e9fe41fb79ecba89d8951,915929728
31f6a25d56f3bb36386d07ae,837920640
bfb30ae71cdca27f5a5494c6,861002432
baacf0dbd690644d74f3a929,766346816
cdcb874d2e62220d12230632,904037248
1421bdbd9cf7572b799b732c,945180736
ee9e5adab1455d38edfcaa6e,1009625792
1fae43a9450fae02919962b9,522217152
5f9ee280509afd55d24f39b7,525371968
82902f2082dd405ab538ff58,559456000
eae52c81f779a61f57cb5b58,959186368
4ec0aee1b202642d2739068b,613769472
f4c6c3210a3c2eb935c6d5bb,908077120
14a14706d405569501327924,445787520
146a5a4f3d111dc7b955ce42,803991296
99bdce7cdea643b0442976f5,762066880
733c7cdfd50db77066a67140,553694528
de328410e22767c66d919423,595308224
d0116b53467b3081664fb268,723866176
dc722ea5c4d62773f9fb6bbc,518726432
e84605e3aadd50b064c8eac3,1059475776
31a3719e57ab1425e7267fad,502402752
34993717af3f861b9735df6e,601586496
543822711986a454cfd764e3,952522048
5bbc4ff9cc3ddacb39469e27,915518016
d7ced905983af0800c19b7fe,793526464
02d5bac2567ee9e19041ad42,891398592
f4897a8a0a911a2acfb8e8c7,1070459584
4ba19ab08d1fe7f72d0dd37a,784790848
b7c07f8afe037d55bddb8e41,204403440
40b20b5a3a986802d64f7675,532820384
01fb5931cb55f5308382818e,872012352
7cd0c7174b957df1f004fc88,688370112
ca13bacbf6dc8d1b09fe4c67,561586496
0ed0dc77661be57aab63bc83,333372352
d03558acc19951a882bd568b,445806688
b8cca0d70fb46f3a31473e98,761711488
f665a58fa8eda69547c1a159,716332480
8aa5ae4637ba83e672cd3ab9,676061056
a6da1996f66e545041d920d6,701717696
b828609eff041a68fa243a12,680411840
3f39a260b81dd7de1dff2b31,514334752
40fd167916ff071afdc44792,679136512
6ca31945172976c3a11732c6,840536192
1437d1f1601d26a3dca7594f,597014784
ebab054e5f256bf4e382002a,1087305216
0838d0df248d723da4e25ea9,631878208
7a134e45b9ebe710c6c6efe6,688250432
6e9c7f27d6b89c5f9696fae6,404628608
bd12c705950c46e679c34bf6,1063702080
fa2c1092f17ce021964f8953,825131392
e3202b635974f7a3367c0ff9,822754112
49bdf0f970af03d83a57dcff,793526464
91af29fa680d8033188ffc39,512443360
cb626b981c0997d254388e76,410996544
155a8e4186d1626fdda4d0ee,657983168
d337476c2cfa780518523a6b,239098976
7c3ea8523ece273991a190da,492654176
674c02227165e1c7189c54e4,848769920
17056748001fd65cb961b384,934937536
f56bca5bebfc765162c8cae0,850096128
5f4b0ec9c7452b888b33c3e8,462157472
13dbc077e552640736267a49,424797760
cb645955c851790e83e696a7,692594048
649cca8c83352caf7442f20a,803073408
fc8836e71725949c5f3fa7f7,1069413184
4f431d80287051ca323f2c08,776144512
42defcc69fa22e4c858f3c24,692594048
291a2f9022933c9d81311e81,692594048
d48a061a2040d851937413aa,692594048
55d2ad80322427ee3426dceb,644023552
8c41bfacbc1a6ab831b26fa8,692594048
c7214222fefdd8d2ad7f8f8f,708691584
b3d9a095c9c73004643c9e78,692594048
d49aeae19e13909e75dda2b6,692594048
dd10dcc52d2549df85f2a8ec,444514912
6732b448d2e4f32679f235ad,912937216
f08a5c2992cfee4c0910f68c,675820352
e3a62f080c25f404ca995e06,692594048
7634d584c3042533942e2dc0,738620288
ae58dee872922a9c678dbfcc,1081630720
5ec01e911785dbd5b49b166c,520603072
9bc12d9c9ad95064412c3413,659192064
7acdaa0cee1ee62e15f4490b,439708768
d76d5b14d0acc5295b8057e2,804418240
32f3364ac1fabdd13db1cfe5,279736640
8cab957b322f1aba06bae4ad,421447744
e3dc8b417819e9afe3fc7d0d,493377888
c71fbecd8f7310c201adbf40,488216800
54c9bffcdc46819f67e4b3d1,659957120
4d94a2295f612b96264a0db8,601586496
874f4a836cb74be301e068cd,910526912
a18925f908acda4171bfbe36,1016304128
a587c7419568288d68c46feb,785742528
19994da77ce4f2db3efe6660,398383680
9c4dece6127f1f3f3bc1e0f7,460352928
09c28a830f8093802384071c,408657440
5766f7cfab59c920081e3046,460352928
964b7d9de17c1ce396fb83fd,279580576
44f77a86369d6607753adc09,421339264
7f25471be85adf0baeb8ebbc,489910400
6859481703fb0cb34c1e564d,716498752
7ba0c14dce0cb09ef5735d9f,529956736
62cd6a29e98a5b7a5ad38050,541325696
9c6d7e6260e4fe83d43706d4,595514176
5dbcb55dbba823dc31b041f6,810715008
85abc5c0353c5b678f087824,583156800
56dd1bc39664f8e9f316851b,671084032
b23341faa7307d9d6009c6d8,707787776
2af941adae2e8dfd66542055,553712704
268f887f25d416dcd3c0c9c2,917925504
9ddc7272fe43f07035d3da63,1082636544
4002635ca8b087877ad22d5b,1079632256
b515b1caa608ff42574e5a06,600382016
710542343cece039a279dbee,729722176
187a143dbd6d4bd81d6d9c32,386033920
26db92c003c8e67d92d88aaf,886127808
641ac8f4f60ae2b9cf6add93,741624448
784714647351cb6745c867b1,729722176
5fcf1e2ab4edf13ec844decf,679993920
2575d932e98c421bbb38b267,822528512
af9d2f5f62bf74a7fa9c74f4,797561920
4db8d529af9f718e6d81a85d,410996544
9a3368605e5f563e29182f3b,321378368
5ff696d8369101b6dc60e2ed,457458912
95ade3ab8dc04237acd6441a,336472352
607ed21e896eb5ffb50d5ead,426561728
40d9a852bbed67a6036c6d8b,523206720
97badba651a94721af5df3f0,488275456
b2f089146c30929c4836f0fb,419537920
936307e2f478c3ff7b9652e3,540931008
b6d5cb459999de084965e993,679475392
aeb66f808982c6308d891f55,657305856
cf8418c60f4e54dfa09b1e6e,381883744
1dcf71e8fbfef2c6534576df,534418816
c78b16f05ef58855da0d4f2f,428496864
19ecf1fc86396ada203c2a19,584508864
985fc7ab5aabf1831ce3d298,634611328
8aaeae6bcfcee5ad928ce28d,717094592
1a93cae134c79a43b13ce656,822754112
ffad647e8ee35eaea6378fb6,762066880
c21a3eaa136ef8a912ce7b74,621464128
fabe0f299a4e4bc6f51d54b9,752857408
5af99278b1091dca9b0b0332,803073408
3f0c845deec1c24472a35efd,993235520
c10f25fd39dd36287a6cde73,1069413184
f37d31c512866b575780c4b7,1087305216
5d34f871e5a5cb3a655a0b13,776144512
95bb852a958d7b16fd676e3c,912937216
24857a7a80d5f13a52eeb054,745917504
f9796e9d13fe1becef435e54,970123776
1c2739878e452a340a4e8972,985144128
698f3f1929a2dbbc69865b65,630612992
bc230105784ca8640e499ca2,514334752
622fdba953206a65224f2c82,368226720
6765fc17d98c08142d3d7757,676288832
6f35fcba4ffd6a58bce85892,498105376
d8654c08e95b39e3b4891cd9,669604224
33305df46dc2186c7e3f727e,850096128
0cec193a20d720af010383b1,631878208
734efe04fa6b326ae1d072e8,462597824
69190139558b2ef3eface18d,481697216
bb084299ad23f245d7cc5b69,587220608
d4c7b3372d70b898b167b92a,762066880
4a119b1bbf04b4bd6051c5b1,787736832
f844345b6224bc76bc3c6f91,505757344
052505ca8210e5e651fc0b63,716490368
5731cdf8cac0b8371d786c90,716332480
594d8d78af90086bf8cdf09c,618860736
fcaddcc78938f3a234dd2d3f,326160512
1574958978c9b5d23d9521b5,601586496
55902baa0ece72e2e8c869d6,892115904
46161effff173111bb6c3a32,898120192
b3fcd9cbfd485e4e1da6c89c,376869248
213ddc1761cd6b018349786a,680734208
be3b1df5f008636e14bec3fe,934411136
dd27922be5b6f730f8b4e058,436145088
cd2aeb1b2649ef421102def7,723865984
a226b4af016a772dc7e39ac8,582952512
dcef5b332fd31d0ed8d754f3,251630672
481492907baba4574d4a6f35,822754112
10e5e54ab66b58b3f41ec381,592463872
d48866a153ea0fd23a858cd6,357569376
d273a2075d28e343a657d9de,950493568
90a711f776d53cf654614649,685002880
f87c76eb5071c5b309e3ac3a,425511424
74df03749e60c216a3e1292f,474258688
03a84af05df0f577e09d60c1,508448256
78682041182f01ee4db04e8e,1063702080
25c76b5a1da0c2d8158b3732,675739392
af8f09175265e1546200ff86,520195648
c8d4ffb290aa9cea002e8d67,390307968
cb89ad8156c3428ac80a4db3,554169920
7602cb1e6fef087d8ee81aac,628164928
00c75d59ed4777481a50cbd3,613818944
fd36cffb856c2a14982a5fa9,578157632
06ccfa37fa6b011ac38422de,431810496
257b533b6a66b40d0f097c55,546730368
736eef4bb36681acbcc3c41b,476801536
e1a4437b17f7bec650d8cd97,587598400
ecabfcb8ce9bb47ec3089c7e,587598400
a5a46af0c9fb5c0a03855660,638728256
920b50f4355cd2674ceee068,539067648
410e5af026805ec8088f2e71,535700416
efa0c01632d13ab59f629ab1,537043072
5965d19a68a8414b0419bc68,777493888
64955a117f2d9264eb59fa82,752728704
8cd46b5c9cbd056d3712f155,630612992
65f736c3fee3d14c31a57d1f,819780928
66e9c614882d58c022de7a2c,716332480
8c787c1e6161b18601e6d7de,450560160
29a115ba5b198689fce5f93b,426883744
de8ee990e70c8e5ad167dc89,503286400
0b65098a19c2fc1caa6577ed,822754112
70ea0403b722a1dae1ff9b18,762066880
5c77e242474e477513b60ad8,402723840
1655a92b20740a11a5889519,273546912
1709b1446b20b21482dd2d36,720323840
e5dba7fa0cfb81488b0c331e,469600576
d09dc3a3270073e5f1cb353c,787736832
368e740cb71b9175fe5b7b6a,850096128
b8a8ad4c0215077d3e5aa472,900897600
1f4a78e094987ce29f054fb8,225692496
aae3a99ac764b8e9bfc562cf,550344384
a63ecc5539e8725af4128cb5,580958208
a29e18f37ded2e901181d7d2,396650240
14ead7469d05e5eacce6a575,594458368
1cbf39c44f6b0fdbf9554845,739859456
9012294b64280c565a88a1d8,718835712
dc0e9ce44b9932c6e48a9390,693618432
a4f272acb4b3b4f5fc72e99d,898913664
b0a7295da89516be1c44512e,549691520
b638b937d4f62949b9eb9fce,632309184
cadd4a6e1075b57f7b74c63e,791196608
a88f4eeeeac5ccd1ba9b8a4e,879768128
29616bf14b5f1cd42786a91d,653938624
f03f97ca55e9a43928c18237,399299104
5fb9bd3aee2e1320dcbea448,475517184
34bcfc2f0cefad790922879e,891418560
8c9849cf3d20991e5126420b,900670016
ca7b9296080c9fc9fb232782,1040200064
63a5989d0dad994a6af7734c,359403232
7d25023ecf668945c87e0666,441256544
fde3d4a4a819b1fa40530238,425024000
e3338ac993873aca45755dc8,496029184
bfeab1b12dd82efa96efac31,364123040
2d564574f0191164ff1d068b,376616640
5529d858e9c9e3e92ce8a95a,354097504
2755af908b841e9024718b3d,423150592
623df36ea9610ed5c58dbd8b,505898592
77924a3c7880310a4822e5a7,532774432
24fd0b7f75feda5db89a4127,423150592
c2b9a3b2747f32d26c8219fe,414559232
3c3c7861a9727bedf5e3cb29,553438720
822ba8fd3c7392bda84461a4,479052800
4625168852b335b223a05bb3,491905920
b732ff1637ec53286e890865,469925152
706bddaf0b87e4f076247450,476801536
917218fe1425d2c222da1ed3,458873280
7ac0428c4b7197ca14f3b86a,356914112
e828e83be8651bc2e07641e2,517255136
4d069f925100b6cad0b657b8,612979648
a50640d13126880a423521e8,691423488
45e92799de1a5334c3d2d72f,505603712
93ca9e75cbeaceee69b4f0e4,737301888
8fc4070ce12262679c381515,787845568
63182bbbd5f94cea67de2d8b,723907776
6e163c3a0e30e7bf1e909661,458963008
3cd016f68705e73b819cf74b,631184320
3da41d55a2b9f78c2b10c75d,677795584
0eb8f10c9d5ded1b09f60baf,693546880
330c37fb5065311564fd35a2,770108480
b849cef46f19e13d3fc9d5c5,792677632
7bc034984b19479f29886cc9,618474112
5cae4522fa829a1614739b64,809898432
bf6bd06201e60a4c98c8623d,741088896
549ebb2f616d50ca778e92cb,663423808
448ad6cf4b43298a39c7b5e6,558205056
e9a37a1a4150461126dbb6e9,752857408
1d4c50978603ef41377af057,448684832
bb71a24bc5ea4051d84ecacd,568561728
286ab2411118455780314355,661088640
045108344bf09b01b597e7ce,795384128
d714e15ab5c2d5a2503bffcb,776303488
60823c81f0b98e8a57192a9b,720873856
dfa988a524343181a0d3ead5,750900928
fe8bcbd17b16ad023a202843,684394176
69fe76202cd89637a15de1d4,626309056
e7cf67cbc08fa04be9f0a3d4,700909184
670583e7a2ec6e337429fbf9,716319296
796935018bf2b241646a2dae,739773440
5f5856dd16c0e5131835e650,720398656
ea2e380226005bb55c724ce1,703361152
f40defb11ff73ba4e3db7611,758427520
a4b2dd2771f49951c027eef2,811924864
a949ede7227c8f8587715029,685663296
83f402857435d4fadb27fa36,750652672
36ab522893b5f01caea4cd0d,609315712
8e4875b7ecd0898571f0b1ae,276914176
7ef3f8bfd0368696369ac957,505325760
73ec13a5687c542137eb9a41,478451872
6334eb4a37d102ee00c6e2a1,507380256
fab91f0b03598c943fa425dd,531108544
c57c3c7edd591e16c0b7c1f6,518902912
03aea1b6ff072f117ec733af,395313504
91b57e8d6c41b7afe949bcba,461524384
ebbc5fdad817b304af3585c4,503225440
0232a50c9afca03cbf4277c8,492961792
05b12b1916e51a804419c654,267226816
95c9cee9b36fd1d68f647aa5,362110720
3d31144a77cb51647f3deb02,579353152
ea87e3259c2b0d6263d39a2f,269994784
61f634438de4a10a861f42c0,551930816
c3ca43d0474dea2f2dfb9791,351205728
a13a3638569b89ddf1260470,505325760
124959d1429de095473bf5a0,425024000
4d85bbc09ae56cd85a8f87c6,517628544
2c13f29a8b9ac9b464e3a582,423649664
70215712bdd8ae7585520550,345779936
3352469ca509e8ca652fad1a,490946624
893caa7433c200e0d43e9f27,530559520
767cb14f03c909c595c2a731,566515264
11433baf7716402e8c58bd33,503286400
e07ca567b0678126a1aec803,408640800
b2286067a73bc0049328b55b,546730368
c85d56080167254c7bc19303,450689952
5b9ef8d6defdaf13dccc5ae9,376919648
f7972b1936c6d9e95d3f632b,441711968
defd03ae7d0c0a44baf80abd,647074240
6fffb7958a58a73b0e16f2b2,630929344
5d86a1db39e324770ae58efa,506684128
c56163e390d9e5a7a76e77be,525670976
fd5ba2795eb7b5fe338d6b4e,618347968
24d6d85cd0e2dc3deb2db896,631117952
feea3a2bd9f643219de51c46,473308448
055d7c66464d7e327711b497,500680320
046aaa4162cd410e92b216d0,549805376
b6bf2760cfa26cb28fc989fa,634137408
3a6262eed8967d695182e435,537501952
cf3665f24927de548639ee4d,540668672
4c243fc50d5511a1288bdc0f,345817472
d753227b5c685e93b378baea,546730368
149e49c22fa0eb163a36c932,513450336
8baa01b8c6d29c82a6108cb8,442112640
2d437a09b860d9d46644ea23,534873664
66bd80fd26836fd426be5733,453195072
a30e69524af9c1bddbc5de34,546730368
fcc96840d952d32a7300366c,465054176
659bccaa707b94f303610225,546730368
df1c66d8dfb9520c6818a32b,549805376
dd1dacc0c90022e5b40849bf,513246592
1a06bfdfaa9d9ac754ad07bb,433036672
a0ecc8ce0592a40959bd755f,546968704
739c2b9be0941e4c126d2f3a,536727488
d723eb2516802250027312b4,418328128
04cc75f46642efb1192f1875,510004352
9f37bcaa95fb0044aeef6075,473434272
7be8abb5d23794ac47ceda32,569912064
c06c737cc0cef7fafa3fc4c5,466903136
48e71c45f41778f8dca24cf5,640934144
b41f7c1cb9cfbd188f8e0233,895483136
32ce96d8adc8e549b90b4a8b,643031168
c6bb4ca5a0c839d38dd8ce19,822528512
1d91edf33a141fa2181abc4b,649681088
aba4e24dcc6998e5020731c8,643031168
00af33cff3ff7c6927306df4,592384960
6d2328def08bae481705e20c,665941504
7815163b8e4a54843d121dc1,666916032
c9f92088dbdc0d81412968dd,677932096
8e1bd01ce4b7910d42f59be4,752857408
5fd89a857727753eae6632f3,385887456
332e395d4ce62523a2e3208e,469435328
4fc89ee51cb0e1b9d6459819,813265664
2571fe181b6ab939eac19d2d,716181824
af98a0e223a825cbab78ae49,667231680
ae187fea3c46c3fbee7e6e8f,329559168
c681519ec1ee1a28f6a3607b,604407936
bebcca3e75e747b5a01f5485,607228352
0842a0730545c623043b1d8e,714378816
973afa2d67c20297aa108bda,468037888
64a9f0bf04f1c890cc6e31eb,334235648
9e92b27f554068b7dfb640cd,406313504
57b7aff18c444fa3c577b079,355973440
6b23f191d2ccbebf9166926c,764802752
b80c961aeb98d24d968c71d3,666916032
064c1cd5e94efdf8c7262fec,621811008
723078b6cbdf02c88286c596,621181632
e239ff5eaaebb287beaf76fa,650487360
b3b30d8b869eaad2382c5447,748586368
3f295e6c14e23cff1468bf82,594458368
be78bb0e06d5768ac1908247,483011072
4daf52564456895ca7f4429c,664095040
c832701653f1e7f01913660f,926180608
82433a009defc21498037127,756474880
b53d3d578b1d7d9e00c8a00d,836198592
36fab4c38cdd91de650e6abd,850485824
bed932e11a599f7cd4bfa31a,853358848
1d9addd835c9fe8665e01500,376869248
d8216aa4e029c0d3d646efbc,620353728
c1b0ddd3c104ec4482d5025b,360318432
bd0f754b0fd9b7af284419b2,945648448
01e907d7672006fa2bba8b0f,484449792
7ad046b20064565644ebfaca,514886336
1ac2b23683ba89e9175d1b99,514382752
ab4c55e78eb83d80c153f50e,514886336
2ad54bda875fcf8c6b675bf5,372968768
07e76c765d1137cdd7c2ff53,504234688
5531b9663c5a37a2bdd97e9a,500680320
c740655aea4eab7066446c42,398917568
3b6c37e7e6ff1c03ee4fe995,628000512
1b5d3ddc71634099fa1f04a8,487717248
1ad916edbe6fd38f40289a04,376919648
a1368aa4d3ae850bbfd90bca,644908480
0f728f676325ece6a001b4d5,504558432
0f98c4e431100aa87e6fa6af,764564416
91a08474a18644c43224c62b,453195072
185dd9366a6dd1e820880917,529453120
e364018f4d994cd15d4af374,641339328
77348acef84ef77f6a076268,596993280
7f8f506137780f4cf12e73b6,431203968
809082a38e6fc3faa66845b9,536727488
2072a783a44474cd0dd10d7d,487387424
b71905255273cbb0af1290a9,440955392
c7d5f021595b58c507f47d3b,837321152
65ba1feafecd7efdcf214ed2,883507968
72eb64cd02ad2a54b65083eb,738410880
35d79b2ac92083bc439124ac,445437056
2f7d36523df4a5eee3edbe05,626865216
b0d20a04106ebb87e2cdea37,643791808
43650eb8b70dfa256ca64979,679993920
311fa1bf3c405f9bed13b38a,385487584
d12dc721a59af021e8ac68e5,385487584
36f9a0ea831710344f468bba,385487584
1eacbf36422a54f1327fa291,385487584
9567966987eb1d3117677cc5,470147680
e5bc85e227ed7dabfccbd005,385487584
d1f39f86c82916524273bada,536664960
deeb837c2c6bcbd01930431d,467631104
57aa22792684debb8d4079dc,439409504
5b0530f544da162b9a8ff772,762691200
b7d66c5f1ad06dfcae5b33ff,450560160
bc353a421fc579770e432176,445898944
45ae1e929b0fc88718151191,468037888
b04449c499843cf46ccb695e,497533440
e4d89c9d33a0f2659df21185,546730368
b2a7a8ccbbec39b63e4cd028,664095040
3be69554b1cb31ed5732a836,627527680
de7f584df6103e8bf95f4a37,251710688
0f4de499e5bd2c57fcc75013,505437120
b4fd0aa09f993bbfb1fa8abf,460352928
88a83e58eaf136a82ab1fe37,645037248
379429ee3675d1adbf816cc5,519305024
c6084b85c8d95e0ededc25d1,740466176
8eae4346936f8c6c67be81ba,449827808
a13fc9e9b4e47340a5d53bcb,584967680
7b8a4d701066372dfbdffbec,529956736
a62a6094ffed3ea7a54fee73,490208000
bf0ad098fbccd3548d834ff1,460352928
0a231779f131c36d8e6910f4,664086272
51ba7338f5900d8ef12206fe,517266624
81b14dbf863114fdddb38579,619812800
adaa406ec9ac311e9f9c0bbe,378301472
4cb11f32806c0e07b4251984,401714528
3fee486268a1451a7b9fff7c,438005408
5666f3c36f0ce4eab2c39299,649167808
8a8dff62516671aee2250cb0,593815936
ee4fc6a146e888e993a4412a,676108928
5a16b30f4d580352710e92f1,569911168
424bb491c71e913e900db76f,727790656
100bdfc998bbde3d00548bdb,944863168
d793efed9a723e77ca8272f8,631878208
725c029b7c5807a4b0ba2bc9,891418560
b6d3345346f43dba053ceccc,952522048
888bc3c4ceaa108e048ad28d,623359616
267e000c89d3416e551462c2,787397824
0ab4a4b8adda35f634812221,895483136
823ed628bddea9b56792d108,627971136
a189bd7e4eecdd18ebc7d353,939833408
da16828139a19aa11bd94ffe,898913664
874102a58234cc7888902d42,755745088
789e5d19fa507823cc4c5296,699641728
174bcb77be3b7e408e61d7e1,615784640
31a1492e589f317a58a79df7,525371968
0825f2ca4baf5b34231ecfd2,916292544
ebc96ea800887a647422b8fe,622836864
969b956eb7769b6f509d3ee6,688370112
6ef9135481d8fc882a1a735f,571952192
5f501c4532ade3f412359a1c,764470016
c6d075772255b1efa52317ac,661350400
535bdffc5b79d62aa6179c48,891398592
e95653d504208e8da19fdd03,898913664
e4e529e778dbc89f854252f1,782100608
ec5866fcdb9afffad2d7f5c6,944624832
814694a725a50c306d774342,772554944
1cd6531d8539468cd5f4b315,490464288
0c3e734afaa6b7c370754082,569911168
f80eace37237614562f942aa,688250432
3aee70815bcf6effcf0e5fdf,891418560
ea21ddfa37d60737492509cf,618380416
67c78ce1b8a64f36ddf90cf6,631878208
fd2efcb61008dc9d11756381,945180736
f51658b9fea670bd943d6db7,888516224
b83b0a53ead29faf9dffc0fe,1005949312
c1329245f57c5d9019105382,892519936
98665b825fb3a06b914d39cf,1026920832
24e90a7d9a2bd0c30a4f661e,769502400
6e64677f8d730e1f9ca240d2,826546112
a742819d8e4cf8fdfda6e094,960984448
ed75d1c40109eeb51fd636f1,808255296
cfc2ab56604b4e3734d7cbbe,720323840
ed5622c308bfd10602e939ca,815151424
5f537d233678443192d22642,995294144
aaa79ce67339dc53b4f41dd2,1059475776
5f467c6c80023b0174823d85,808255296
46fcc0d53b263beae95b8eb9,874885760
2bd47c19e5d29a3157fb8465,1087305216
9c9c2f05352c92c02d080e96,1067813312
cf8fb8db6f74c236cad0cfcd,964914496
f42a53a05dc90e617e0e4c38,402540768
bd612d494e2f21051556ebe7,704888704
ed1c8ac25a3db5120c92525f,492070016
2c30c2736472590fe45277c3,459736896
bbe2c06e6f90c4234a7781ab,641913984
b527813993b7bf4a10c05683,503816128
2f610d2242d583654337d468,1082636544
dc25c9240c67effcf655b02d,626911488
c35f5ef73168d03cba1b1f4f,373552384
e88009be52bf5803ba3665d3,524318912
12a63d4fcb56c1d690e1bbb1,549426112
1d58ad85a82f7731e0f198dc,1021949056
a2fdc7da13d098cfeba13b76,493496288
1969ba34b72e61337246cb5b,472562912
8be43cd8653accbb8fe8a270,569503936
10092cf2f8afb3658ae475ac,726564736
0fd313e5a0f02df07eb6b104,354142112
9b5f013e795f5fa610d03238,359265056
b1ec4b8badc955f9f4fe2131,776144512
e491adef93281c097ab08dea,409788000
9a65fe451b30c59beb3d62ef,355024320
0d3245463127143a8a52014b,731681216
a0e3198470f97f6a169044b3,810715008
33e4901b6e72593513a02207,661808448
f45234a3f0aceb12341be024,709530560
a71d53ec4fd0d64f8c06da2c,912937216
f1b30c4ea99f19a81d12f73b,1069413184
a52e2c893f85b49e2499cbab,946597632
b2fd7ee866066f3ae0dfb3c0,742039296
5acc9d767e3117bed0fd8464,762066880
0449a82dd1667c8c564904f8,808493632
a0a8d63b5f43b87c0c7e1fb1,930099712
03de77e22e987fc3fed4eb78,750154496
3fed1dd17fcfbd2b86e73143,483011072
04fe204d03bd1c9876242ccd,775922176
32bdf33933c29b1cbf89539c,525371968
3f6c05c97778fbdc86304bf4,760782976
478e13e8c1cb5bc80f1080e0,630612992
3128a4896665d38feb72b456,762066880
fba6203abad5f4b3b721f29e,568459200
b25f461b3d48d833a73316a9,1059475776
1282e129e1a355b161621dd8,655154176
293320b55fad21ea3f4a5899,455376800
de2f5db1cd1024a9734871c3,336351456
200897b1f8bcd7c116a85306,455929952
7023f5a68e1ce9cfd23fd021,479873824
13faa4142e9d60412abb4184,373996224
d74d0241fe5222f5c5b67222,665706496
0e51111c47813a0b0dd51b64,634083648
25e3793214088669aaaa4ca5,874082304
43d7b77a99e86e8bd21a19ff,1050155072
38b87cf007043b76670207d8,874311936
8fedbf13ebb7cd3475fa3074,938690880
4be510fa977b93e34a789f26,519305024
8f165174bc07c28f9fddeee3,515201792
7ff6f389e364e67c4238df8a,335120288
2c91099736f3158f7f09778f,462747168
7bb1bc81e6eb3b4390440165,546324288
74e43ea3081841278c76cda6,335120288
9b948f070b94c18e00a857a7,533896064
99340b6cf8f818392d501e9e,1081726080
b27088c3ccd93e7d8d5571c2,634158848
4b45cba0d601f29c2b7db97a,755030912
362212de783981c9ddb767bb,487278816
5aa78a2bc8ec5e2be315fbcc,1068400768
92fecc04105a999a622ba3cd,474786336
5098115b26f2473c812b70ed,794577536
e9860f6b4c3e6699e62f6c31,347885856
71273ae563da6bbc66aa87af,499858176
6c6e7af42a6ddf62b04c35fe,217809872
484922bbe02cb218ced0e779,492271168
76745c2648b66151008f6399,263859488
2100201e0851e80488371b67,534954048
5885faa4aac834118c5e4351,358505152
f340405bd7f2c4bf524c50d9,382666624
1951c1c8855fed5db8031e5c,577119616
7dd96ddad0fa88f5c5978e39,499420640
db7535339826028d0fb3355a,319260256
4317746d5b88142780e6897c,683117312
5796e37eb1a995db5cc06eea,479403232
817915cc3582112fb5541a49,552188800
ba524c4e2f13109ce814ea38,594861824
c2439ab65fe194d1d60eaa07,524080640
92e4dcc5911b42e7f70311d7,492680288
6bf86a580c8b510b7447071a,483906592
975482a692bb98df98b2f243,449827808
336888717766096b24215b26,533235200
ad79f4fa23a28cc84487517a,631793216
d925c1d4dcb68990c7204b33,683117312
f4658aee77fa0e35a71da7f1,555030656
210d58091ea74bb902915250,535889856
186d4731b3af01bbe4d08b23,523224064
b760fde2d4df27a168ce0e80,675577728
2e653d2567a47067df169d97,806025792
8b63358f3cdf8df0eb1f43e2,654384384
c09d691e4c7d7b8c8f6a8370,631107264
4502e2809bb5bd47b2781212,609164672
d03101c7f823dd7d17e49a83,730627200
f5dbd7dcf63b08f711561e58,738401792
9855712ed7be7e865656de13,836826368
5a6397b85f45fba27dd9311f,850375552
4d1b0315b5aaf21bac150d96,510674176
32c7a2d032ee21f8bbc6eccf,474760416
beae197df95b84881128790d,418570432
0cf7a6d43221664a060ef681,723900992
c431fd6dbad57351a497fae8,491895520
b1f8fdc8e3e25517ab80c065,304714912
7b346d5a5f5ec7165d1f8644,304714912
947ba86487536d611f548142,1097192192
8398ba3b03595704b5897704,546730368
3f895518a7fccca44e534578,409788000
232e859fc353dbff75c97cf8,709530560
b234ef225690d57e7c2af4c0,810715008
393e2e7ea1f20eb6b4148d60,583156800
668db5244c4d5b5c76b0b395,917925504
646de9441934226c2ffeff77,762066880
de53880a3299626eb6c2cdf9,1069413184
07f10df13b244dc33b464582,803073408
e4aa393309860fd5e30f49d9,1082636544
8c714badfcdef8ccc73df9cb,1100449152
0f8ded86be8d3543a5069b6f,372036352
3e9d73530ff24d3f4a543091,481192608
076ceb408227ab2563a663d0,301946400
e0ae474a5307ef4057da4994,402757632
d41fc79d800458b1691bbb87,528208864
dc8262e1493ed593103acfa6,619063168
bd6c24498bf413b6c5adf81a,445151360
885c77c839d705ca7d04d383,505198816
b8896656cf6f5dd7c33ae46c,635160448
34a9e3ca94ac06347d879942,793526464
ca3b5cd3505049f1471c47e8,540931008
8c05c66be6008af7f6dcc10b,913312320
565fb93190cd34ac8b01f01b,913312320
6c8119e00b901efd2dd40f0b,651060800
34c92caf68dd0cec9fc383ef,663662144
68939c438c34e79a317a4f3b,643877248
dfaba547699e319462abfd6d,605213184
dd1d2e305d37d9dde55393b0,724516864
c32df77def9978a84f8ba7f1,946597632
62103a85a8ddcfbf5e40e284,731681216
93bcdd2a8ee1d5b61d00d58a,917925504
9700892d7133ff2c0d1763e7,850096128
fca6d7455056792cd61e2ddf,460765952
4e84c5953b493be7ca96103a,765353600
42fc4101da60fdb41f41f0a4,760540928
12d40725335f83e2fb9b937a,799518720
2b9681901b216f2174af0089,648589440
9ab74e81283becc00a779172,395250976
8f378dc1215f9213f187c02c,547505024
4a3a6698b5490216e8f8e6f5,971942912
0dd795526c080e8efdf8eb0e,534704928
3e7217f628a1d0fc9bc47071,490464288
157195fb2358bf2d5051c439,571952192
37063e689732880621e4e733,861257408
3bc68bc2d6a2b81f9e3b9a50,496481600
ce21f368495d385fbd98de73,680864832
1a6af7fd6a5b0602052c4c27,623094720
e38259adbfd953bf085a69b6,274513216
0cb6801c9b57e874102ca349,562965440
79f1a5bc0be914956d632658,764564416
f571f85be35a72b2ac358d27,373206816
163bec92a997aa8263f5a909,629102784
9ce3000cd80aeec2c5188e8e,459220608
6a6178c4cae2e92a08b0dd0d,524318912
d52cd6eee468311666218625,871939328
8eccd2a6352c33d8c7abcea7,475663712
53d3e32b1dc782308e352a33,758956416
be26f0523e5cb13846539384,655919168
ad7739088e8febc68abb42e5,582820736
add4f9dd26fa34829aa25eaf,808493632
17005d6ec889a947397ab980,427639968
3fb3a581a9a74146dcf9b71f,490493696
51c4a8b438bb0d97f712af31,364806144
0aa1332c56bf357f492da2c0,410189088
6cc06c89c226a062fc46795a,451593568
682b38de3539b2a584446922,235382672
1cfe9cba4c2015e7b58f05a0,522292192
17d34f9cb105ca5010191142,631216768
1fc0faf46f3b533f2cae2c06,1049105024
12f9e1f78c630defe302f781,768515072
87bd6ee6f17d2bd5b61b0ddf,1133712640
fd4ce3ddaf79d1b97043ce0b,1063702080
97aacb0847561f45a5540f21,676061056
a6dac56445613d70e49647e5,881010688
8b1acd29eb268fd684036180,615673408
656c13ca7a1974df58e1b826,964914496
56f72c2d672b7bc3c264f7fd,619812800
3771c66b9ecd6db0b201d4c4,437497344
45e2395bee937c187e3486e2,631117952
7c6880b05c212c66b8961b71,546730368
e0ae8d2a51c771aef5f245e9,561357760
3573093e56e95a982a41879c,724432704
0920b2df9df4f0e509a7efb5,429032960
43600371d44fbbc81f6b6fa3,431396704
2684f67bcc89c8a5b95e5592,520094688
ca463fbe3e5cacc152aa70a6,437497344
0935e87627068206f6d9c0c4,685065280
10afe23f1f58f96422c97934,489982816
f3c8cf1fbbd6cced1fba0930,592578944
abfda926d174a8da1d946e27,391946272
fc9fb2f209a4b5e66f89712b,583156800
15d10635d71919d0c9663fde,510151616
79733fdf8881b0d25412abcd,671812544
7254c91fc9b51e76c6fd2a99,697683584
b732021729ecf88d6297b48c,671534656
edf4e11d1f1aa6f8080c3156,859761152
0706ce398b2bd64913e68d39,765282176
ea4a797b3d73d1b2cba9d651,858642304
6c598362e322971968739673,425511424
130a119701171ed3c439c527,495040448
849c918d78991c57f32f2031,642859904
036fc9e01b2b1e3ef4574372,650973696
e4ee1a81aa121aa5f55e20f3,831571968
de926223fe4296d96466c685,1005277504
340ae520163a220061bd7f28,482608512
11e36a3effeb0119b8bded5b,525371968
2492a7a74edb57f784f6361c,508067936
1900e7808046a5fe89d8e440,723866176
fba35c04cfb7b6db50cbb57b,629863040
daff79365fd94d1d3a2bbbd3,374632672
51230c899cea0054bb74cc44,458157120
5e04875f99a5e4476c0b4186,583349952
542db19bc6b9a1366715dd7e,527077120
a117f625c794b7d52ec67cd4,645113216
4c59acda820b7b75823fa277,528094560
f040a167241599987e7b0967,541446656
4a016eba4744dd01954f137f,397017696
0d995f0ad226dd21bc96ff6b,497677536
3d44c742b1aa4c022a968ea2,389770752
e47aa2541fb576b9915fd625,382904960
61fe9ea90c8a777971db8384,518090688
4a611bd82c9216a3771ca7b6,800167808
0cc5caa9b48a835c92da7653,808394304
9a7f24ba55c92696d377bcb8,791674752
32366fe92222b329e3d03b29,691574336
aa26461420614755c2a52db2,652998528
53a447ad5e011909080c0ecb,1082636544
9d790c8c474c9de2afeb00a2,236640336
dbf200ef5f1e15211e2fc6d3,523759072
b96c9e2591a4cdf9c4e0c09d,610867968
78eb6f51d94a61a967da24f4,643877248
fb338e93dda9159476b8382c,667584512
72536bfda19f78d370d95f26,689226816
7c581e2b9daf20131803eed3,724549824
50cb0ad562ab5ef4e06f84ed,535001056
a24901956dac4ee0e4b0c91f,622710720
c1b386f478152f9be1f546ea,339027136
1f34129d15f992a3b62d4b21,474118400
299117d35bcdd48afa4c2eb0,767658112
4ff6c53c0bcfd1d24bac7ad5,652998528
2e52008bd11000eb776bd80a,1164380032
56b78bb57b2d1f064c47891f,382666624
ef64a8989a6444cc529dd1cb,514675680
078f7c6532204fe046b13d14,879465600
28c0649dd8b294574a876e95,770200768
6b9b9d28723c7ad176a9306e,779729344
a640228932682c0c04538ac3,766135168
b19efe9cbc26d61daff5ae90,526603904
dc69d70e4d2713fcdfd93dd9,711346816
358e85ba765ddde3ac31be33,354142112
5e6b2661bb7ba0ce4776d483,402757632
0b6dcb5c1952dcea931e2c20,632807680
cde84d2435eb1d0d4ffe2a43,583156800
bac550d41b2cbdc6a110ec7c,474786336
78fbb49efe7dc0d8e144ad83,636668864
606affed5c707249158c4b49,661247744
d44778d36fc789f8b8c745b4,352606208
27ee3504d1df34ee8ae5dbb2,880863808
60bae7a45a084f117eda823d,725814144
98aee6a36f208227a992f9b6,690803648
388a6dbda422f886e503e685,1082636544
2869a2d2689af65497775b1a,918163840
19993833220392781bc15279,840536192
f0efda3f7fb18af1b44d6aa5,731681216
cb915d1ef92dff803c5cceae,1087305216
4bf02d040efe5358d4a5940a,859510656
1382140d8fb634851d4d210e,1010014656
b8ea07763f2e1a3d635eb23c,471982848
8ec00d454698c119085cbee7,225692496
30d5185ca2ac2fcda2bcb79c,257224752
d0ea7bcd8cef8588ca50c778,318011104
fe6c19c6f54606a611d412c8,455972896
f22ae3d17c92427f5227cbf7,365358624
92b3b7d8dac6b2f6d5fcfd9a,346752896
8c44d216517f5c59e2611aac,362347488
b85fa4bc59149a7a25447537,434087712
99f10097f39b32a478877340,408402496
44f8d5ab70828e06198579f3,913312320
1f674965c913f9fe282d07cd,509124608
60e768892afb284b0e5042bb,588439488
8a6d013451e46411d35c2b6a,517266624
6f953b9964d60f6a74c81226,540325696
05076b448cfbf9dede72904a,752770048
47051c25acf866250b5d3ec4,651796544
0952c73b02dd5432aebdf2c1,607228352
cc3ef2f4fd5568aea96c257e,735581952
834fe4a1e9e4efeefb5aba08,455494016
104cd052884247b14d697673,619812800
8bf61f106e60d6be03799de7,928078080
c13e387f56342f88c993f0a2,772540608
ae664789baac0c47d13c3c19,627132160
ecd1e3003c5d74a3c7cbdb11,788316800
561cf254aba002fdef8258ff,726883840
98799228c26c9e4899bed65e,585527552
03025756be203027ab75aaae,594252800
8997555e7bea06f7b90ce821,523997376
e91a3f962129068a3a76d209,608300032
4bd0a354d75759510ab6bb46,743520768
f6c1705a83c039f7a7d46255,734419776
0c4afcff5f5a90cb79807682,665128128
d3222a7545e302bf10894658,482608512
03463535ae93b8b123eaba8b,555381888
360e5cc9ee1282e5a6ea17dc,617426368
07f24808e42c9e11a7c20232,488166880
b80d0456fba49a40fd774e5d,692272512
f865411c20924c43a080794a,589852032
c578eb2dffe903475aecbffa,479403232
d639498fabe1db1236656593,700909184
e6e3bcae6ba114caf108049f,393287232
7dd9760286606c45e6a15926,755038080
2c5f07a9402cc93f4c683759,504653184
e3295e732bcf306a2d338387,553198848
240ccc45a242f80f817b04d9,586347136
a7ff59863f8719590146e71c,661794624
e6477c2014ad081d22f12b9d,473437664
807687fdb46614d9aa139b20,473437664
317d8f9d18599b346639a4d1,330293120
b85acd44e18ab485d3ac543e,495373536
e61476e47d7e7be706d23fee,616445568
270a97e07eec2be02cd89a86,591091136
4c9dc4494a3428435457f575,473992160
26e58d0b13e7f7f5a54585d2,763947136
166e1e60acca831bfad07736,663787136
aa25d9f8737f142b8cfa970b,761914944
44cdcca08e1e66a1496fac6a,625863744
d75b7730e8c291ed41d7caf1,605326912
6d1534800bf0ce97197efb6f,458963008
8b13054b3318289aac1f13db,474900000
c6cb6ccd3f5876c9b9e29685,463667392
0356797c1683d002bcd94899,914030144
558cb38bcb8de04588bdfa30,521294752
0685f2225b939147c8482e6f,474118400
cf1ba56710023ede80a8381e,840292672
2d4bd56e71f90e6fb387a2b4,1177994368
b96b8e1d636f0c10c63e5c6e,756702016
534be635a841fe21c7a702f2,550071424
dd5b4eb5d20b8b9c813ba52b,433483392
46941e09b153ec19f86c0c2a,923429760
9f06ad3793ede2ba7f39de43,727004288
b3df8c66475021fc04f107a6,522049024
468df200fa490e667bfaa31d,677960896
8130ab67c5e0d96a9a67fb12,690868928
f7ea437311c0d217b0d572b2,478690176
ca0b59b35225b44447967ef8,428691808
90961073d9887bc1023315a0,336472352
a1421c30fb33a249bcd54394,284959776
c87d9677bed80b0fe06308b7,431950784
d331a4d58875a393080fdc48,365250464
2f3281ef06475d2114fbf9a7,250453056
487ede1f7f155194b69c531a,434574592
04308f869d7c992ed3ea646a,532820384
912471caea3c71e3f9f70877,656097856
1baabd705f72393167dba5c8,408640800
aa4c66791884ea2a8357924a,505564096
1ce08c19161bd0545eef8a16,762691200
01eb0a2c1033c30830161321,619945856
b2759de47d28e8cc05c94e36,449167840
bcdea05b890394a10d24601c,489910400
db9f66f68aa772fe29e37edc,187629712
bd094081331ab259b1076261,507499200
81e7c8c1894e0c3a9315ff27,464788000
7cc9cdd32c209a62908a18ad,391867072
1e18024ab7d931bc7ab5873f,785039616
baa146a6537e8630180fdd35,751046464
8b788f742021f2438ffbf528,345996768
66d41314804d77ea0f440695,642426112
72dec1e6e65f6117e10a2473,422825856
4066da904062a0041a809b02,405273536
b7570bfc5ddc7caaf610908d,391867072
f6c6eb3fac9658c4951c4222,391867072
5fe25ab9cf4ea071cd6287dd,250453056
0ef36d33e6c378c946b8a65e,391867072
991a94dd1e99de493672da14,391867072
798d87a368f073efafead25b,391867072
9e8cbeb53820394a460f0879,391867072
7b5582907bf47bb9e873a513,656279936
0f21ea53a480e4363b8d7aa9,680411840
ee667413d1cc49427ad448f9,627300480
12bb70a95996dc6e286086ed,469304928
9e9e3655ffa5921889cd8ae1,891378368
f2bfe55b6188070fc5c3f59e,973989696
1f00fb18ad48b32c666fd319,532922720
86f15ce6ea8e97837e6b9383,450818496
7002d00c9acf8b8a4a5865b6,894670656
3e85deb0237521f1a7a8fa84,769502400
1bf77cd1c4037f4d2ed28036,769392448
ce8e1e2e4a79fa55a8547457,1070459584
73a8efbc036911954c07b91c,720323840
9a2051367d6dcbd90a4d60e0,868416256
3804d5b313b742228ef0f1d8,1005949312
fd7b741b96080ca5b964cac4,879848192
c4cf9ab3776289a412684892,703132352
1c51566c7dedd4a46503131d,961754816
62259b400be228a30a655a59,946227392
e5092b4a94f1c231a0c47680,1087305216
6f435cb10e5728ef45be9f29,1099155328
04a071d777e60627223e28d4,404144704
1117078fa37ed101e9120923,653174400
d56fda10944b088d9cbe1162,336472352
e01c49250329331a442615d6,337027264
30ab0bbf876dfa515b266c9f,438720288
6aaefcb58913bb3f49954b2d,586187968
629a6122db92e378f0eab96e,622836864
a8549fa4bb56a2bcc0e15b11,404144704
34291b30d129222905ffdaba,627527680
cd5658fc146ae4b5d78fb565,523206720
ce14bec246191176c16c4e27,681668288
46529f0455fd35b2f4a489d0,491560064
52b3823c59546a6ff3de4d09,404144704
959b7ea50d93bf1c36e35005,910122816
5c6edbdf110bca5a66a51585,404144704
d4f6cc3cc6e923cd37d0fbb7,472703680
2865962bdff8929888a51341,593815936
105bcd15e02d39f70ec2ecb7,460289152
b2357bf117ecb5b9082871ca,404144704
273cb73a7bdec0d291e845f1,336472352
1f4cd62152d4940990ac6a9d,413730688
a13ff325f90eb49363f59052,692109120
40871d7ade3e592560d0b3e3,519305024
ad2081cd75928b8f5e506944,1075294208
1508ebe40f90f90a68f6dd69,336472352
d3cda82d1fa53a7ca1b46a33,744757120
dc20d46be2470d85ad9e7e45,360095520
0a7fb26822c2ca556f62a257,523206720
40a1cefb3cbb7e2972e30d97,438344320
4c3a2b3e3d5999f747ae0d53,942248576
a8870552db951bc4e76e7f9a,413116288
cc48e66185c23195cf958612,764679744
09d4b5b5c2f97ff88215708d,503791552
a59320023948e2d915c07306,473434272
a74214a0d4d40b898ee2be88,493538720
dd9f28d722d43112651786e6,350478112
275360e29bf3309e09ec41d9,388567520
1e21ee2ab4ef88194cc85166,505325760
268c1e17bc17dd646d1885cb,362730560
33e22ea4154e8f71062dba8b,490651904
5b5db88fa09ecd8f4b9cef6a,443596960
c41dfc0b917edb6e6ef7b1c8,433036672
3ba6b07e752fa580f630eb8f,867197376
fa6db64bd7cd8b0f1c0e2453,847826752
2422ffac7337b402339dc550,787521216
dd6d47e2626e2bf24f842f21,649167808
bb433dc1bd769d684d8b3352,963554688
812ad0d57e4291da184bfae5,464788000
51a0a1a680770b625579e25b,1082636544
a91fd5b9b1a791a6af59b70d,759242816
094da6ca19427f1a943105f6,933191168
7af0a604d1901925aa179436,763865216
890df90091e14d1c3a1b30e8,436857248
aac17b54a68bd216e2bd1d45,388309504
fce26c7fbf0bc93937ea5198,605154944
b4245f075bc41aa29b55d324,653374528
bb70d80b0c6ad3022160c8af,377544352
ac85c8f7605ceff58dcb55cb,555185280
520415ebcdd1a4059d18e2fc,751018240
81547b223494084af3e15bf3,558777984
a0f1496a0b4a7cd8b850f010,769796608
436fd4dce2ff0f71232f4b6c,585149888
3923f0e655615aa6b52721b8,747896768
afe03b938be9cf14e98d4a0b,250214736
0f1c472b94feffc41f1caa44,476188096
5b76ae185e6b41243777cb4a,415130208
d70b133f81d6f1c9d93e2ed5,421184096
865459f5342a0102d255fa07,492112576
fea5eb95dfad452d6786b042,219161904
415622d0f7adb1a9f7009a63,423649664
543edc342ad39b149501aaeb,430198912
89e1d01cb5bfdf567faca443,499103136
e86b99e5dac8ed0d8296e950,370718848
2c85b19f02bb3768c10d14fc,647312576
c17a3139c360750a6de5950a,459628384
cf76e6077d47a14abaf0cfb3,522618368
82ad4b3d5a215f17e745d77e,678017024
dbb4260c89524c78de7433be,495511488
5b312ebdf71ab7971f9fd2d6,635131264
b3413352f0280412f53562e0,476601280
28fc5f188c5e11717cdb4a98,462875584
c4d7a906b747428aabd368cf,456518688
a4dec2ce375ab5e4bffa5966,460027808
546d570784c7ab8746bba80e,512747904
cca9a08bc4a91f317b851f11,878709440
bf43226ba66a3e2033d32fe0,551227008
c2717194de73e1a1d8dce40f,467997888
acfc06021a7a81313d85f62b,362757152
2d531a26f8b1a8afa511e3dd,468050368
4a8acae29064919c68fc8600,493337216
691b030abfe1190802349715,386766240
a302ef23e1d0d6a273274cd0,469339520
a742f415d6c57e8493762c57,667732032
4672d1c9c3b04fcc87a0ae9b,741052224
371a0ee537001f7a9d58465a,745184704
ca5eecb01282d4a84017bd50,745184704
40eefaf8c26b8b4736308bf7,756702016
a7ff08f7e09b19c1546453fa,510303456
07a6da2c9c4833ee4cbe8625,586945536
b2d32589626abfc81e44cf70,743932032
aeb68eb7eecc4aecd5529717,805656448
3c0b438c7a4fcbfaff9f678e,656818112
c37b357d57918c3a651a5760,756702016
b65c0544e9deed76615a3138,687502720
3a8b7b9048c82797fb01a8a1,664389120
7549cbd5c8003204c85ce1a5,580846336
21b4c1ad11bb1feac4d02308,796491968
b972611aaf1b68340de16545,603039104
eb3356f3856526dc140be7f4,500978208
93ba409ab36d3e10eaae18c1,647992576
5717732a654405ba208c0f5f,1051477952
aebb556fa6c9275a9b5c543c,1075606912
fc72e535900c592d6053b806,650380672
04d77c8ade9a55fddd28b00c,646473600
028adaf559a05c8882893767,605067648
95781f187bd3fffa3d1b19f5,445556544
cc2c78d41e3fe29de0b4ec4c,600014016
f78886545677e19e472fd0c4,503749056
3dcdbb92628e6a200adf48e8,962902656
4993d1487d78cd9ae2c23619,1048845824
a8a2c61f2b994411af5d9bde,564128576
57fd11f829e31e198326ac98,873713088
59b9a5730cc8a41bb7a1d16a,928461120
85b8a65f1b00f78e67622bfb,617538432
971c610e55f133a1d1e6c2b2,971027072
0f9867abe3ea0b9c5363982c,902056704
086521dbe18727963538aa7b,891412800
bda3c74ea6f73407a3c0a17e,584383872
257c765ac81bcf773473039b,611985728
80d2415c0460088d69574285,921010304
1554f8aa4c8fbe17e9e82d0e,591084416
00f6a62599f25ac506113149,695975232
ae26e4726c16cb2f6a6d3f2e,705459584
8018df1613094a9e4606c875,793289408
eae4a1cce7c039c644f01c6a,812826176
b07cd6c30350efc5de211a8e,959460096
5a2624a08494481388f6daff,657874688
b8eb177e22c63e84738e7788,631052160
ca02c904cf5eb96ad20705ca,536664960
8e6dfdcc28f830f2696de9cf,825114432
99fdac6a2ddb1136f7117f0a,471919072
22e9f1b4b5e887cb5f0dbfd1,335387552
d89f812c7edfeb3121bf639a,364356032
19957244dabc3f727733527d,476755072
ad1322132f3b533b4aced580,423266112
40c2ea5f89f5b77cc09d1455,386033920
140c4de69883df9f3fb3a538,409314144
5529091bcc05ba5cb2156b15,322445184
55c5e58ec636586755df3dee,554162816
6049fb02c166ec9b4471a7c6,611843968
758b4df32244a51b2271a891,419314496
2ed1ae5e6fa77e447af230fb,565075840
527a1c27e038e45d2d1fcd9f,475652416
1d0c3ba50087cf01637de6c0,527361088
d0804da971548399183ecb85,913312320
46a7d0f520dd1e78c0cbce0f,913312320
57e5120d0b71ec6a67746a59,542544512
b5292c1e1683d40be46bc2de,502402752
01e9c7531cf3c63c04b9189f,535889856
06e91b526821a6ad1372fc44,439204160
34bca71dc9c74a2072f11e9f,704790656
22385ae2b3e7640e8c40411b,534560288
6e4adafdd872a2837921276f,560702528
8cd3031963c612efd0049f8d,581600448
43b2fb09efd1593a94b61b4c,667154368
74448f56811e9562536eff6d,907159424
44f0e088fee626993778e7fb,748510784
6e6f7fa167c0f617f50c86cb,742675776
83da5fb4c15e3daf727a3cc6,701020416
b45c8a6224ae2656b4189526,704834816
0d926a0b5ef567c627a7eb0a,1090142080
c73a1177d787a5ed72b8a9a7,477891424
75c1083db5c940e626c02f53,353887552
b925c9218f5132c6c81f3a18,410424160
9a091c59b3cb4c730372b34b,366248544
bcc704b2e178dd20497e073e,354142112
6f65de020f663622146b89aa,532810848
9f3680d00c86707fba024dac,610999040
18d5cc463455fdb4d443a6f2,493377888
f1d76d78f9266d9552bb86f2,445394336
74dbd25d407e51337f883659,930116864
88ff73eb829a6ec5bfcc0222,861002432
ed5559fbfaba86299e87ed89,889023168
5d97aad3e83e26b551c3399a,714963648
2258ec00dec6a2b85f439135,714963648
6c94fd185169e708a08d3535,268642752
ddaa88a11432ca21d3eca774,421716192
2749b5cfd2728ebdf124a0a3,388039136
a7546a6c6194506dffd65360,712245760
6de7bfc5e8149ebc40ec0e4b,473434272
6f83f14861e13af92a2b8cf9,451264160
d71d0c8357f09fe2f77bedde,548329152
90b28f5125a0b8a0e3b10580,641913984
940e08f8fc66ac29f6d76687,752573824
41d2864e1f73e29f222c61e0,635864000
f7399e57df358ae7adc9e08f,590454656
1679719f26e7c650f24eee6d,503816128
0803ef3270948a30b3fee2f0,579968384
4a3defc2b7d2cd751c9c970e,744820864
8bd2490f83568ba653cb74f6,949278784
b4ffd0a2cdcadfb962578199,802131840
7e5064603267b61520d8f83b,267226816
88964e1202647db0519a8a00,443899200
f3d94d0616744b87ff139533,393363008
60704a08df293592e4cb5719,494238944
347d5081f7bd36c8edc1f352,629225408
41d3afc1118758b5314db48e,666291072
80a1dc97797c41b61f46ec6a,643048704
c0ff8812c1e8eeab07c698a1,438204224
a9a4a765b1daec2f3ed59a80,518180288
33258f995a375ca192ca4d3c,663548800
80b6c823bad5b4c0fff46657,886837568
719055eed27f361071cb9eca,931604160
9a354d8c526efc5bcce59dca,711585152
9850d970fe9fd9bae89f09ad,732808832
f2c87b07466aad7328b7e0b0,789882688
27ca0c2320c520342717355d,490844832
e958bd2b19db118c31f893cd,490844832
46dcddfc78444011abd29870,513295360
061d3fd39da1b4b1397054c1,583608320
3d1a8884a9687e53e5fb0bb7,739270592
1c0236d4bc291372483a9151,559314496
c1420f278d45b85c56f415fa,752812160
ce6fc507df0105c68c29214c,419787872
e4f26a73bad4e41c375dd897,853285376
719190aff81379902beb6497,737741760
da627dae6941b59d1eb98e35,493139584
2189d3297ea703e50ec34d96,684941120
c7205874bee601a7b01a0cd3,538610048
a22bc19d0d83b13a53630b7b,477073856
8acebaa9fd7e917d7e3b391b,395075232
4e104916ab915cf3c0bef846,641975808
b0df95e9fc94d9aeebc960df,594094272
ab419cd48b81038c5a30c721,461697504
5b9bae6f556700e099fedf08,391821216
989360149d9cc6088391db4d,666916032
bad7560aac04600e1ec1a9ce,517155520
08d9f04bc4ebdc74e9d80b16,677080000
f4311c45516bafcfe8864c70,638371456
c84e1db639ee43ad83f930c3,382666624
f778fa43c92344cfbd700432,495511488
2019bd32dbd09fa285a388f7,616445568
4db834146c4e73b515d510ce,421418432
9f9f2548425519863e2cd6b6,433412032
6c3bb7e1696df587990161b1,437998720
82f08aadf1eeaf2058b50592,418328128
753e74e4dbefeccf3e6b27fb,418328128
a26149f589edb9a903782a3f,521854656
bd264728a0464376e22b6bee,505437120
2d5564a502635dce2d46ef8e,779016448
05bcc7d7db8d352216a4af59,823095744
4794d9994512f01a4bbb6c48,634238464
64a4528640fe492865ebc0dd,672862016
f655ec98cd42b0bf2d7cfbfe,516176000
b09de5f1e028d4fafeb8a22b,627971136
4c79f17573007a39bb2b4b7b,747613184
824894236c20b081af2c9868,795507072
107e76f0c913e19217662faf,876719296
d5e2bbb69ba3876b93af2d3c,911444352
a2905faba4c1177603e6cd5b,868581760
d13e3d432783206eecb0e192,863622976
6fecee4b1e5f50c0b27dbba4,982428864
57891292fbd530872cbe68b2,878783232
d0d6a1b5c60ad420ebf2ab8f,857078400
711736da4f0e8282fc8c9e69,857973632
f32a3b542efba398907ec912,506637056
299a94a02e887c6ab1de59c7,408080224
ad844bdb1150508a4c6d57b8,691597440
78c17e6ceb87f7587364c873,390378464
22e8713e2051c88cdafe2364,462498720
79c5085c14068e492e402a26,983668352
205e9d987013859f391b27b5,956667264
36aa7d0cbfe40adf3c86a134,623778688
d54d787189cc8f014ae58aaa,562473600
fe2f1459eb0a380dc31e3a4e,527358688
ad663952ff2ba1953efdc460,467051840
b7320c35e90f33fbb1c28813,550071424
8f90134b8e68948cb18fced1,480498656
2dfeb06300828182d4109c43,510303456
3f5a0cbba1433e9b6588dd73,401554400
f952c40e24c9df4ab2d62017,690868928
462c7546b358b00e617ce012,603462144
e0df3391aeb8d3f4b00f418b,391867072
1e48878318d35476c3e87520,494942272
e3903705d5a48c6d9f828ab9,472075424
9e590ad7d22105456bebc767,580184576
d0fe3d393eee5c0cea5bb6e2,486148160
57b3791f2c5acffb0097f7c4,514334752
e11f9a5cf9d6ab0ffddd6096,689226816
9a3920f803b087c29b487cec,758405312
6cc0fe8ddc318f1bbad360c5,721662400
3e0c656b64d39ab38201a112,248550832
cd55abdb54bd56d54b11fad2,721662400
7cd39eb8de56700519d8f287,551418432
d762007a4ea5de370738e875,522292192
f4fc67d9b9c6078003f9af35,763851904
dc0a4632d7378c25be351760,788003008
530a3bae5a13291c69bb8474,467966240
32b678be83da2a07b37f3012,543751360
349768047d470d2fa6ff1930,917925504
e017c3311e2fdeb50a686547,934930496
bd0329ddd50f2dc4dafebd26,921938880
f6252e878aef5f8a641c3d6e,436421344
45ae8ffacfd00fb4a4f53d0f,979324352
d186e369ed884150e71906da,1083673472
7b9e6b7eb3a5db0443193fbd,714963648
1ddeeae13139b7c9ada353a3,426323424
a1ae6f9f5d02548c89b23904,649167808
dc298d37c5235e15b4cd68a3,451197792
f640753edfd8fb1a995f1de1,281521056
69a1f439de0f06e1143a0006,520276992
98f253233bfcd16533e2a448,919860096
ece6f8c652d4227370ef0fcf,976170368
599506739a6544839bd97b81,688061952
a12f49f4ac3c5bb0dc7d8d20,511435136
9da00f8ff8e19d26c1342274,725900288
cf5213877dfb4df98f0dc10f,479339456
84c7006b5a63add890a224e8,601378176
88aed38ca59c09e1a6202672,641511680
e6bda9370c80a5f7e5cb6b07,547930880
3b54ab53b6e3453e333a0939,377466016
e72ff7414cceec6b162df345,450735008
f2d4c1faeb7694370bc65ec2,503018944
e1ffd027cce28c44c0d2f80c,533360224
5c5039602efa36222e64108a,486750976
b50f2c871166ee1009416be6,661218432
5e7e36116dbc08932f5fcbf0,565374336
325ce336d3df17a078db5166,565091968
a26e967b288a1eb6d8e71d46,335387552
139331d23d9e3c40cf083a7d,745635328
1704b2d5f4a33401fb153608,421168128
ee70354146295365bf241d9c,382904960
fbb0a76f05908c118f7a3df6,326798272
2aeb794adc9892354aff7240,621986880
b0a32581cbb586f9710dc3e2,827990592
ad7f3aae29fa1e7ec900b563,704888704
1695225258263bd2f463b21e,736670976
f72fb486fae49fc1de1fdcfd,888683712
6b8f7074aed7ae7e6cfbb090,939619712
619dab52b321ab297a604185,991021888
b5bb9af24f9de68e91a1df76,1082636544
ac3d21f51637207d3e031c2d,627971136
2aac28d03c2110d871b5f274,489356224
9ef498b11563827597c82947,524736960
4f2ca698ff03df0c6386e48f,656097856
606df4826416ea0f146ddf99,507372544
9ff08a6ca1c63480c563442c,908293184
ec27554aa1c62314f4d46fc8,452134208
762374e94f17a8783a66d598,505437120
83ca3a41ca4b5337107c197e,668741760
c166a9293fa27e910e1fa9c1,632452224
57f8a1e37c4ffb1b8cbd342a,630104768
393d99ca47315ae98fe9e7c8,1138882048
9bef4aacc63605f2b2b62292,534954048
a266efa4e41df357ac4edda4,874550272
adfdb0eda9aa97f0d3005c4d,631117952
f05aee3e433cb036653b4375,652002240
2dfd1808bb95170a088deac6,756702016
dadf0a00434e8ceefb3e26af,675820352
4336ff9b2dc1d97ac8f9694a,589843392
eb14a5813f860bb74740da2b,428536672
3d580d0df1bf9dd124c282c9,482608512
49bb5311607e4c7600caa03b,439409504
78a39ae05ac53535ba0fad2c,601574272
936e18fcf06ca3c46eda7c8c,529956736
23f12add67accdc9ed40f59f,459529472
eb1b9e15dcb88964f79e6a4a,445898944
e2b7f984616fff25e3dd6a3f,793526464
b8e2b98548a234a245d7935c,627132160
79382c56606e701e44d55033,850096128
983874e637a1a5782f31089f,473034848
3da9de8f610e5c40401a5b78,491905920
cd69a049dd8a3822e228ebaf,677795584
604f1b5149f770a8f370fc75,383348864
0d24fc1c5deb78eb1a0caa51,592865664
583af1118e60e46c347ec593,680091200
13b181b46359620191e6e4c1,440562528
50d8333064f0560cbe549f89,531451776
d9000c1afed253d05de7819b,292588384
792ac070d1a314f585f09987,360145920
3e874c25176a3abb336b31ac,486720800
419ce7158ed62eb6897cf09e,486849568
b6b87c05c4238be76d94da2b,404144704
980d809e549333b475477bf9,529729760
a7df3d344010d5bb7dc70bf0,447192864
3d474c6a88ceb86e00f68b3a,399735744
be4bdb73add69f12f7aa6d06,539077440
fa5234ddf23dd0d9cbd3cac2,452047936
91a08f81b621333ac58c3845,552810688
702aaf395bc78986a008d70a,477858976
86b0c9c1277e9143ee765b43,418626688
9c2c22e70cffe6836f554f24,360095520
31f56b841b122b35615bae2c,481697216
41227dc9c9948a5f0688e426,343802272
781989d4b732f961f91bc3e4,323728096
cfed0221146f4d83d641e1aa,571759936
8ec491780efb2c27df8dc08b,539432704
8a5866428508658b4a2a4cb4,406625600
156dc81d6e14a71716aebcab,573848384
c24be8293c8f4080562ec0fa,202388208
7fa11c05ed1c123c1a457b1f,485130368
a63c36f6e7e7ce7c7e7fe457,637329664
f9bca38d3e08176649504e74,531220032
3d389130627ca7bade643f47,545489856
70314b0bd995a4b03c771ae7,448155040
a3c3c9fc04cf2e2a051a12e6,202388208
4cbe75a162b076c4c454dfe9,252982672
0c62d4d501a426cc8fde0c36,677404096
533363375cf2cbc50d86773c,632360576
21d0f28d5f30a64352e60ac4,250453056
471b5135fced50f7cb4197e2,549915584
1c7586fd8a1a38bbda9c92cb,475668832
a0f28aaedd12f3d0eee8c6ea,357804992
8923182b6dcc9f2d8be1ab53,466903136
67f694b29bfa494bd9d9cf44,552057472
b721a5846527d5338322c9d6,345973440
ed09fe201c9ab02a91779dcd,502428672
f49045b312d12268eefedcba,444827840
22ae194316f34d482bdf404b,202388208
4f450ba5de4766e5ecb8a4a5,500872224
235a2209cde8f8b0276c845a,564829952
f563f0899884de7f9bdab405,518219424
5b462279f602c5b67ada82ee,548118720
fa4af69aa064a4306cb110d0,548878208
a70d32ccaa78ae9417aa7e4f,202388208
77c9e5e3a6d965ede708cda6,538696576
5637f3d3278ea049333afff4,265211520
1b1c220eb91c9448b520b76a,577590976
f4a6ec71ad7790df9578324f,393060000
217e1715fdd5db76ce93cfe2,373501984
2cfa1397c901b4e940d9f673,252982672
44672de0d6d9d0cb3b4ae938,342450208
1c50477e5b3a67f3d8fec62c,458963008
0a2a67e8b310471b115c60bf,425498624
06220a42e68510eccb4d790d,498665120
611a3e1d63c6ce5ff8779243,331353728
1284d7ed08122731aa7c0461,468927200
d44eebc871d1fa6981c32ccb,422770496
43272151f217feab78190393,501776352
6bff92260afd556a98d3e3a5,569334400
00586a92b53f4a8f9f6b3022,642240640
745e7f6a83b55196f231466f,968568000
9c558e10e5bbf230f16968f6,669112896
1b425a31cbb73b713f291e19,794387520
076ccba20dac8bfcf184b8a8,642729664
c8fd8b729f4ac6270aff9c9d,468652768
52f026e670e9851b08c70542,643031168
00304df33a3c9a7e396ddd3a,779906368
ee27eba49457286b5ab76172,694154176
97b57932e5e20416bad6919e,758956416
e570c5f58a20fda42bfb535b,713770496
79acb227b5ea365414982957,629863040
d24258de8d2ca10186660a1c,633619264
8a8c202c069c20696c2de85a,438953024
40f301afabee5be092ba20ad,718835712
afa842858299a6ebee166e31,639362432
7641dcf512a05ca754930bed,546966464
8c9b472c55d4b99e44041de5,596660288
88b98c026b7650192034535f,767136384
9bdb1bc52a9ddfe92e6a948b,684362752
4abef5720fd889512ecff70a,670956288
58b139bc16fa2731e4b76f28,501776352
9ad9ac8728cfc2387285c24f,522777024
75fd5603c4de9678627f81d9,909645248
9f4a25a5550f016ef2370229,893467968
d4f4d0ed36ac9affd71f302f,625955968
51bf7bc1c19fcd42e71f2463,637134464
49ce19caa1325233d0de331e,696086912
5aa1667bc8db26bac1c72f5f,794866624
b43b36ea4f81bbfd4dc4d781,653195136
2a623b33f3cc1f54620b5233,615641984
8745eefb9e2761ff7eef558f,935763200
0e49eaa5cde9375b1f026820,551762176
f5acbf43add5776430d8d4a9,631965056
ca50f7143937a99accef865f,891209984
0e1bc8ba1953ec8c28e53b9e,556712192
980bafcd065c8e3d6cece127,623695104
c81133d5a58d7e8eebb10c8c,935344768
09656004f0a7f544580958fb,921938304
edd342f84fc90478e344ea1f,548643136
76974826c758eec5c255c5da,687594048
63b09e45c1b7dca181491030,627399936
89952b237fda041b09f0efa1,688370112
219164e1d9b14cabb9bbb8ab,766589376
ac8aa244c21a9b86de4ed599,921938304
92ba222e2dd63a4453a30637,516176000
bfaf8b7796c8c57bb5997be7,679629248
dd5a565f854eaef90976c5fc,757826944
f8ccd21343b112d8f9e7123c,788247424
a90991f865ac81cdb3de201f,612122176
fc57fa9bbc16d1b8106c2c70,804917760
9ee3218bc61636cf0d7f8107,712948480
c00592c7c0c3a863a1bab9c3,622933248
f0aa18bf86a36daeb59946e8,742738944
e186499af986f1959f729b9b,610858880
18420ed4661539a2d72ff400,555927936
957731b9940c9131d92a22fa,932922368
9172caeeaf6498737fa0c6dd,790407744
c798ea36d2e4a8119723eae7,823608064
eb963f082209fc077aa72bc9,923051712
07b7ba964a8e30dc16d66443,894526656
7fe364ae771a7689d2fa5584,820286720
c59e06a2ed37fd750cf39976,1079006848
ce03d8ae43a426e074ed35f5,886532544
b76c45ccae25a06dd5fc432e,772847744
f855725acc115bbbf03bacec,862098048
b0b0db3bbe07839bc2b600fe,1005949312
cfc8dcf337e020b875ef1572,1037675648
390107256faa08574d7231d2,777412864
fb10f3b45e865b4626f65ddf,663855488
75f167e2273fbecb2c81ac0e,687284352
a7b15424d7c025d885636a72,808493632
f9c11e980254045d7478f273,971662784
e0b13f6dc213d05133252d15,863622976
c12f362b9060344ad044cfb7,892424256
f872f224d2af413cd104f24d,746381056
092045750c36a8945c526a12,473308448
5ef33cf17d4b45277edf35a1,506514976
fc64387d7c3c91a6e6e876ab,591091136
c1168159d4e2fffdd5662757,645410304
cb604e3a56cc847189462004,633951616
9e95710c61a4706e21cf70b3,525802720
ab37f67a3afa274e719ecbd8,645410304
970cb360eb64128037be7e23,595591488
e42fc32db529e088f15cec8b,867197376
8925028d6e7a6cfce9967779,511317824
759e76e38d84a4188dff5446,680322496
83a376df2024c4c9fbf2a0ca,408313120
a8bb80d99280e332084b3950,378212608
c16ab4a11cf67a39fec6f049,506841504
9cd1127b1bc10db6b8ce5d4b,1087305216
ddfa979b1d7cdea1d7dd0a86,194650352
d78f7a1592c0779093150ddc,548180032
97ce3e0ef38ad12f7fa8c4d0,410424160
5c789f2834a1a69aede6316c,302764320
c29ec380fc7295a9a770a74b,354142112
5987f6171a2bcb37062ccc94,694460160
1e91de6194769980800b4de8,784694080
0a0f206f04bfb10c137388d3,1027512192
34dd15023216e187daaf5a07,788003008
33d2d1db291a13affdc209bf,383880224
6fa5e5160d7c2bed824bc0d0,405035232
8c04aa7506b8c80c1bac23f5,789406336
e5d445e39104d9ee6b244822,631052160
2ca6b3016a89139ec7590f9a,783272576
e567e9e5862b13f0085505d4,528507488
edd1c4fdbef4e6beafbd39b8,267226816
039a9029c4341b1528ca6b46,414327808
fa1533051ea4145f7f710ed9,263859488
9c99a85c5dd878568582dd9f,504251296
9ec426691c80918203394ee1,437497344
66f58d9d1e1eb7e81cab24a2,631117952
0d0f8ce05ebe99dd3bb7b23b,532996928
6a65986cecddc5c47fbddb9e,533235200
a82fc744f537ddc6fbd16883,532820384
d4c40178c19d6cb2fcc88e48,475756768
4034cb3cb77e9cb39cc98fc5,434160832
41ae9d3d280d4eebe510606a,517266624
4aaf6763c105ddf2a6eddbfe,391867072
633a7038a23ffaf4b3f7896d,891418560
2a531aa9576c5f91891cc8a9,778861696
85d58cf85a179e167428ffa5,659335232
42f05e5d4862d653efda75c0,657983168
256a46a6d45d168169f63aab,516176000
4b0fba692104472b36c38c3d,628510976
253c85b226a15d0ec2fbbff4,713784832
b0bb2299d5f456f800993a11,588749504
47fe78f6299f757b231be10e,836788928
4d09ece928ffac7e7d270bd8,505754240
fc762d2d172737cabbdfcc75,625700032
2809252a96f47776d12021af,673591808
29eb473852b36dcfbda0c702,673591808
231c050bebe12f568ef92afc,367854560
acaf9e18bbc7295633d92e01,749896640
860435300909449c0443c10e,686235264
f967ad5e086f485c27f09990,861002432
678927546243e932b48d6058,1068400768
c537ea2620b8c3a3f013c0b9,1069933248
10037227b2a24d9a72ced322,728656576
1b4b3662ca18e731acc18928,1016274688
e6717956eeaadb3e95840256,1063406016
ccc4457f68fcc1a416e3acf3,631627136
94d91969cc4b9aa1e856d801,634142656
2cc821cd7b5fa82b27308f87,381250208
f05b3779581ac0015f29571f,559446528
dfe09a5f848e8e819c361ac9,394717632
ba87ed2a657b0b042a05460e,473269568
f967aa89a4440cc1c44bdc54,473593024
81fc8d666c8735e1095d0d4a,883664896
fd8b9540f1e9da778d566d25,487912960
70baafa9789d2fcf1bc212bb,644201792
4911f8879e5bc9c27ac13bb1,248550832
ce53f3477814fdea2889cd2c,584299392
62f022e19ce6608919eab5f9,333992864
55657bb933aa2ea3083e0b90,374086112
808dd470aed6064f02aa5103,281521056
39bc028f3b42d9ea48808ad0,380586656
c0c01ecbb9189d77098659b8,298056480
57c68d470f6248d00b6719e4,503816128
26c66cf2f43bea00e6387326,928078080
b5f0dfbd34392f6855bb4b52,554721088
25202264e18928158b89278b,788811648
e93abbb49b24717d3a0767e8,646132544
906e1f2e1bc5cd51a55b0266,641913984
eef1d35ffd08dd161a36a2d1,1026732160
35e0cac576415a4e61acec80,956667264
53ebe061b85f046ed12ee9c5,642295360
059d77736dc72013de7767f1,736168512
17d7986a62e0b066e4e5530e,381132640
8236c798dbffb3db51d5d744,263621216
587e67078115103d184970be,336472352
7569fb4aaa9a52d6a525e3b0,336472352
db122cadb7a9c33f420fe246,336472352
e852246b7661d30dd2e1f0ab,336472352
f04eb16931448e87aec205fd,472741696
90e858d3740d4aec0fa21c12,425193472
65647ca6e47eb2b9ba20058d,640000320
d0792d22549d1b3f63baf3ad,516482112
76c4045b5dad9a8226e9244a,619063168
fac4f0bee67523194fd4312f,505437120
ba89ed56d156579ce288dbcc,477932160
adce397b6d1473b9b6d02865,569414272
f1a924badef699637ea8fcc2,429945920
3bdce823d3b96e8f0170d96d,655947264
439004dc23f97a878ebf371a,627971136
192e05cd731950f91fef1d83,868581760
5110c49047db23ac3aa4ace4,486155168
f4f7bd9d03eecf35e9f37619,593099584
141dfd80a005f7b32bf70375,683865600
08513fe1cddb2cad74874a59,474900000
6b23aa3ca5edd20134811cea,384628288
0fcab263453a9f196468e552,755003520
127e08fa99afcaa339eff684,621980800
d2c46ef63db73ba3cb7e32a1,739953792
7c50c93bc9e8846345892c12,688370112
63698398738ebc7ccebac817,819250304
417e974a3f0d97e502e49800,929216128
6483f2fcdfbd26c621a527fb,1073300480
3b739666f401ca6b2135652c,814813696
1b750e6e2e92e8222482cb46,906394496
dd34882ac55c57480663f7ec,503816128
026c6384ceba017c5f2cd66e,605656704
3f4272a3a4b14ce152fc3abb,402679008
5cccf025fcc0a7d9ea01b170,492350880
c8d179013c5bb6379693ef03,510359072
8c258d10ce32150f5fe5b712,660885888
eeb6fa8f820ec63aa0aaa303,641913984
ec8b305ddc2bc211a8a05d0c,317231648
5a84e6d2ab8db0fc60775d03,405273536
015d17895f32e2a8b616ca1b,569911168
6fa35f1af6d51d341a3165ae,454540832
17821a9cb766b0f3ecf24e83,263859488
23141c17df584746755dc508,408657440
00076c8f390d5dcccc133309,760705728
25488b1c8fedde6250b413ba,250453056
5ba6b4953759b45cb83512c7,970026304
8ea02baab0c59eac6584f62d,793454016
b5c34f90096fc88b8ca758f2,971737664
35bc25d0f9de2ed4f714fc8c,671812544
8b0e1911b8ab8028409dc9fe,854966016
2ba1672e49c023258d262d1d,391582912
2d778563921376962d126cbb,453645376
bfe7c873b2fbad871327994a,549703360
72d0f19409c85dbe32cf6ec4,875584320
d406baf5cc9b4473ae9b8426,375945408
070912b7e5fb205918c1f4a3,328916896
659abd72d12756ba0670f466,422825856
7a464b948b65544159cd0db0,595837056
e89774d061d50c83b409a071,408737696
fd6b2efe5da2c35058333bbf,775200832
4577c1623c8407e95e893e63,559456000
21adc839dec9e8efb128abf1,382904960
aa843a050ebe8e4b3a04e9ef,935941120
0252fcaf7bcde09274d34be5,917925504
46d77c92811f0c87d2d4907d,778979904
a8c662f906075eedb098ae5d,563990656
b8b46931b93b7750e0d1ada3,585625664
efde559422ec1dcc55abc686,672579776
339bc881458ca34bdcb771da,906637184
d7ad6527cae719481f849927,790056000
df3abaff81c430b4ba85d4a3,903482368
bfd2f20a7bfb0d865d7f7193,1082636544
fa3ee96e6b6ffdfd00aa335e,977708672
163228979751798ded8c3fcb,498536192
3578144f12e13e98e8cb2480,469928480
7136cad475a0480044707984,620670912
93f5694b4854068f42ffe55b,534002592
51608bf64739db05c47a3bc8,649134272
6a01b6d09d516d67f4a2fb43,380528288
5f26f33bd89fa7563ac6873f,364358912
aba54b001154ad881dfeea6c,491388640
b2eb63e5da917ce649a72142,450560160
1427aec89ee9564b95e93cd4,566544832
a0087db5e9e2cdd6073021a7,360095520
4396f94f7f3c403c43d3ede9,807296000
aa703cc78a1ce659901e711b,486512672
0dd1bb83f0f18af30da139f4,546977088
37efd3e2a5b6567957c62081,614757696
ea47ad6335e74dea06228b16,489518944
8a975117ab302b77ac057823,649925056
ca5949c4bcf0b63e5d1be784,424797760
e9f3f41366d5d784c2928937,636508096
7a9c505db21b777203d34bf6,491864608
238cf9f99c4b01777a97f82d,475832672
385fcde12021f4bbae6ac2fa,297795200
d9eaec557a7a6674565db1ac,643634304
30b0c440c0bc8c6005855ff8,741385984
09feba43c0b8f3560fe09be8,952522048
2547bcc87b618d3d7e22dc21,672580224
1240a616080d6ba5459335a5,730933888
7cbc8fca4f84908ed4e7192a,898913664
151a16e94d538a7a6d658ee0,711596416
a8ecaa9120c6da21229cf145,912655936
3ca34fa833e6ba10cb4b1944,685500736
dca2e851b82c512f01611ade,709100800
3747996611a842c452865a9c,795507072
3528df61a44a9895248336c9,252485568
398a67970cee5dc873d71bbc,791777408
1ba2c2eedb352ef9bb59c638,943083264
f6f4a467f40bace72ecff598,679136512
b2af9047dbf58867ed0c42af,853657728
012b8d616667a6dcece0dfaf,837901376
0b117f10e699f10f97a7e7c6,720323840
8d5192b6208902ddf4804839,1033256448
b86cad78da7bf06b5ac39f99,921228800
4cc8c95dee29e43463a8dfd9,434424064
76846ed8b7ab36821b848f2f,597347008
5428bf7f37a94ce9fb2dd435,489022208
b22c39c3df7d8e32cec2ba43,332020288
44f5380847c175a42becfcdb,957229632
fae53fba5d405b2e6a3abf01,279736640
3b52bd5eee5ef8e3871dcb3d,1059377536
21eef7da02b0f2a2fd987135,493924768
1dd6b0ade195edae38a4a20a,378212608
f359afc7bb50cf6a61ac63d6,355955872
b0de107a8cfad95f09876eb2,866663424
2e8c76f4ed59cd3924f7136d,793423232
06a2efde5244f7d653ddfb8e,473363360
f72e2f6cfbd32d97bbff3ac5,727774272
9705748d2bb061678a80826c,1067615488
9620068cef0622c404e15960,546578112
cf2e8824527989d3cd29c058,392627136
6e606a7c8bc632ba0ba37184,466511072
63fa384ea296390350f23d7f,520633888
4d3f5e7ecf4d361d7eb55f5e,463127808
e31a209077a3e47712588730,458009184
5f18524e839c2987594a11a9,516461472
def06f49a0b8230ab613db94,617469760
faa72370e4c7718964930805,617469760
983503bb75d84c410d1c5d3e,768798464
30f381306494ebaa760b990c,784662528
5e72dbafa642e4f416e6f01a,682759872
3d5ece38670c1c96df4cfff8,784662528
1bd6861d451d128c8bdb72e4,749896640
072a6f084d31a5a4be4060dc,883361664
4d8deb43d663fb079262708f,811617088
f00b8eac1812a500d7a732ff,852391552
77a62d5e2c89da24f66a2118,727647616
961886897eda4b0ce54d1d82,934937536
6f6c83ff891e43b7c84728e0,1049343360
ca8c85e8100f64416146368e,815924288
24297f4a3e14c24c941e7720,1010965056
98d7f0935f021acf313630a5,871472384
a362533eea6c235049bf3359,736670976
2ddda0ae748b38a6258f660c,1036440320
b18107a422b9eb6da9fb692f,819456064
11cd643195dbe5dd4567b62a,882694528
c9ee7f0666429c0c15c37499,420779136
c386d1ac4fa8dcec4cbf9788,534580704
21e0bc9789139640ea33ed09,487928384
cacb91ac1b835d62422b8a8e,866734272
bc41e69def6bc7490800c4a4,481062944
7a13669d2d7ed2e50b80b4d8,409859648
08dbbd8d672fd09463c061a5,189333072
cb93b0d5e9a26628b0462b14,773163840
d6a43f209f810455fa41dfd6,564750592
ed5dfe95f82f4c087af07045,595809792
02060d2f56e979a61427f806,580172416
88ffa9f0bc3f6c9f2e589a75,696387008
b48093abeaa178d1f7fbd83b,662325248
b42734770dacb7e580a6d742,580846336
d3aa845e96d22f31a3656aa1,446846080
becc3ae7a71d597bcb16d261,741631616
8dcfc24742ba669335a2d65f,730114304
45e2411d38589a2d85774c5f,741631616
9761b0f43949eb5307472ba2,650380672
e07035cb49625760c7da85d1,482205344
f88bb9c5a471504c13d3616c,461117728
4bb5265c6e63449e5fbaa270,778219008
ac73b8700744cb7835f328cd,603039104
a632ececd6a023aae8a7b730,465996768
858288683063dea9d5c57420,429032960
d04f549fdf8f34bab19a171c,235144368
6ed5fa8f114431d158d35f43,507548064
f849dfccaa8163d24ed935e2,680904832
bfde6e7200fc27e6e6f1497e,600014016
59c11d3de7153d2605cc2273,687502720
33ddf4e1ed8c864e9db16887,503749056
00f5ba660a4fcf6ddb96220a,460027808
a13004b87c6d7e7bf6b75730,445556544
eebc02ff14b6d270746ca055,730114304
65ba6e178f3565a84c6ff973,790586048
a57f40f00f80abc7450aaf9b,649318720
df37b916acdce817865197ae,641747712
b5c074ee2e2538aeca099fc4,705459584
004c9da9ef1b3b5e309e475a,587015552
c5b47ac5c4b7476d50bd56ec,571875136
778ec765417db9ee48d697de,441448320
b287339babba162e290d0fb0,459628384
4d35e00e86a9d508d82ea90a,492112576
0dc2a023fb6c5e0b92d86ae2,639709248
5787d7c671378e596edfb58c,728861632
8595b5517cb3f1ff8094d67c,678017024
f4d53276bdb5899c6f059c67,589997248
9562ef63320854bc6f94b5a4,493377888
c04e72fb6244d9a9b28322b8,766562304
3d141576443a97b0202c9672,977816192
7caa4bad394586a46dfad854,762066880
8420bb74fadc0c8853cda025,422144160
b274adb68a37458cc5181fe2,608263360
8561bc940a91f029147430f1,694460160
258a968e403e747af5693a3a,974229824
0de34892fee879f449facb19,544104000
9634cfebe7e6b095f0065ee7,578233344
1f3544c9f47bc00fcdf59d74,422699168
e3077f6e47d130106e7165c9,438616448
f0ce47907c3c30b6b5e990b1,694993408
1432cf7de2beb14fc7603ae7,821145088
60f0df18cb4324ce5f4bf650,450818496
7c1dc421f5a689aea5babe4c,408640800
020dfae44183c65b708727c7,492350880
92a9c07259efc617e7d58f9c,547505024
18531c57f6dca78763d360bf,544288576
dacd62440872b6e94ea56fab,318613824
b607bd072e8293d6594f3829,511964352
eb86c1da60250e5559fc3cfe,543407936
fae649fc7256b9a3ec036583,622430400
b7fa81aa571906a93e9b6cba,764802752
0823be832fff81b3f1291859,354314720
fca3a0fe5db369235960d285,492350880
496fd5c93b2a578d970ed55f,319397280
9c63c6c27c74c03f071385e2,691359104
6ebe90f7140b738b3696f086,585092544
7110d6374f3fc282e4f4bdb0,263859488
d33994c75d98941acffeeb90,872504960
b8e8d84450f5e0bc8a721c94,755030912
cba57e3b393b3e392c7431fb,719074048
fc2ceba651bc629e7f690849,726191296
857761b5fc5c7d101cb765b6,567762944
55f67dd7302b68477e803399,502769536
19f538269846412f3e150a4a,759784960
75e0fa8e5c83c49d3a0dea48,1091127680
fcdbfb9e15352cf210cce7cd,869088960
c2b91ce4b1bc8c576a0ce1c8,821127680
73eaff92528288fdbcd61e2a,1007445760
f6544a1c169aafe6c8142907,780402240
cba9aead5bad82b31da51e6e,873674752
b239bdcbfae846bf74791728,687987776
3b823e81c5378ee3c977e863,512524544
1b4db5fcd1f92d3aadd5c28f,568584960
b50a6b85399ea2c6b5c33405,619945856
1e6176a558f301d81bb050f8,888516224
8bcc1b035ea93a5192256b37,638088064
71a3f0980cdfea0ebb869935,416262944
8cd0345dfac13ab380240b0d,512524544
e66b2c71519ef8756db69b97,412411168
c843044c1fb30819300448d9,423649664
4ae10e7fec364242c88e511b,644301376
c9e92b994e48df83dcf9976b,941631872
27f41f09ccf8d182c79cd48a,1057145728
d8a7c0b01bb545c414e12a23,982428864
f3e2fddf1dbb400788a5517d,643638912
89a066b7d6a31dd066fa0d32,516176000
c245bfa6587eeb55227c8a4d,275546912
500d7c5346ca11ba934e7ca5,688741888
536fa59adc007df763949045,816378944
223813dc0188fc229b63e8f3,848769920
7c972ecb7b90537b1da0deba,204403440
98d8411005ac05d77cb12516,672862016
d12c08cf48be75014a149873,887206272
955544a0bc2eff312e965c2e,888292224
20488db7a62f765ac8da0a2c,494449824
3f370094239ab6fc817e9ec0,878783232
ff54bb34225682d25c551178,887206272
d0c7294b2184d0b4d0e2fa07,878783232
104e960974eee31e7e0eac6b,779428032
0d477acd9c95e9ec63839a53,603039104
6d255e0026d70dd44229a2f7,804510528
926cdc0242544bbc850520ff,223609072
e75a05dc0018f29517948ea1,392411616
dc40c56571cbee9c2b7770f0,615472768
2f76a2b53e091df35a125b13,319260256
a4a49182c79c72854732594a,605204096
50287f73d47b4cc4c2e1840f,932783296
5efca36c25884a2822bb7a81,535790848
4347bf26ecd61ebc7a16b4a3,712948480
7c979648ab3729b2c0cd2106,828032512
f40acdcf5cb9925c09c9df7a,585581056
6ff3eaf8b5a2f16efddde1cc,555953920
d35596846155e74d1a637d7c,510674176
a389a1ca097a820fd9af9d15,649167808
ef450748c440c4958e5db54d,679904896
02779b92b2f9bafde0c75c11,590454656
77e5e0b64140fa00b0227a3b,445806688
eb55b0778607da932c3b311f,679904896
9fa391febd5d0a8e4c6ecb8f,383781088
6270356f1cc3dff186d0ff4e,749490176
ea7d5c601c3f8c86ca8f15e1,533847744
072efeafd082025bbc5a25e5,486148160
d8bb6151d30573c7595ee7c0,664095040
f26c43f2304c8c694c818a9b,408640800
14ea4a7c57d830eba13638b1,836198592
c1ac42dad98d2f23dcbf140d,611197440
aa6af44635b5d51da4b02059,712948480
291a4ea1a695347e1901bd4b,755207424
024d2e34a561efaf4811c17a,895483136
e5a40a555d11d4429b9675c3,727233216
3a10398b72905bd710ffe9e1,641913984
340d1313fc2dc8e5b6918262,503816128
699bf5460c63a4d0e4542ade,1036573248
e98bb3a89bcec8650e33e730,361872416
5de86bddd492f76596b17a0d,971802816
95dae083200a9e43a5aaf210,1122988672
23fe512fcb21a0b84781a318,351847072
a9dd62f527cb0dbfa51aeb7f,380512960
8964dbb5b0cbfe509613a63f,626799616
f75009356c700f7da7106cc7,491624960
6f502f363fb55811478e3b88,479403232
a48f29071cf207b27ddb03da,667370432
b46bbf66cc82a4345c5da177,609164672
a460aea3370926825b0dbc13,788102336
7a21a8d99a85171334695004,651359168
279f6f594d3f8ca8e8a5e2d5,1069413184
bc3c509022e3f6104cba5203,1073368192
654d2a3a0e02065560ba2484,293875744
02a2ebb6eca5772e3526d78b,600970624
d4646b7f4dbebf9785963cfc,474786336
68fabddb27fc928b57efcfea,519953760
53688de79b052b3185fa9435,604483584
bb962a9e3861b06ae1daf833,586710720
d80c5f0b8ba55e7cf105d282,694732672
ed88c773fa9ae8bb29645fbf,650283392
0c3af9e0e9c80a68acebd041,508020416
0faec12daf0493a512b2fa0c,1120058112
1807debb0a0b590b9ba4ebcc,600525376
20a2a0dfc963fb8a355e704b,458963008
a2c033f497e62ea10ff8ba3d,722233280
985e40843a30150e6892e4f9,641747712
2ba0807f8cbdac389424ae04,700909184
9a565e7220cbc3d5d340e8d7,650380672
33598222854631e92fb72baa,600014016
03fb5bfbc1895115a04e8116,691423488
5045ba9a65b4bce4fd305f82,761646528
277f6440854cb0c98728e685,755038080
12c7037cfa63de49e984a789,603407360
ed9976e922a774cafb601f5e,248550832
ccc70d1d8e4411331730bd7d,520954624
30d38a7bab2eaaef1ff6be0d,730114304
31a6c440ca9eb29acc0f1086,771833984
7a82ce4b2dcd2b43485f5047,603403712
a74be48ad396ae4aa33ffed6,675428736
4ea46b833575642ecb2ed1cf,410424160
b780a0ec18c61b0760df9433,504653184
b83a5c303a2b079585b9b94f,521594592
a3c45875c0834b144f834798,237912320
c3ae3f44bbae215f7f2fad9b,408737696
5d54a0a596d49d9f85f1b5e8,681845440
355d1fb69bcb4e8e8ed9ba1a,641913984
cd791a46ed616911ae7d4fbd,503816128
d2d2f335839ed35571b19bb1,880815360
0823b0dc92805ab05d3f8650,957147008
f92f4d135119fa88994929ec,885180480
401f0de98764e9fdd4055406,503225440
68a7d01e50462f7506f8c8d7,312815008
e4434407771070783b97c014,336853376
7e1153d411af129357ae5c10,464102912
f409c701e200046f574f4e06,614851200
30a8b9c197bc42f088d0b873,511992832
d5abd56b5a8ab8c2f61a07f3,764018496
805a27aeafb3ca91cac56d14,762233792
1ee04111d277e8758f740139,596256128
b9de7d7b9a8ef7c64e5f6bdf,512087104
5a12a15af3c0585d81ba8f5a,652391872
abb63383766a9853c1091c5a,655154176
1f95c205d5094c674f6e45a5,846539456
4911a6285f548dd30c8061e3,329559168
0b9730cff49bcaeb4d703c06,612000576
f033750cb9db15e886b156ce,761056256
fc7e93bffb7fbbdebebfaa2c,789728000
4f500afb7f7bb42189820a18,833269504
3921d7b508fa1591d40802d4,360120992
caddb9dce27a7e8012478da5,487670144
4eeafa126ac5f301cf60f9ff,460289152
59afb00a84b4f2a9ffbf71c6,691024576
7baa3608aad1fbf357d789a6,790391424
a5b8869e9cd3d0cc32a0b298,929336192
d084dce4ab9c4008ffa3bbc4,861002432
e3ff13537ffb7172336ab5c0,876196864
1bc2ae31ed1970ba52b1ff60,1122188800
eac7136b26bccb3c5d2b6202,663548800
073fccba71b28afd815be434,551123584
9b1c23d616e9407fff6553d6,376919648
4122eca7b73c1347a7814a70,520633888
cece8267e60c2461d6c409a2,663662144
ba4e89128058d5564987dfc5,376919648
69843aedb25a928097a22a89,416683776
a45863121bdec787e119b14c,404144704
02e8811bff38125bcf8e1a6d,380528288
d709a76487a49bf257489c0b,478864704
46c42803286c800351fe633b,361872416
2ae3ae7f794d558ec119287d,642426112
76991a35e9c1b69e1616659d,643048704
3de5d35f742cb4eb68d5f314,689139392
a53c748935206f61751dec1f,450735936
ddaf8a1e5e6922cc3dee5caa,435400416
841fed959f036a03697868e8,201036176
ebe1b5c9471f3441a388f7ac,691514752
f0f9bedbcb57383511805d17,686241984
f9402b785deedebd3ddbce6e,620583360
d1f92e6b18faf07ab70ca1ae,490422240
6e794276348acc39751eaf47,719074048
4b04e0296820d04421db5219,486333440
ea0ca17e989ec57a480aa464,822754112
cc6fcb8ea6556f676c13a76e,625018752
2778de5e56ad7ece898249e9,887394880
9f0bdae4f8609ec93588de3c,768515072
90dcc3f9428a4e7cc396a15b,546562624
2d7bf0032580e6b6dd1ce36b,641913984
c45d86d17d1d0519b455b7d4,595308224
4c7e7cfb286d82aa96356fb5,945180736
edc204c3e18368e0a9eab593,1101884160
e789e801fb5d4501b5d64e2d,720323840
3997c10ceccd2f8c8e43cda0,1070459584
580d8eee8dc4b7d43cb193c7,769502400
c823e3fcfbf0c43bf2d82586,1025441536
30677852542c78698083d4f3,1091389056
8fc78c514a2f1cdbc5ae6e1b,1087305216
73c618d704a2e1ac2bc41954,752641344
4ba85374c1d1f1d3f4632ca1,445793856
9a471715e4c4865b822a6b77,376796704
4e9f1e21c855f1166428fbdd,573471040
f11137d27a5d7fa57f94e97f,562633280
5fe5f3c5919c0ebd57ec8e36,500976288
e40742774df7d2b614f32de6,481827904
24b28522c72f7fc359f2a718,655676736
26ff1e1f4a6f6bda702fdabe,754468544
9e617d1fd8a4f33d7b66098a,1156413312
3b4e889562e4078f8f369172,255236240
3a50d40f15b1cf5bfb338092,469044448
cb2188cb8e534973ea3411a5,482608512
fa57f96bc6affd285d10c4f9,399862368
c0ea6c76eb977d83c163fd7a,380528288
367cd12d7f4aa93124047eb9,445898944
54952b5f463c64c605576601,532768000
57eaaaf24cf82d885f0f1dff,439409504
f2ba4a7a0765c3ce737b5c81,563475456
5282c3c48495dc31359e70c6,418626688
552b01d72edb192663998c4b,688250432
5f3a1ab21669ad9234d4dc63,787736832
68f431548c330f84c46174f6,898913664
048051ce9bf8f6a48e9451fd,920586240
fa4028ad48fb2082d167989d,560372928
5b1902dd7768f5144ae7704c,793526464
be0a8f4be774eeaa42fe460d,762066880
16263617308958055850aef9,731681216
729f5fab1578f8cae4fca8f9,945353728
bddb9388922dd56737d8847b,900670016
9847a4ab995b7b1c30196704,1088044288
d19937a773269962c7f9e8a3,850096128
b3c8714dcaf5322475ce2c60,1088044288
875126e5776dabde40e29b09,866537024
3a36f59d7c0e6c4eb85ca0cd,1025441536
630f00e15cbd7826475d1509,912937216
434782c3d1dc2b9ce7bcbbd9,803073408
a470bd174fc7587dc1449c89,1069413184
99c6f87ac92cc323c8caa005,946227392
ac9ae945fe25a46184057606,885418816
15d910dd93e0aec22ccc2083,1087305216
6e1a9c8457d3ac6a57598052,717390400
14e179618d1a44c5c55e23e6,318294400
2b8b979cf1952fcedc63ca9e,377544352
7cfc3061c0b2f3bd48375ab9,346055776
7200e3ba2013876cdbbde972,584508864
9ddc1924043ee8361201b39d,784440768
f22d6cc8c9611a7c23fa8969,591159168
b7c0a0a4f5c5b986a70ff249,430050496
adf176b63ea23e08d252b5ea,549577216
77069fb9fac6b61aa6a89ae3,621986880
7f0f27f6d30c743acb3e867f,768517184
7e299fd8c2d53ff1cf95aee3,627103552
f309733881a4f89d9c8a8958,686605056
0f937643c067371018c8deee,1006113408
8e35609c1265ddf59e1c015c,707188416
c1ba606f32ce0337cbccc2b1,732826368
15f02dd18da12f4d7b0ac2ab,622008960
bcbe8ed608f233d5ed7362c1,1093303040
14611fccccfa2a6499b2acef,475668832
b10b428245022d55db248b72,364358912
13e6c5cde1004803fed93cfc,309759584
ba31c38eada33f680d44627a,686241984
3786daeec4a4fb40ef07d8e5,661350400
7736ac030d8b587f44f7898b,744058496
98f89d21e5dbe53f8704e745,900670016
981fcb79db3881259eb303bb,452134208
08bb88dabf0070f72a801a4b,866645248
32d56542ab5486bdaf4466fc,721118208
c0f911fe7ee2113ec59cb5f8,653943744
3adadd50e603746e5e4fc082,608926336
d117e9672b3ea0435e7a894d,452134208
020473766363019ee40d6685,565361408
b04d16faf40ee02eda59a9af,452134208
bd6f3819a1c0e551598fb9c7,501990208
5520cf373444931ed8630635,508071360
40355fef059659469e16e3ec,488427264
deb844a2812586991b3022f4,532917888
ac0b895f523b53b4abd013dd,595673088
ac208e250f5ae3e5e1008351,379638208
0064cd1c55914cc8370a096f,618231680
165fab7a9f8dd404cf4e9d9a,198089056
df3eca0f59974a812b4ea9b4,755457152
1b7c062b606d0560e850a2e6,196164528
87ddb3a17b601cf7c61e8c07,520094688
837cb6389640f3919bc73e9b,705733568
77bab76414ecb20888cef7a1,827631296
a9268ef5b7133cf6ed1a376a,838236864
cf7cbedea50333cd2dfb0e30,836198592
b0cfed2d25a5d78c96d39d20,460508512
ec0c283eeb8db461c20af1d6,629191104
27c3b7ba2991e7bc0c9fc322,601574272
0332c7ec0d3e547ec6d61664,833982720
e58b92216ee6438a921ee0d4,491800992
f7959842378c94c9f620f561,485975808
cd0236af88ded6bc15b49eb2,744058496
d40e0c2222c0debe89735e88,485975808
2bc9bbe0f0216ed9d865a85a,521094752
e9bbc31499ca187c6a492175,626475072
f2409d037bc8b3e63ca69fd7,784605056
5ad71b7cfd356a75021174ab,337289536
67dec8c47ad4de9605d56db7,503320960
c6d679cc07ce4373197748a8,963878336
a36ff3637b7d2b1c52999ea8,921524032
3a384d68b7ddab45e01b6e99,553159936
42d34ca2252acaf6e777d23b,1051039552
c4b2a42a8908cc35e649fb16,571693440
18c38418824075acaad8f960,643048704
85bb6775065df76bda33f738,782100608
14cee0bdd9dd5537b96d0786,566727168
ab332133aca64315672a7192,864741440
d53b60b0f2c65918153ca2e5,408332832
ed1f81648083d4d2726710ac,526592640
b6692a933facd74b4b11569e,427216864
90e00fc58569167c00fae7d0,484239072
8a514fffdec277cd46c7cc71,548563520
7f0b4b5851c77d78805320c5,322268672
fed1a608e3c0f2b79cd02ebb,280203008
075a5474294e25da55373a09,384218816
8826b9e008064cea38855d35,388039136
660eb3b40b2bcd07df8f5c3f,471982848
d55cdfba22aae78b6fab5491,585149888
ea6e83dbade169818975e5b3,483438560
dcac44d3f8024c6ea1632432,489982816
2772adb268cffadfb2917c2f,388379936
3192bb7190b9130c4e67be4e,649324928
9d892f73b02f001c2f715607,431893664
c27d72aa1fc5d37f4cc105eb,666852544
6c0ac32bc8a66844197c5fb4,533235200
52338f4f7c8af6c649106a96,319260256
356815b8ffc300fe03073b7a,503553248
22c780d56cb97fc34f29e9cb,449791232
806907598158861a6958388c,451264160
449cddc4dc3ef1e93b7f7c26,476801536
b225270821758e45cdead76d,511552192
e07bc486c6f5541e4788f83b,871939328
970c0d4928a9292748c0fd00,855149888
f73f720abdfe4b5adfa2bcda,724315200
48d3b0ef6e5f999bb90fbfc1,637063872
b3ec2f8af6e9adce047536b8,1083426688
0e1c66f843e06f14d7264864,604953728
91c4f018fc7939d150593935,922604416
102434eee07ed18268857a9d,716181824
a4c70eae507d630c2f285eb5,970647808
45abee1de734dc32936d0b1d,752857408
82bdf442e186baa829e06da1,667154368
019cd320e02a64ba3ba9a37d,704077184
ba1b3c8ac8afafef56233c84,689609216
3c3a0f57e030472879f454d8,795154752
d520e90e7d0c44a6b8852e5b,465996768
38328747d2e1e0e568c05523,638390080
659e9ad0f593b644071cd850,590454656
3e6645f2cd377ba17ae2e46e,482205344
307eb683db84db535106c445,735581952
26c8961848e3a77d98049638,683969984
52373e15e9dc1ad371a0c090,569836352
e5b2a446c12222efc187e02e,709168320
156f706d1d30de19f7e369ea,337051136
aa94d2ad36bc0e91bf561be5,836658624
8ab41842b8e41b89d8670ecb,466553856
b19ab02a8e22f3e88a26031b,712948480
a6b1ca7a4e91c4c0f4366984,735581952
a277d5e8216fdc3d7c93eb2b,716121152
f939b7271c4d399a5e647f8f,747896768
941392f9a135909273422dec,703083136
e07d8e9e38e309958288a516,879311680
258f10f742fcc835d53063cf,662882368
fb672b4cb1b66f2022f36a40,756474880
ce9dbb6d009cbdbe654edcfc,782439232
22e524f1fab17d5b8616d741,849266816
7f0d874df9235245f47b04c3,771992512
27a8a052b815998c771a1f55,849266816
b80593fba07e21f8bdbc352e,902192512
d18d990404e7fd07424f5a77,514289056
033599f7e7ecd8d9c8cfba46,549703360
51cf2fa527c3db62914169b7,393363008
2b2fa2ed0055a19859e78446,661232128
a8e1adbf076dd737c079129c,744771264
adf948af7b24f9b6f29610cd,383344000
23473bcde48f634641769e22,263859488
c90486bba327ede32dec60a6,424785728
d254d88ea0989a609b71fb72,409788000
2373c595d24a7b862b518ec5,841062016
ec401de1c0ab2dbc149da048,612122176
17c0a8fd3a2c8b5b18d61e4b,584450624
1a1016e7a96da2237b391be5,630891008
c5b40b510bf7f121c93a2332,803483648
aca37e216a27b4dd5337df99,603521024
96f59167d17d1c99f31be997,790196608
062b36cb4a87cec372f9f91d,718835712
0466a7e06b152c1860d44334,699641728
f44726680d0c594a2d430bbb,880677376
8aac8946e7ae5725971c5557,867270912
e1aa6c46135f4d1aa1b7a1f4,603861120
fdbe5801070756d1744211cc,520775744
6ec4c88b8d3a16148e2e7348,742337472
57c87ce038e4e523b4ec189b,823483840
9bd500fb24eebd53d8262b62,742337472
85a86e01443aba593f95dae4,536804800
13e2ec0a12c8a48a753b85ef,335120288
b93dc01af5f49e6dcfb7a547,365348480
71a42155184509caba01a1dc,384693376
25fb1c0c4aace859265de172,752857408
6f63e4f866bda86d5c993c8d,357804992
72bc42a5c73e7b1f9d54c835,651796544
c06f36b42021a1512cb6e3bb,488427264
f1a7fa5dc1996591ff97a34e,564829952
6128a8deb1f0bfbbf0d67769,833177408
b5254c6c29b4f6984d328216,409929152
6cb19c3e491a60bb2c166669,664095040
dda4ee9f3811c29e2b261a5c,465996768
7a564ce9a4ed3d2b8fbb1103,752857408
63b982fab95cd17211a4a58d,468564800
5272c50f1d8fded01f7fb0e0,582952512
02b47e60ab77588aff6cb433,360095520
ddcc7f7a087aa5f4797a8a5d,585092544
77a887ca508d924ad5203194,546562624
b57ab7afef2b8aee016ce6a0,785132864
640a801d503d85835eb65a42,895483136
767ff947b16b2271f516c28d,713770496
1dbb46a250f504e9c8673bed,783273600
fd6e9c9ed7679485dfd0b022,629286784
7dc4f9de14c2924b229ca0a3,623695104
3064379f468404110d594c87,596660288
6005ebd6442c62f8becdd2f5,961280832
b62e960eebdf95c2eaaaf9f3,825623232
7b0258f1aaee97661c34de64,650540928
91e2f9f7d4ed776d38a3274f,540931008
d505277049a254f960e114ef,690719936
32040dd7b8edfbe331773288,710750528
70e427235490d7d9c9239676,792548672
1a2aa38b8e18fd7ed5be77ff,460508512
4883f7ce7086ba9c8ddd4315,615104512
4116cde03803e63a3e87e847,921938304
d6de5d741702387dc3f4481f,990169472
2346533f4712f3bbd036d85b,872504960
f6a12c0f02fcff1be042ed0e,726191296
eba3cb8156e0115bd7dfb525,959130240
ff27ae490bf03513b6bb386f,863622976
e87779bf2f8af86fc4ae9583,416880416
4a809b3987cff0290c1df8fc,389351872
8f4241a17d1211687bf232c4,410503936
bd8c1ff6f9919ec6f1dccda9,510251424
081e008e772c6a79b809a87b,640645888
0eff08cf4bc42dd442a70231,609042752
b4e084d14962cc58d4089955,704888704
d02c3b5ac6fa0ed6db06e490,810715008
e8abf103cbe9fecbdd758516,704888704
05308c4f3d0e0887e4a68a92,510543808
256a6ba3ff423a899229f154,573954880
097314d920292b46eab5dbc1,422935040
4ce0fcf14266d144c82f8d4b,516722528
548791b5faf236b1c03b7523,607520640
40ef1682158d0c3cd07f484b,952522048
7b473504c85e9cb576f951e2,446969600
730c7382d76a07904f559b28,253572272
e05598d3c49f409b937ff2a1,500882592
844dc89fe6588acccf0c7536,422649152
ad1492590bf61d2cc83b493c,656025216
88fce3ad9b8a965dc11336cf,290128608
b76d853ea415967415ace0d7,582021440
c12c81b3eb12bb329466e88a,843217024
4e27458d179a469435d02ff4,606446720
8d15b4bb1447eba7a680ef47,673426816
482c7150c7555cb35558398c,917824832
e5d6be06fd53d317c8e5c7c0,493538720
f798e7105aa8aa66750a2c85,772554944
eb24e0a0ebfbe16eba466280,713247744
618dede0dbd48df4fe610af1,1075838464
6fd936b82bcfd3cd2451bdfa,637590144
adbb5c4ba7be2903799a51b2,859035840
3a99197868ce338c738a3b20,672580224
d4c45f35f214fc226ec85b36,808032320
c3140ab2134de662162af508,353658240
0fe23ccd8e42605f4d9f78a7,411189568
8816e8101ddc4e704053e23c,642426112
64ecb100d7882ddec6bafbcb,478737760
9151a8c65e1f01ce591c595d,562573120
c8a40314be3014c2a218f5bd,583033408
29bd4cbe11f44759e07487fd,478499456
72ddab9ba5f24941e4dbed6b,709490240
1f18df9ee1b19359816ed13c,756702016
fb82175fad61a81e9b665fd3,673721792
dee2e190c4e2539124ac3ee1,661088640
0cc2f3a49dd703e7554ba638,654507456
ece0394e38b152e6c1571324,946227392
e14328c988a27176e9fc63af,976488512
a91664b9f15f9d6f262e7b2e,948151296
d54270fd6b09b38a978cd7b9,568535872
40c74dec061500aaa78f78b7,313126848
cbf6faf7b47b43b2a77b3654,542184832
52fa1eb3cc7cc2f77ff98764,434745728
bae512bdd3b04405c519bf4a,414706240
e7fbff0a25cde72a38e7c7bb,593990720
d3f297fadece964afe5f1cc4,928078080
2679ba671751ff16e76f1807,659112768
8059e45ca26bfefbb18d8e40,756779264
9e7ee8e17b1e76965e96ef95,622836864
9039bc918a76e486041842d0,551138560
1d7912750a5e345f7edcdcbf,580589440
4fe0482ad622080f55a0460f,568584960
953fd7541735fa8d9a342642,736490176
0b3021c156324d1e7974ce3b,953860800
b0a8e4b4ef6678e6b43865e2,619686400
bb47fda808b52f30364a4d6f,807296000
d846dbe691d0ee3ac5c3bec6,864624640
21932b5a5fa65d237ddb6293,807296000
07481a101afc1d5db45245df,671749376
d99c00c516cf57b6fd9e877b,468299008
6dbb494acdc64c03742fa730,639251520
35f69c7a9870ac62735d7639,499802528
2721f5495ef5dde16fd29cf4,630584384
0c068dbfdafa3429c71189af,321378368
f3293c4064d71f9322ca97b2,755030912
5eb268b95d7b6006b064f9af,630612992
e13a1c06ccbf814945dbc768,611843968
935a1e8c7e62ca9d3bff398e,891418560
f0c7ecd3b2261873d3664748,716332480
d2f20425e236285124eaebad,391628768
05926b977b5df59857194ec1,557044544
f548ef815603ec44f4629a60,1002110144
6cd147720319f60ed2599361,684362752
6302477fe8172d08f3b4815f,263859488
b0af9b1e84a1886489d46b91,517266624
5f3a2a31f6d1838e0a9531fd,944059328
96786aff35713dc21f6bfe5f,688370112
68de232e27aa83405b4a19b9,888786048
8d252e9b0912f09703110b81,357569376
f4e646df504728ee1e6ad0d8,421184096
e89cf4cc82c5283f3db6f5f6,447551072
1bc2c099466f9a989266be0d,460715584
bef2008b362c4af1fc3be566,505898592
7988f76ba063d25a4f467730,640934144
391a98a344e894c6397d62f3,469044448
5ab0b8b0d6d93c4654b5cc14,594252800
305d6abea2f3e496e3b6fcf4,575666176
f512fde4fa3f1f7fe885de83,523709888
c7b6e7a287602275f7854ef0,758427520
3d11a16b008c26fe43deca03,700909184
ac7f21d22d013874c362d440,473562112
c933750eeb53302db0245782,517155520
766a8ff17723a5c34324576b,677795584
802fe3175a2059f12d7edb99,470156864
508bfd077c80b6cdfc5a10e1,643638912
ddf8733adb641e15837bd728,465054176
17914fbe0c3634dae8ce9d71,473980960
09e4397bf9794fe24d87d07c,541835776
302918a3460b98acb64fafdd,441092352
a7e57a8be8fc8d8a844cf9f0,493779392
7b50b071f4d795c9b5ad7531,657138624
91a7bcd95c0c960e4cc22d91,521094752
5d4a23137173c0e2288ec418,539980544
751ba0c00d4fae1078c02fb9,622008960
e6bc998ad1d87c5be3559ab1,636508096
53aa9cd32e2a6aa346d3d789,636508096
06f22f7a8e4e78f45ae81638,796987456
2105c17a4e2f97183e24aa4b,595054592
ec13a869c212c39b6ba21b57,587294976
0b49dedfb53ec812962e31e7,702379200
69e6fbd4d3816c4cc37b265a,861002432
ad46f8bd482500f3bb935737,519543264
368f7a70a62962bf31ec9583,939833408
07412230b931192771072334,665835328
e63d334d9ae8b672dc7b7d5c,939833408
3e1c2c5b0831edf78f7b7082,665835328
226277c02e8532922a1c769d,811261568
7902ada9116a1cf7458933cc,992085312
b21f6e217d6733230a8eb7b7,675388160
09ac622c303bce9ad5514442,412936992
ea63bca8e3a77fe88d88fafc,539077440
a3c7c54fa12d5b57dd997210,521594592
cdadb2607807935a0a5597e1,520276992
8d041784b65d33c76e5245a4,749896640
e6807209b634455bad257998,567435712
b1e3f1efb232cb0976506cc2,694857792
dea95d98e8bff87b905f9172,873221824
44b6382d9195ceb3f12d4939,1019479040
41f33deb9990562def18c917,520655136
0a61250b2c208d42a3077bde,752641344
c714b30713eb7877ed3cd92a,434574592
bf120b883bfaf7641eda65a9,736000896
90b34ed38e0f18988f11d77c,673386816
feade1f4b3b06fdc12ec213f,711120896
00bff9be2d524083e3b3149d,510543808
f1e38e53ddb8a9d5b641d934,780893696
49dbaf0bcca86f32f86e641e,889383424
18539b6cb6884f753e0ac18f,842262144
7586a79a0151387a1c0cd85a,562725184
d533a334c2ad9d510865fe54,768261888
95f7bbdcfb59b4cdb41b0394,631184320
4a2ae08359e1ecd39b43afbc,515124608
e8cf39cada5b7755f60306d1,360934272
0489a476b376f7f6efbc193b,364974944
7b31b5e53015f8116fedb0c6,739517248
4c0892a39011cc6a37fc1145,504398976
92d7d4fa9fd09075bec14a3c,713044992
5e5ea93675900efebecaa19a,429032960
084de1226de9a6f4a6075c2d,521594592
54f16cb9563346e15b019102,411183136
512a6de80962ab797ed2bf72,1045127744
871befe27fa79fc1e1813b19,1055101888
4e0b1df5e05ac505c701f519,426683232
37227e66adec69299f853e51,381579872
0a0e3ee960f60d04ffd6bc0a,476804928
82b15a5da307865c7045dd56,537403840
44d596fa36e3992208292ade,513450336
3569024b3ae4865240973e6d,427388512
31d3215c8345d48ce9734c65,432722112
147e7f5381d3c951fc446376,502780640
77deea164a3a622df41249f5,390813344
3cdee5304896e4cb9604ebe3,550344384
f5418917530b72c9fea14f66,517155520
ffcbce226963f10da8c53fd7,667091904
2fffe55a1584619bd7c489f6,677795584
3920eb3f72b96fcb58ef778a,428691808
d10bdbfbd411ae625dc80611,442706400
d61ac80c0d4737c3529f4a2e,340501824
f8948886cb4cb018eca25d19,484202496
da5bf7f1c7b2f4ad670e2382,514334752
f406c9c3c92e9b31310a50ec,597452416
171b560236ce760573a990fb,882469568
4d852bd93332172bfb081aff,882469568
2e1f7569d134a931098a2ede,852659904
6d8d2ba62c52445d78f687ed,740466176
65ae1a893abdc2eaa63d9271,1083937920
c9c51c39725d7df94822fb20,489594560
56ddb54e50deaf650a25e82c,660383616
aeb330dede55fb66654901fa,769502400
4f4e3350c429c6afc0bb0094,755745088
39377d0d271da03ad85c7bd1,439409504
bda2fcbba2b412981e708054,720323840
eb89d0b7914010148e6bb597,489785792
513d0ddf1ce44ca671675fe1,822754112
14cd5f188cf6d2433240b5cd,445898944
dbbe0b6f5eb07a5f9ec873a2,656097856
f9acdd3fa50068bc0180d008,354097504
4a85c36fb854e922936b57fa,274898976
937876bdc44c3b8fe063a9aa,489594560
001399d3861c5792ccb8b515,1070459584
f28514aa4d6ffa36104411c7,707787776
3b185e3e31f7f5e6a1b3193c,547232896
f4c7cc4a249ae7037aa0b35e,767164928
b74a02ef5cc838952bb9afd4,547007104
75f5aff9fa70208ddd843779,468268832
b7273cac93fb7a0034039600,890169344
b73bcc0cbfa173c9fa404369,945187264
3c4c18326318a7207b589dbd,517964128
29a230f7dde5753e65b661dd,658281344
c083a5c64c4d6952accd7bdc,440592448
1cf29f882ee8b458b8f27091,581887872
94c15574aacdc5c3cf5a406b,412065792
661f7eaf134a5b142843368c,595818560
14a5bf235097782f468fbf23,555806656
d2d46c70dc048c92c8e4f09e,737503424
f6faf74c3f4e02a6b333b7af,776478784
6dfa362ff7a0d55693793db3,761314304
b070e3747bcf22ed67509efc,807484352
7333f19416625d6f4244fe02,519348480
3c86651d9bbfbb335f15b544,748534656
9d8affa93ce4dc7c1a21b3a3,788102336
eb8cc67810d95d1b102410b7,731681216
047f94605add5f6f84fc3f90,653374528
56ba332c82c36f07ba6bd271,1024804992
5814a1dd61362ded4f1d8d8d,1100449152
141ac7bbe9637f9e5142135c,1087305216
08db0ce5cd15db2404ff3d28,486148160
c38677ed0876b7996f596336,329940288
daa4d7da8d7df8efc1adc9d1,428536672
f15c6403c6d4e3676a607780,355978336
4d0cf77f8cfcada2265ac585,464670624
4caab3951bd6cb6dc71ac8a0,503320960
7cb64b94877a9361f20027cd,475756960
3f438d6202cfd4527bd8f983,477932160
b7763beef728bc2021ebb841,462597824
4cea8ea969dcc433fcb59d96,600459200
24fadbd1dec637edb728baa3,665336384
63cf422266e7c39a6c895b3e,708402368
dbaa5d47ff63125584bf7ac0,738240192
da12ac932dd8a2fabade4bdd,643347904
f35538e95b4a567f9b834034,854205184
6ee1e976768b68cbc8008950,758561792
a910019b3d18da92b4c6862f,819250304
a09413ca0b723170c26652a3,780169280
2b451da55be3683c33e4de31,899833344
561840990333852ace562b82,588343936
b6695af1ce28eb50d7a2c25d,820525056
9327563b40f2a0f888c68f28,966573632
3438e5d77044f21743e56edc,729211328
63cde4fad1be942dc5ee695d,337027264
8e712705b7de6e791c8735de,359265056
85de01c0aa787152c77c6180,458561984
c9b0673becdedeede0209697,455933056
15ee6357e02b76367682d6bd,810715008
5f284a75ec8e9c72abc76695,649792640
37e696957da15625da71146e,744333184
96a478c359fea0014fde607d,745932288
1a61721fb7306d55dd77b6ba,745932288
a7577260fa10bf408f1997d8,539839040
b3f8ffa761119a5441a44ad4,1032016128
a5c85b445f503a56e0e2a924,1073129856
5aac1a1d5da10b76ba4b690c,1018883840
1420543e2eb5f38e4d38ba81,1082636544
a530e3ff6d7bc1abe333245d,637590144
aa9988248c7dedb016d8b6ae,714599808
fe8ab5495cae81b5478026a4,650540928
b463c62e3c21e339e7acb52f,489785792
00a5133e7373eae3f0be8f2e,500872224
38b424cb0e54f0f7f2745781,525371968
c43530f324a3ac90f53a8849,808032320
abf93b2418fcdac14293c9a7,564829952
9b1be976725ddd512cd222a8,793526464
9b7f17ddae12105d47fad7eb,632309184
3caab5e89722761d5ab2498a,475668832
a2f40c8227b466249d6cb659,723866176
e6a5007ffb7c1321d4fc21a8,585976768
0d50b435188b7830a6949026,531586688
d4bee60a74c2e2235f507ec0,693546880
b474103c4b637ca25b5d89e8,518180288
ce6ddb82d2ece3b8d58fcc63,538803776
28403f16831effcb75471738,344951776
03f518e2e5861002772345fd,292588384
011a6d0f12ba108ef15076b4,308533952
93ac0b004ca60ea56cc2bb9f,391582912
1b70fbd3e46da8c47c3eed61,434723392
cb40d6ea6a1eab77a60c1ba3,491905920
87c73db5d50e8ec3a22e6ccc,345817472
9aea45bade274e4ed91ec301,507499200
43c22bfa9a14df7b0126c12e,486245216
6d848e54ee68e6d8f23b3b1a,449827808
e5cd7a2aed48057b0dc8d970,489910400
bc4b94c892fea57ebae3eeb6,393993120
e7bb12e99318573a6e6ce1cf,501776352
4b52ebb0f0a8878def4170c9,582820736
3e85b447edd3b23b5a0d3b79,671942656
15005fe7eb24aa25b9e3cee7,540931008
22e00f8057294350ddf4d42a,664307328
ddf2583bd65f02abf7ce3280,760126080
704e5657734af93d19a0e5fa,660383616
cc1a11362066152d21d4cc60,505754240
12062de068acd322b610fcf1,740466176
e9804af0513b2f68daf182b3,547007104
f13d8f4b2e3114d71e5ed941,895882240
11bccaef3431fc17953eb81c,883361664
ef2b9c11f884cc5f31c26f60,900670016
25986c851e13c92ede6c6d6b,994558016
37e28ed39a51956880d211af,1007445760
9530217ea0b5d2395adfcc9d,971737664
d8607e3261ef1546eb0c30f0,951252416
22a025ad47ba22ea9fd1a094,326191936
1c88ddc21f3e8e4ca633621d,258749568
e45ba581daff88707ad842a9,560119808
d7e97cc158c6c54b02fe635c,654363840
04bb7cdebb8b66e783058248,408640800
d60cf6dcb7b4b40077536604,872504960
85ceb648cee9f6f3d221254c,676299392
f58528d3ddce3bc6c71bfce9,827534080
c269765ece36cd93058efab9,643673664
919bdfeb16dd0bf67787d53e,585092544
ed8eacb8746dbcc3c2ef3aa9,584967680
15ec532ec6fb73074b9b12c9,619812800
58a724e8a0e05140b07539b6,726191296
2b7a5be93795a65d29970b02,826546112
6dde9af12b6597425160a47a,1105668992
f0ec99c13c61e89310ca9b8a,521734432
65c83da72c07b8e74bf581f5,500680320
3ecdb7a7d178b48361340ea9,686484544
af22669e3ed10470623fd8eb,590454656
748c981380925e1247b9e64e,859761152
78ab6cb1f62a7e781d4c4d0a,416897728
e80ba06329760362c7685ca5,236560288
3cecc0cc43ef46670a8e69bd,458009184
527e4b1b06637b5362c8f17d,518283232
cf9eb2cd0f20b13cc8816bbc,424380352
4b3a6baf8196a59bac8c08c0,474113600
9bb9864a6bcff25b17477717,632003840
4f7d630c921cff500705ee5a,555700352
7b7c0544ece4aa383fd5b4ce,473363360
191094739043620c72aad2a0,704126400
a20435d582c7646db231e7d2,655676736
1555743ec7e2f38904852860,569380224
1c7452cfc46652a60b7a4f05,736670976
97439d5a82f970e7f50d51b9,776422656
7667cd57d0bec809417c9b11,753444672
103f6eaf04b44c4013acf097,939149952
e6ef433629e193042bd30f4d,880293888
2ee7f959d069c9ca223115cc,924524608
b46625b69fba1afc154471e0,754402496
5cc0700421954934cd8dc445,687987776
066f1b68f7c053a196662fe0,780604352
645e1c7b799a489887086a1d,716332480
f426c41d6d8bc99f359f480c,469435328
d1be4eae680cb16d0c842606,1002110144
57a5f4f83a474ae156f207ee,630612992
53eab0ecc3ff098d55666699,892320000
54022fa49ecd9cf290aefc89,934699200
545db4962e6294cc5ed07727,793526464
8e17bc9f09099ba3138c232a,748454912
3b4b303bbeece313f92cb85e,794860288
d0119d7bb15452c473ed28ba,769789440
1a36f98c62f5126c8064314c,688250432
96a77e8e42d676b0da3fa572,676061056
d7d6f668e3e40d957163276f,564184640
5b908b8abd8dd0862440c172,641890688
81716dd4aedf72a6a14392e4,476811552
47d252717c4bcae3e1ff19e4,913312320
4f0b2f7e4d787a108a4d2537,671924288
90a43053efa1d292af692a87,433036672
c3df4b9fdaa4dcb13723b5f1,704275392
4b905620f76873355d317dc1,625938368
ea16314310144a10c81da9c7,552802880
0e5db1a36a521a5d2912b238,505437120
c53c58dd7b26902f67c3becd,463784320
6c17875f20f58b1fb211c18f,772509312
200020552855ed39d1af999a,391867072
b44b862cbd855d46954eca5c,440592448
ce47299ee877638c4729f60a,462330272
3a28bf9841e6a9d3f1bc293a,773988352
3a488b9e24d9b8fc7c222e20,384784064
5469c33200ffa87952b356d0,543751360
b57174dd86ed451448dc501b,374632672
ebe09efa32acf6d680341840,652016256
33f7d5aa494288cc90d60456,667154368
de9a32ec454c2696cf75eb0d,694309696
df4400c44a166c851ff46eab,645767040
5dcc8f6a6854a864dcd27a87,636508096
bc08ce9f24533cd644ef08b8,503320960
2935cc0e053bf558a8b73054,636508096
f08001f2590d7b734467c58b,589885760
5a9892659590355b91442979,652996288
ea34dfefac91681864c2bfe1,702439936
ee3b5d47d05a80c07751f7a1,939833408
448ad01af4c5cfba3feeab26,939833408
bcf43ae0b4b15ae168abca97,688370112
8ccd326e4f515bf7e817a14a,777065984
94535dcf38c9c6461a73db02,289463840
9b3557302e940d4da341cdab,438709824
edf8c961862a4ff8e1e44f1a,697340352
6e508fb72f189a4fa91bde58,755825408
7d0a4771afb00cf9a38ccb81,1082636544
8c32b6b31d1a1d5736c4df61,1176454144
da782fc0c8a79e3e250f0f67,555201664
c86e643b7f7b57b4482020ef,476804928
4632f1e8fc93e268ddeba07b,518943008
2cd372392fda500e6526695b,406625600
a05ef49ad8b2d6c466ac7412,814946752
9f50ed2b7e40847ffd877f4b,712526272
c00083aa30ba7d953361674f,460507424
50857161c59b991304f5c55c,535700416
3676f63aa0ab23ca7cd344b7,416445440
3710ec95af4702c45f165279,540931008
16db516a238934a730ced1e8,589137600
d450dd622183c7cc43a20d70,432434336
ba84fbef80c8a82895ec599d,882269120
ee85a12b8f764bc15164dc7a,503278656
0038a3b703f4ec779bbcfe6b,390405408
aa643acab634ee591a2a43ce,583156800
d6438814f4ff3853bf6cdb13,503816128
a37522af63bbed2f4d10900e,1082636544
0b715ccd3b3e01444b855857,461524384
fbdb9caee4455e99259cf921,267226816
b3c02569b8fb721934f51c52,409319136
c07e2ef0bed4be12e41c783e,476188096
1b4e4016cb766bfadea42f73,404628608
ecf4e968c925cf8322f8a0bd,410996544
6cc0e6bfd30ed93fca2bb217,401034912
3e7f514983daa92e49a7c87a,446352672
97a22807207cdfb341d5c50c,456168256
3f9e95762d2f2056e9716039,546730368
255c5b92d71a00c3a73b9aa8,492350880
58d24ab99d74ae4c449c90ba,642729664
51d1df6e1f28c40dc9074b74,899524288
16261339c3a99635717fcda8,663662144
1475cdbbac4aa486266e439f,573008256
2a9974fe07b1e4427e386e06,762691200
cf76689ebaa20c70d9db4d51,822754112
f9379319f992cbadc43b9189,765147840
62313cfe4272d263173e1ea9,826080128
b2c62bb0cf8d210dc4635653,1005949312
5d2fd288d33283826210cb90,971737664
3454ab4ad567d2d22d990fec,670783744
58be66aeab226c35330d57d5,669658304
315ea6fbd6b3261cae7fb900,743932032
6930d8e260fafaa5c317dc82,534207104
0fa99fd0e8cebb71a3bb0871,321705568
fba946e4ceea37176170835b,520800640
b53d4d8d0bd4a0ae84fbc22e,408657440
8bb1a2ecc997779d1addf12c,384012544
6dd97377cbc262b07ea2eb99,377679008
5c50853824c890a5a7f0cd70,410918912
4c3865a97f5877090e7a9649,450022336
a3cb2a035f98276076f2d848,552900032
40d04ff9c405cccfc82ed5a5,374208256
22caf82aae904c79057fcb3b,506751808
eaf87358d89af17c3e004c21,743566528
9ab5ef2c5650c4bd05248990,404628608
d96e3063ce77ab1235e2ba26,486245216
665d62a8019b27bf5ce6e6b4,506684128
56234f11aae98489ae00a8d3,642268864
76a5158e1a5c1f9fae8ee882,496375328
d974970034de145d469d09c5,436018048
7b5db1e4f4f47b4bf7c827ee,257224752
73ff6ce99ba5dd8cfab0faed,505437120
e1cecc8f17883ba6e2723826,439409504
857870b1412b84f0f19ed751,450560160
d89dff35fa1944191aa9ed98,604953728
86b89233e0176e034ae3cb7b,704315520
dd3d529f3745159d9e7746b2,625030144
af10ec1529a63d0bc10b056d,985341696
a2645174e4e15c49331f576a,886426880
311dcf366691c44243b7b89c,758398144
4cbc74a93e33f7b4812e1a7c,621980800
6e0140e1d667cecd155c6e23,619448064
dba6308e2358f30b7ec33f59,946552384
761ba98d35074faee3594dbc,768515072
b961220d34be930fada80887,627971136
c9c3973bb37b5c688a7c0157,696519424
79a0bffec81b17d606a606f5,886426880
135f6f92c4ec95847e8840eb,600904960
05858b1e4445f56f22e1f4bb,729199616
623b7d96c0fa09e50148aa7b,895882240
e61e5d3288f02b904d3b1e38,887206272
0d173e7afc8f8babbef6ae97,835758912
7635a792e5002ab99ceef583,608574336
4da93e7126354a474d435a4a,735847744
a4c71322f79dbbbedab3191a,487928384
57ef53ecf8b709ddc05aceec,627971136
65c3e09ee6f1ef0500ca4316,923769600
74d0b6e87c2045f95fd493c4,839837696
4a3d0390e005fa5b4c9403f4,877561472
a3aac701ae444b6d91b7bb0f,763496192
4afa3a1b63c076123e7a5279,953969536
c97adfa6f5ad3e3db6b80edd,1086237440
58cdc29143b85386c76bedbd,1019964160
1f81176d8a0c61a7177c6c2b,1088044288
1c2e69465c75fb3af2d57351,1005205504
7a10ffd970cc822108ce7cf0,826787392
3bfccc757ef82ff2774f2db9,971682752
3c753ecb3a4f8ce43077a6c1,1100176128
100e9e2623cb0fc52fb08813,945760064
90a269d52e47c1705f9b6cf0,1087305216
34f4df9fce2ec05633d0cbd1,555814976
1e4fd826fc8693b17f6efc3b,930510016
efd9d848677015f13688453b,245095136
07cd866c871333283ecb2d23,769034112
76a307d6b36b8a51115e91b2,464831168
080969c751cb94822aeeb755,286346368
1e37fb708b70b6b5e8fb5cd2,506784352
4e47d2c8ccf9929ad9c84544,450655136
3c877a0fbe08cda958ff8f46,655154176
ae59a0d6441697841d86cfcb,348952768
2fdb80ee4f9a35663e92b3b2,558212480
3a513410a390c75fc14b0b3b,500525984
0616401503f2ebc05af7ce4f,354097504
98b973c8597d5805f87dd074,680758848
7063abb555d919d5300af3aa,767574336
88c4b21ecffe12cb6c408a6c,540931008
75a4421cced1111492d00298,482608512
0482cd89d767b3b7de976c3a,505325760
bda9e5d8048acbbe5a9d49ea,498267552
2152ed6b2b2eaf16ec272cb6,322445184
9bf2e0c1bc82010e92da2540,661247744
110af3c21ecdf156898c7c0d,810715008
2790ead3eba9370f00024472,583156800
9b06c7cebd33cd26cd6cc089,1082636544
fbb89795386c14f5088fccdc,917925504
e8a3d9d6134ae8d631791e52,1010014656
5c535b7d92e34c0fe4b66891,758856448
d88544e4e85add30aa795ce6,391382016
01b78983d268b52137e5ac1b,435237888
25414034e50ca33fcdcda4cf,491246656
2212e0125cb7f75390020951,611244928
a4d5ea1b907e98be72b5c49b,612098304
2df90c0a3e2b9138fe276a75,724407360
c520b7e8de3796450ce49a30,402757632
35114fa32397272437e67a54,344194688
bb5726ac16b4ade709151159,369260160
b4dc6733589bb35444b74c55,689343936
3b0b0bb06d95c5ea1aed2d95,533499776
fb7bd85c05cd74d945d22de0,487832704
6396667677a878ff61e1b536,532665536
47b5804ba1a998c3e7544092,740290304
ad4d91ed26c1fd5702b94064,691574336
2b802261b8bd839aa0b04b16,917925504
0bf9fe130da23aea7142bb7a,919605568
90511f2411d4a37a7224b995,631878208
1355fdce5b97bb36da15734e,1021949056
775a6affce535c5a19ea5f30,688250432
e36d70d72c2758d7fef242df,514422240
2fde05df6a3aa9f57385e6a7,380440736
5e0100ae728e347eedce5b14,1002110144
a636ffa140f80412f003734d,755030912
74746d24b9bd86e23338bcd9,630612992
99c539fecb3bc233288ff905,569414272
44760087930212643641eeb4,1063702080
2c5d940b5ef2276f1fac1ca5,716332480
b26f22f1fd5a991ecd1e07f8,797561920
1ffafa78622c45ea4127ce82,631878208
32a555016892e7a74d231545,676061056
8d06037db08d0754bb67da4f,780604352
80255211d99c72e343b32798,1016274688
070062cd1c769f3be9255af1,1063702080
0451f65828e628c2220df77f,794860288
d96f6225db81dbf3d1a0e9bd,335120288
b1527eec2e6709dc51e03f9e,898913664
5464fe43eded098294d634ba,631878208
ea37ad89fbe4159940586718,516350112
4057a676e7012fd37af9c3b1,223609072
51273a81121232e7f30cfd1e,464224416
3cfd9ba5c6993718c0c532ff,333372352
8567e677b30c410df80004c9,557943104
7a34bcd9f86f5036b526c3f4,438005408
3dda25226646e1e91f4c948d,438005408
a2529027db6b525e365e7be0,547352320
c6115d5e908e04e67915a581,542544512
8d0ae601094562744c8dba4f,585180928
55209683056fe2f9faef7fc8,540465792
e840095310907e82a159d683,438005408
278fcdbf16e3064ba42c6785,680118528
74af10afa02e7724eeeef108,590454656
b763f71e8a5bdeecf0f3f0e5,444514912
5472d536d1b6b731537bb67e,393860032
995ba6d1fd63d5160fb18e71,769574848
f424ca724e7df1c37ed78aa9,746365120
c2aa451b62293042b7244fff,611729216
d4ca9506161d3f4bb3ca57fa,393318880
799862427c1f335eadedf4e8,349100864
1f3b3bd08063993c23586c93,499651680
817422f4c278ff27a22b05d7,518045312
db9798a3f9ac287754f3ae01,654533824
7ead45d1f505649429904307,592389120
ac7ab254166442188c6c5c25,800562240
67250a8950aebdbc67f7fbfa,905658176
641f4319c315cbb74872b8ac,478864704
710b0541a025b1b6a5a80c41,302973664
a10f459124248ef30f290cad,524983616
1aac53220223d0d823e70d0f,496157600
9d0ae0c4dc11d8c6d94e545e,503670400
be685d2954b8c7337ec94942,740551872
e43151473292e4e98f121f63,505679424
e04fab3d74d14be3b8dd2c8c,599295168
c77509a6eb6665bb8eb07d95,668831616
9753470e033b35407a2eca2d,441711968
825f57ad0527d4abf41cffc9,754171008
0d8074979d302868c2534262,784985792
15a3e60c7a5d55243057d7df,453418976
6de06f867a28393a9e95c7d4,397554080
4d418d0079828e244dbaff5a,529654784
2de93fc191360ae22b0402dd,374208256
86792949f2e6a347208cbffd,539980544
6d8a0768adedcc1070d28390,781233408
459963742bbaadbd9db97723,668444928
235b10cad7233d579a966948,613161216
4443407341bec8b7b0af40b4,917925504
d7047492f4c53a0cdbde60e5,934930496
5541cbe23acd6ffd4aa0d939,519543264
1d0853f825cc0aec6f5544cb,946597632
f016623361c6ccc5163e79d5,921938880
d280fed64d1c23ac9d79ce20,742039296
7e86f11cd63ff6c8a3c12fe2,901831936
9d7f161ee660b1bcb54574b1,1087305216
a0722c5527c6d3cd5cac9477,1063702080
278a2cd98528eb1341a6b685,439234592
b755f88ff3907bbe2a417e07,709921216
2bb55b0a92d62454867bb158,891587968
960c9349b6ef9b747ebe5829,1014980544
2c8352c418097f82a50d9bbf,1065662912
47d7ba800f164f397fcafa9d,629068928
610061a0e67aea7d222f08cf,1072571392
a33de2559b5f56d1b3cfce08,544988032
f020fef57e9069e4dea2d71f,1000424448
883f095dd3f7e972d7dd3c2b,408402496
b0b784bfe2d3c1b3b1320613,638415936
1ea66dd4a72d93f5967be730,531108544
90b04117887941ac898a67a8,358599008
022357a3d48ea87d58ffb46e,321713824
292224fa68b0303a90063801,515891808
6cf924390dd3ed4454403887,345779936
555a293dbc104e00f182fe34,505327872
e13ef02a57d35f71a4fe6121,309759584
c82929467d22589ec62c0475,355262624
18a74c9a49ad381aee5e02de,529956736
da40d46cb91d9e59fe12e6ba,501564768
6320f26d77fcd56675db6b97,782367232
3307731f3bc518012912f1b3,729657024
ba94572d1e050bb92522f112,476601280
6e0d6bcb01e99fc4959d3f7f,492606400
dc3cbbb2fa00043d02958219,688822976
495aa774f4db66db6df30e93,548606912
6ba298925ffad32daae55385,664095040
8df5099d856c7f9de43990ab,677932096
93c5c5d9d1e99824178be9ff,614333568
ffbce3ccf241890ec95104e4,251710688
2c03c38782e365e68b32d6bf,355973440
7734421098413f27fae86fef,750264448
2b50969f1faab80655bb9104,391628768
025a98586386211b1519f9be,456473024
6013b8c04f7b9fbc74ef1ec4,482868416
11075db1cf9899c8640e1b90,424785728
61ba09084039a467410aeadb,627750720
eb2880c2433c4b2500fd40ef,493602496
f7f8607535159c82dbfc6c14,493375072
35c7a7c0ace36f4b95423c4c,489910400
c71123c31d02408cdaa74daa,619812800
dd8aa138623604829d56ac2c,492606400
cb94eee5ecfc75d0fd5ba6e5,410918912
ae6bfb4eb4770f2266e3b961,319555648
573ea1962372999346590c0f,1104162944
9f7204b4bb3ffb8591e3164d,759784960
a4410bebf9843297fe32d63c,592384960
2afd9dd680803e3c12d5242b,663583168
a7618c242fd918ed894304b5,633736768
5ebc5cc2c1488f681cd119f2,672971456
cd53a991573ecb5c53f47986,800167808
75ecbc0c0e8e76bb8d734f60,753630528
47c2934aaa5934c68dcb9e51,886767232
386ad1ba1cada9649f3415c0,799703744
9ca0839c9c294674e86eb691,934699200
bdbaafd11259af6300321a89,664120896
2e41ceccc918145dbe7de0be,652846592
11df35a3fbcef34e47747e38,688840960
b0bcb64f2f2ba69cc712e0ae,460508512
bce0a4447db2d54d36661011,644280704
ef7ba10407cd74590ea3fff3,783273600
a743dc3903eaf3576046ef3d,687729984
b3d072ebd7908688d908d350,739256320
a48abdedbe3d132276dbe403,895483136
c6b7e739125907c86a8997d3,681644416
813d9415d9abca46ad4d92f0,920586240
c631f8920a2fd1160f6b15cc,749939520
16194707d4e85fe332411bd4,836198592
31e241881acaceb02ef915d2,663344832
a3f1214ea44063ad10956fca,781159040
ab086fddcb949e3dc0ed9b5d,698189952
ec4df02b32d90c019125d108,933191168
09eb808ca3859318d6328db8,705614656
f520fd12dd3ed32ba78d357b,796942976
0a2f7379cd1bed7d2d2d5a01,889664384
30652905d3eacda34ff61a9e,595308224
0509650d34981639b9c64a22,532949728
77cd6b199ee485314bc74626,472335328
10c836c2e566dfe9edcf3d8e,889193792
e109ccb29c02c9b35b789c90,850485824
2d60a221b478264cab9816f7,780402240
d34c48ffe935cec3358b2247,740475904
9cbed1ed72b444c22d8c1614,757474432
735c3aff4c151dbc32f9a76b,1087284096
a4b6ceedaf89cff74a292ab5,838987200
052957f95b6e7b41bc625009,1052579200
33a61cda27fadacce0d1aa7b,619766976
6c3bc8c58ce67b8bb9f5894f,1045273216
1988513503246248b80c7f17,1010965056
57c29184563b31f5f752c5c1,1024905664
bc6a7d4ceee8bbff9ac5eda8,824264064
f1b7ae24195b4414e6d6a001,1026920832
e7b3ec90b47c9e6009ca8a75,865244352
39b62c6fca161b80bc6726c4,892519936
55163359d7cd910861059389,1093117312
df35908d6ae2847dfc73cf9f,1079632256
ac822dd448e04e9f8dd1721d,655065344
7e86148f53beefced6e0f3e4,497439264
6eff15cd6372aeaab2e665d8,445787520
0a1af9bb571b90233856289a,484465472
b3cc5930a3cb26e35a45e09a,451274240
0c12f73305bc7d72bdbd9789,376919648
ac048209de77cae737d60545,480659392
9239fafbffc066dff0811302,420779136
8e0ba427ea909cb7943929b0,524603232
b3c99f30b16fa80cdb4f213c,582234752
d1dc16c82942902c668a5c9b,788913728
5cfc9e48ab90da0f4e98a7ae,657984192
9abad9f79352ed42d1a9f099,404948160
dedeafb60b4a39950e7a984d,404948160
74cca5cd08c4bbf5d0404d74,641786112
b6aa1cb0187c4a1715517fca,404948160
e22bad460ec1bc991f14bfbc,542877248
594d46a91315527995cbd807,766928192
2c0b4c8269cbe25a4e85e049,420925760
1014d3a98e886e1a7358e29f,550071424
73d6bb3d6ae08921a6117f5d,350146080
de3b619a7c80549db6ab16af,472790432
da34d6cd832009e428d2b467,328491168
104722434c2deed04a901aa0,361541728
cee66eef685e4764b9553a02,505437120
58b40969f1b73182cb6d30db,505437120
964e9c3f87176e761484543e,547168704
19487167081a9b0dd09d7975,709100800
7d8e345c9b16d0fd69f848ea,898405056
7d4ba999100c8e694fd820cf,760540928
c6b157e7a6ca08d04ec4de4f,469941184
84ec2d5245cfa146dab05065,630851328
c844a386941b86a3d4c0312a,419598240
0648aae13097ac649fe714b9,772554944
34f220a8ee1f24bcc5790364,404041856
d12eda0ba04f846d73cd7acf,637143360
c12904320223ddd043f39c63,416445440
8bce0097d22b34a804b502bb,445898944
ec1171cac1eee089be6f427d,439409504
5d85d77a06d0f0324d15d162,810715008
0349908483ce628a0a5fc164,636668864
d74da3bb780515b1273d741c,917925504
64cb8fc8412c9247a5c243ce,1010014656
3a53919313bd750f2b1af906,898913664
91d265ffaa6b407e9747b15b,880863808
1db1d1b76e09197dd915a8f1,1058290624
6645a3080e5d10779672d139,809322368
3ff6e77706eae698f86eec29,699011968
4670d21fa84e40184f03d5de,384628288
ee8bad3fdc93f7fb79c9cbd8,661350400
b624f0438025478c9f66fec2,903274752
37dba4927e327d3a4a0c1d36,491895520
8d16b1bdea35630a3b09b192,536664960
d54a4c353cebf18d452be515,332849664
c402811ade75f5e3dee73ac3,502402752
dd926903e87d691a0f15dba3,517789504
cb01687abe09df6838e1b224,533263008
6ad3e1a47d1055b55d14e091,635160448
b8d50a94e8166e471fd8282b,580958208
a77d82703468f2f9e8f2ea0e,665941504
5d2be469f69f31090769efe3,672256832
c4e8559ee733a551649a5dcf,556255936
5996fc90f923d6e8527097ae,535220352
32d5772adbcc785ecbc2c55f,597122752
5f088237d263c37e78264bba,380586656
799afa0396b9f268f239db51,400359552
bd23b1463f0936d2ced5fc67,648777536
8f35a5d800d98481d7a8b6a4,508625600
371b5ecf08973fc6e6849d14,531659968
fa70a55dd0e2053a1b566de1,481241600
584364cece0bc4d17f0e7fac,410189088
cd968f8973a267790a38f2f2,323669312
c46b122728ef4c9ae8be444f,556388032
4056182cbd8c12cd87ad9e84,521369664
6ac747618b6ca674e86cd275,472471968
afb02897c700dbac941ba8b1,531906752
198cd3f4e9be65b83f01ceea,754582528
c92bdf97d7f0a9a12c024406,481655040
e00e5934d1941490834c3145,760774400
5b139fdb19ff722a846d71f0,917925504
8b554961129384797391d1ae,930718592
854e27be18fb8f24fd433eb7,691574336
241d9f8599ce6cadac1d6609,635433600
b85b37ae83ef95baa03752f9,956712512
5b3ba9e56e24e08e1f81e220,351816640
58c6518f9d2d0526d31e7566,423266112
38a1e2050dcab9b4c70c5e83,569685504
da94e4a5fdebe3ae7bb1adcc,527447872
49fb2771ea6c1e8950cc9a57,524318912
f2b67c40a560af8729bc6072,423042624
13fc2dd1cd32d9cfa457a5b1,533696832
b6ebc3b8408793f5058cbb90,798872320
75ce506dcb994b10497e6816,554785344
6dbfb281abaa9a6956c080d7,303231872
af67a68803a18663e4b03eb1,369275904
a9c212f77a048ddc33ecebba,383817184
df89fa06e32e90b0b6c2014e,534701216
f20a7f264a8285a75dacdc1d,816771072
61a363a73f3c93aa1775c4ff,785825344
d8c1f7303b205fbaba2890b9,235382672
70962daad7cd15ee8af564fa,695056832
087caf4bce7b0a3fe3c47dc6,391582912
5d2200b04fde91f830478aa4,408080224
821eabfeef3dcc622fbcbfc4,248550832
3d722d960b860b4bee79ae2f,459369024
4d3d887d2236c2f897f3bbd4,503789376
7fcbcd9e274b75a157cf5d5e,506696064
88ea2d2d7cb6d641df3ad76d,917925504
c06088db17767866b7f4ba7d,810715008
e4a9626b1107b9397d0067aa,606333824
82abb1fb693f34877bf1327e,928686080
3279efb86571efde18eeebef,354097504
afca7b219d52b22522abd00c,380512960
7712f963ee37e91abb7342e7,459355072
2a2f455525c8e0bd709db91a,743969856
833ded72a8cc9c0d606a7a74,747790720
f3bf0be37be6292ba0a8736b,654745792
c06c8b6425e3a7c2d7481e42,408657440
27d4f17375f76219b446c092,331673728
9b7de95ec90da0dc8cff7011,437289408
8fdc9f203c3de5d486de7ba0,404628608
ebf2d540aff82f1aadf95f9b,405035232
51c48d17e774d6cd84f4c355,507499200
5c1d1ee26cbde5b766cb4ca1,740466176
2d26b8360f1da9a677670fcd,762691200
ce1b06502cb0c5d9846cff9a,547007104
3186cd0a3125adf3b25587aa,627971136
f839de5370a225ff993f5b2e,571952192
2900dcf3f944a7fcb33aff36,641602624
3f54091296f773f5a1bb240b,842262144
499f6f4997474415f0bd596f,934937536
110539d2ac34e5180e3fd95b,676479552
dccbc668caff517f649cadbb,838204160
823c9c7abf2d00140766a2bb,919753920
94af5eccfe170cbe7d428184,636597376
dd21457e18f07d7a927c0104,332020288
5219cb469fff40cd9606bad9,385487584
5a83bd697db5076016c0671e,462597824
2a1edfd6cf74573521ed74a1,532785248
40aad45bb7a980c9c5e1884e,627971136
a315b497dd8e80464bf0480b,648289600
7095d576a0b963eb340d8fdf,505437120
9d6288cfead77d622f5f5b95,758603904
4caf356c110a50c6c94f3eab,714317312
23101b0002252f3d4b3e1d5e,820405376
8d1f7b0cfde7e496e7bfe972,806392064
28e572584fea1555e2a517ed,622513792
6666ab486afcbc162fb560c6,864386688
b0978c973ec3291e950185c1,835363456
d6cfd3ddca2a59f0b6999d77,767658112
a77f5c03a98636d90f50e11a,1030170752
e6387696767d20cfa4918ca9,663247296
1dc0fe5bcea9d08874871326,401034912
ccdf0abddccb1a670f31c2f2,679656064
3ba769d65f02217656e0f5b5,624603904
628b3b56449724e7d945351b,858237824
b47713520859d58efa95bb06,886426880
e6c6625db90e519f9dcf1b23,535152384
3e1a1b2a518d3ca2fe3950b4,664095040
24849579dc9ba7fef1b24396,439409504
6103571d9525ded3c09668c6,415130208
a678e89692df9b14da9f19b2,499651680
47bed52dee0d311ae0016b08,545107136
36c0d26b83e575a500a6c30c,423399328
34447730b60ad12f4775894d,1070459584
aec1778ae3b5e60cac280b79,895483136
d95f38f5d1293c74ac52e823,1070459584
5dedb7b64b6ad0b514de2bfb,727790656
60c71a98253b5550d773a529,663247296
099ee1a7c91105ef46b5e7e8,555178496
b56533bb19eefcb244e69470,971046272
62f46b8989bee43db86ff589,239098976
4d485ae48974213b1594c905,720323840
c627c6287efaeb6fd9049312,450560160
976945e68af6a66f6fb0850d,445898944
93e443a5b3864d52765e6484,826546112
6ef9ce7a53ba3bd892e21f1b,396411936
6f3041147f930cd6cd4fae05,475322912
3917b95a3d05a5e58c117f68,204641744
d61ccfd4239026feb484cc93,519161728
b443781523fa0b5be4ad7739,834047104
6f0fcd78c473e4e04fd411c8,555178496
7f134c92e20aa9c6f084edc1,555953920
75075631f0fd84fb0ff49417,816652032
eae4243c274735d616c6b9bb,952956672
25d233d2779009affadf5e91,601586496
1990717d8c7aa8e732bb1165,720984000
71b99de83d83dd970b00f07f,844093504
243ab5db6e47f3536d04d312,857678784
61cb98125f43429f7f93c898,917925504
6ed772640e5a311cbfd17c31,395313504
d9f0b4c92bdc9476f50638ed,344194688
796eb5ae3ca5b63c9fbb240a,672579776
e6f3eee9f5048005f24f0943,691574336
291ff191bb029742387a72a3,789744384
829bde7f8716daf76f65ffab,752573824
110a2f124bad0f9381edce7d,892942784
76b719681617ff7f28d33df3,779259072
eaa6d58e226904e9993b3493,469702880
af3e3a83257eb507b96b2a1f,680091200
43969367322e86c68b51c2fa,383348864
50fe589dea73e764b7735938,448505888
13c9960a03a1c446aa5515cd,408640800
e7834f52ebad3d3cd00d069b,536814272
fae37ecd6046e53ea121b1c6,684252160
8a0d2f8860a90322d6c3b61f,460534784
008c7a02d158f3b17ee8e015,331411904
3ea6e8da2cb0bf83872dfd8c,550621504
9b184e58842bcb14dd42103b,601766848
43eeb2567c61bfbb059fcd4e,580422912
ac7f6087e19c2d3502368fac,257224752
73494d52196ef9838b1be34a,661350400
112d996c4c0662bd13af3ea0,891418560
8c3a02c9ca043cf0f322ba84,503791552
a757ba01a02acbdee50462b6,758956416
64e3401f22d18b573ff0504a,652846592
acd7394afcee30e084844c63,655227200
35255f80583ffbd504250554,659125632
370a0d0da794efd58cab251d,762987840
cdb5f8327360c750469cee74,663344832
dbffe8f46b3d9da2e57c97fc,809322368
25b1ada57fd1e5c88d939c71,619231296
05f79195e285c126125d258c,696340736
62c017eac96743cfbb61e86b,414706240
3ca7f183cc0b303e5d455309,929297152
a3dbd504524f980ac5325150,954791232
5703df84eef7ca9bec5bde45,903274752
513aa9c91c245ee4be31507c,716490368
d41d07d1aa700278cb81ff30,591251712
207e39d9cc4402edd48864d5,490201216
7134b03f54b10f282ac34fcd,808493632
6d860c215908949c4ba1c536,457336256
f35f884365b1bf6fb303d7b5,263621216
4f480aae78aa068901ee9468,350730240
39a12600317b58457f68b5b8,376616640
5f0c7a6b4f46203648a0bacc,364123040
d01f6c0b2b338289e9fe3768,514053856
613ad83abcebf6598f0079ab,476801536
effc32659ff9bf30faffb3db,460027808
73fbb3e6b22b957ba6b7557c,622146816
6c8c5e22025ca4f450a428c3,590649024
d6e333e793f75c2ab34fb127,612979648
b82e52830b51e823ac7187fe,512620736
35ed4187f732a1ea68dce712,527447872
0c5067ff99e15fcf99792cbf,527447872
0ad01fb039a198262ec59b72,691423488
906014f0ee3f3f4f0576d4da,505603712
13477d8ef90576ca84258984,512145696
3083a7ab1deb092f7aca6a54,469925152
a92ae34df90cbf8af7695ed0,678742848
82d22ca21e31222068e1ecba,787845568
11727589f7c66554e9114407,739773440
9982169d6f3e9ca61dacfed5,770108480
2de0ad9bf15232d6056285fe,631184320
eb6e6060b78676d13d6bda48,720398656
6f37300b1fefaaf746f53907,807341248
7698775967b96e3e7bf66e6c,750900928
863e5cf88a808b8ca96907ff,792677632
77b5c9a5f534a5b80cc16d09,795384128
ade0c9cf1f9106e342c69bd1,661088640
6fb45859693c703fd9c812c8,700909184
45badd183bb1a4c630174f3a,558205056
f66bad2cd4b09ac29f540f63,677795584
fa3017d74586eb4c3b5b7db9,737301888
f09bb33b65b5ebb8fffc3a21,809898432
600dc823c42aa64f60fc3ab9,626309056
c1d9119fa7ae7d44362f18ce,591920448
a1305fd943ae63715529209e,811924864
8d81b4681ad0055c274e7da4,723907776
cbb10e7618b1385cf922e815,684394176
b09111ea69c4be8ae120ddc3,618474112
099f07f9ec4ff6d835337f86,458963008
c70f6bd5ca138bacfdf8b5cf,568561728
a6c86ab7381f6c43fdd61a01,448684832
58c2b87098ad454b1fadb13a,687857728
6afff7782d129021eebee968,766935104
ad92f3ea52673dee0a56902a,849570688
3e040e87b89a043564f0d0a2,750652672
49d020d2056717c2108b0927,855093056
a4ca465294c114b1065bfead,823294336
ca9520c7b8432b0521b2e8dc,354820256
4d20f253940a4492b4f6a9f0,396113120
09b61cf8ff3ff09ac892d073,395250976
86e81141e429bd81d7f0e73d,616868608
b9826d7a6132b16df1bf58e1,335387552
a90c60e05e29b77963a11246,459220608
6e9984a3c3daf63fce5cd3d6,679852864
a9eafeeab4ba51d3644f4052,484465472
f74eed3a7dad1bd8d92854d0,625318080
5b377636fe30946fff973f3d,572701632
5bf6c1862c0bc967da2cc484,636668864
cd5111edd2fe80f56db29531,651015872
c76c4695ed005277a59451f4,758398144
7dab6cd1002a8521e5825bcc,711596416
5b57258272dfd1babb29e7fb,699011968
f68b7dfd0579838324895097,596749184
812646c7de863919cae5edff,729437952
0da10eb6093728074b34fb75,928078080
c64346c8b0ba32a55292e66a,934930496
ad6317cbcbb8bc27b0774fca,921938880
9f43c80d2fa31a09592b030b,740475904
5b84f5de073000ad4d4b1a04,1010014656
d94d18cbc812d560c1e38ffb,866895680
ab3110b5dc8ce81471f69c16,1087543168
138a1990291ba31024455eb3,952416832
646bb3de5a1cfe4bfb7a7ea7,1179450496
d8fde541f142e6a7f0b28099,532775136
ef61986cca74fe8585b1b287,478224416
e1d8eacecd35515eb19f9135,1040918464
8346d64ed6211083fd420ede,473308448
4340fcb9c80733260565c24b,748029056
ff5a27ffe7de039e65170f9e,690868928
ce407c1e25333d7c7eba1b0a,390405408
f927027bc766ae6c111fb685,272394432
3f9a3edf25152433969f98e9,487410752
987476ca395533347581b2df,701826560
17d0e3208fdf10c77e95bdf4,575128896
b485036419de03f5bad01f35,745784960
d3f7847147c88352bd3b9707,657613632
aabaec5accad3f545f864a3d,724355264
400a103762ad652e81c8d3c6,535623616
acf15357c1a919b6ee78f676,971737664
8d983b9ca65f19ff3d69985f,1038838528
b9a80a4d84eb918792324dcd,445839936
223b3c04803ae7b855f9fd10,618619648
e5c8f2d536c3f931eff2d70c,419090464
f976ec33e004b2d4d32c2eb2,279140832
cb00e44cea76a92e9c44e793,351963904
0e6dcbf136294f2a99410052,520472928
102de0a5ee4f19454b922b96,594094272
cb1c8ab11838d9f0a1197e25,784360384
2e2f1072d8db7372b2c2419d,524274368
8c4cc779f5034e9c10b2e698,301523552
85734fd69714897264ce2214,398657472
5694c1f689779fb5ca95686f,565091968
f3bb60434cb36fcdfe218478,499423200
cf8bbd3528d3e7e2b8f50c29,700790720
7db1c8214f229d865da455cc,557592256
f3478cf008a7ad268a434ba3,456183232
5440ee15bccc4eaf827fefa8,582825792
78e85ca7c532a77700bfae6d,683865600
eb5e382e1372c4e94f467673,650457984
5a11cc89d3b01eb87535ff1b,742337472
d0f5cebc2059ca89aae30c76,505564096
883371e374936fdd74d09fe8,424785728
9ab4e5f8cf2b807603329cdd,534119680
c37c7859956931d77cd5c9a8,514971232
730804efcdd755786bf734ff,279580576
9d021f3fcbe5f82fa1c1fd94,466833152
975ea2f56001edae07f28fca,354314720
8fea95d0a70b1ea918803f58,627750720
4718488d664194a3c0c5b446,634375744
1b87ffa033dcbf4e2805dbb8,391628768
1a77ac51e03c77ad280be447,507499200
228d165257ef052ad50433c7,355973440
513a83ac5bfe27c5b813ce4d,479984768
73bde441e18a9548c034372d,541325696
26301269301b6f96862af599,656097856
7b30dbf2f6d835ea0c14b392,660383616
254de3f3fc52b8cb62141baa,750264448
f566603aacc78da47a283804,729657024
990c8d65ca11a97a1d34c5e5,580422912
a9878134c12696d8199a1ff3,692442112
58185ef7646efa724e904f5b,734380224
37d5b8f329ed1ec29d4bc035,727287232
e6f948282e81570fd03e4df2,624603904
8b801b4cc1d254d0277fba5f,633736768
33a334a16c4547b9d7842c3d,664120896
1ad9e105d9da875001111075,656508544
08ad96681afa49c74721daad,646766656
beb73d27906bea7a7d880791,1104162944
bda5b2e5a87a4905a30f3b8a,749939520
5cf70a67ec25288657d6fff4,687729984
baeb4e9d612bffb63ae3564a,920586240
1902f509aa05287ba42f546c,780390144
c0cf9517f20ae81c79ceb0ed,916292544
2ca8b22013c529b412ad764b,886767232
b38816ece917027a179663d4,460508512
c89167e42af0d42c88e8573a,1024036608
09254c66d93cbbf2675b775e,783273600
89f8ccb0c1e2136adf87a10e,821747200
cff851746578050bdfd46090,824264064
d53ddfac67129aebbe054024,838987200
53b5ffa0cf0dd12e4eeb6a2a,1087284096
62db5fd2a4eb831d281ba8ba,889193792
59b5fe8d4f5ae272dbaa5ba0,1070459584
3c1b7a0a306e16e8c22d78c9,1045273216
5219c3cae1c92b52551a8571,911171392
de6aef9a5e47a614b75ee576,807611712
d168181ef0dcb853171cdbb4,701611200
6c8e27967ec63e6dec4bd6ac,1093117312
8544bc14286a51e60ffee7b0,1097192192
ed48916725be6970cd2f273a,449146432
9ff3268cd15cf039ab958413,335723008
16cc5c280124618cd5d00027,452134208
ac028c1580f6e4da4ccedf0c,391946272
673f2b913006ee8b33e75b5e,490754688
191f96722301456877893b22,503082656
a7d8e636db44cf5d3ceb67cd,624337536
1310e9cafc0b9fc21c212f73,773475712
1bbbe4e1eb264f5c69467e50,396750464
283c1142d027be336a7bfacd,354142112
4d09c2354c67243c968dbbcb,498348128
db3edc43e89840a65749cd94,492144224
0274166db611aabe4e946a83,492144224
8153b36347669087e363801f,693029248
e04473aa943812de1d662058,764192448
7742e8923a4b832e3d94f3c7,776144512
536b5a8aea016aaa90fe744a,789314304
d2c02052de9c97c531a4453f,571952192
48378a6148532f71abcc2f98,762066880
fb0dbfeedbab00cdc7eb93ee,887073280
699412bfdab1157487c81725,682658752
a63c26369cfbabfc9c2603b6,731681216
34e5602cb58501859e32dc9f,639075392
da83b03a6c9d405f55714b0c,994558016
d938d682332fa9e5c4986024,803073408
e9e39766e2c96bc783d580a9,1069413184
fce89a9ffaba32f9f7c5895d,1087305216
2d6aaefe0f50db8acde6fd1b,1100449152
1710873f951e7f695fca3568,408657440
0ce068461fb3bf34eee000bc,446655072
b5606ddf3a4e60e2a0e0d6a8,721662400
2c2e56e3e5210c111c7de708,647074240
94118bd8c3da3f14f9c7836f,492144224
d20a5b3eb857e1f4b548066e,648752704
ad37e23456bd4d90010f7784,588563776
c5602c608080e2546dea5463,469574720
e3bd8bd5884a55fc1a151687,793638464
aa31e5995379bc38dd40b8f3,699641728
fe8a10fb4031669a9b21c919,912937216
08eaca41f26eb387b67bf30d,1073129856
23ef4d57d130e4130205f30d,813028032
d6f1594affb8db7a865e3452,473481664
abd9cf3c36309d590e58c2a7,515027072
1c177af5bb41e26ac0135b4a,648572992
a05da8df13eb4b121d536912,544104000
5a5a581ad5540fc82cd3c2ed,573671296
b50ff8bfc0b4c4b165c5ccf7,655676736
2abbf26e80643dfc1b75edcb,754171008
ec903c33a379d8d2cc04ab36,926496704
c062d873af3b7cb98ccbeec9,962394560
927de0269795dbe0566a0326,711385088
ee703dca75c4dfd5d035c9a1,358505152
b8a42b02c50438c2ad7598a1,486451712
f7216fd19f41ca5ea66a9169,486451712
f487761a658a4247563faa38,621078848
caf878b42daeee3c7de336e9,677960896
29d0dd2d4b120dd54c34b13c,651957760
1cfc7d60ce613536d23b093d,722233280
c6c7409bbf52c86461aa1dd7,706656704
312ef52e0250429a5ecb3b27,797950336
48299e52748ecff3b69f7a90,536804800
a02f6ef1f148659297d46b33,521449728
67f664c8f9250a22c10b4f67,776144512
4977af03eebca1aa266289e2,438005408
39af71aaea23b5c1e987de32,426561728
d69b019e6d54faa1cb044d39,917925504
024e94e72ae88464621539eb,803073408
b980c778ecb2709696265c10,1069413184
8780134f8b40f0fec4d1b661,912937216
107f29b67164ad6861cb7059,1087305216
c8958d280d0cf2d8a0b481f3,609164672
1f8f74ce8831d5532f330925,787736832
7be46b6dd9891ab771fc4be4,373552384
4f4f7d2b14079ddf8754d6ad,631878208
5921ce922675f6517f8f0007,1063702080
49f0323d28ef0610248c87c0,664987200
3ef167ca6c4ac77f6968d17d,676061056
8d2f9968ec8aece8d1a20137,651940224
4bad47078442f3416b2c1ff4,445787520
5e1cc2905f7a701f895123d8,603861120
a8633d3336d097920bc8a9b3,793526464
72fe83366bf13a53937b7034,716332480
ce78e1dbbf0f7aee98e244df,688250432
11be39d287e5a8bdbecb5994,762066880
40a561bf79fa7a08155e1183,637809472
3dbafa8cd5225e261ec9b6ef,292588384
68cd88b657b59f5671f59e04,358110304
6a2ce95a8be0654f193592e5,479538304
4e613cde51f9760d3c051562,794860288
1b69d2c7fa8f802c4af1369b,676061056
f126c4b36c00d0ca11c21a2d,503286400
e6a7e6b41e6c6bbdc16e1e14,631878208
5a69ebde2e113923ddbcd18d,739256320
72f0540aab38ebaaf9a389f6,780604352
75b5bb7b5ff8ebcc863fbdcc,787736832
096912698fd9a59d94935478,630612992
f0ad965090221d2349e90d5c,898913664
1c224347a1445ae01184e0a2,1063702080
0ee7273686a0a92fbf48a383,1002110144
e2094d28cacad3e2a711c5ca,455972896
f50e0ea2c3831235704b8c72,266988464
1e64759f297a66524eb07b7e,543164928
7636a187e29abcbd8fad6244,388379936
9b858a70a031475e422e375f,527077120
56c2e8e14f9c6c9a9f046a08,807296000
1bd7b990be19afa5acc78bc0,447916736
8b36b7364e4a4c80a6e50bed,703083136
d348d38769937c8f350297bb,782439232
f4350916cbddd5a544c6ae46,383393248
237bce11f35d32ff029498a3,478737760
faf92fbca9baf8cce4a00063,540418752
812c9b5407424f956d308b06,643877248
9fd4adb5c63fba5a11661b23,384628288
168f81689afa1f055d8bf7c8,728826624
2a9bbffb1b98c49d79bae509,680498368
b95ecad591e5c69fdad8763d,532249504
dc51caa89a74da37ae644ff8,532249504
d97895a836e6ea22ff3265d8,388264896
de754bceba2d206a9cb4f116,314568960
036177aff84b1901e0f18759,505564096
8a6cb559a488d6ce1b641585,566199808
74c4f233c7f385be73168e0f,445898944
27a6f3e8f9649ccce7680f0a,527192256
711045fc099712aae3fe4d14,507499200
01e033f5bd502c4ad398ece7,439409504
a99261116e0158109b3e3bc3,459193984
2d8d64261ba659302da4a481,660383616
9adaadeeaf6a403e1c8754bf,624603904
2ab24b9c5349427998338d21,488433728
09ce36a03c52d6721bc5276b,621314368
80b37d5ebdb325edef39258f,684362752
78a080fc98669c0cd9153904,1022542912
2d14ad8ab9573c406e203ed4,783273600
145f33a8350a080231306bd1,755745088
b0aaae3a435fde30c4c02fac,769502400
b3f5af523b5d6d938693ebfe,720323840
25d62e6b1a1a52cd8080354f,850485824
5a06a8b33611251b62d77e72,891997056
e93a9b257ecd815c860d0b82,835935104
610f192d22864016cc2df1c9,486360960
4e665d479b3bf2e25cd463a2,659256128
343be18b0f77260f32ec05d2,495675584
33dbec39ef8c0667e4c3f039,591696128
b24fb90a2aa5d9d0c7e1541b,740323584
b56a3a017449fc4ce417009e,530697344
e0dd5e6879d824a95c3c1773,364806144
156a20e2bf9e48b9a360f9c4,400946368
d5583fa23ed97a3b9413e910,501387040
4e6f695bcd4d3c0d8497c1fd,998236416
da7a511a5f470d99ab2bc4a6,619812800
22a6058ffe790c98a8922258,877424256
0c19c54de06d1c139df99ab0,758405312
48e687093fb26d29cda9ad6e,433127072
3ad3c519ced4b63ddbfdb0a1,374858432
0b221ebf810f632568c1e2c9,574731648
7930f32456e796e40fbf78ed,641913984
f084bfc530f4039f6631537b,503816128
f9793063f561dc76c0b49a9d,814501824
4d2ec23fff8eb502a9d93353,954791232
a6f570e11883e74654898d75,847705600
cdf11b53a23fcf9b6032cc8d,625521664
6f968f62a6fa4dc255397bf7,825217728
d692ba46b098c6658799ea8f,388453952
774a4b48d34052a978b1180f,511435136
acea4c7aa1185baaf6d3b60f,652300032
07ce6f95a7719abc9a204b6d,782367232
b371665aece480b8c1602773,742214464
5edc37d9746cbef8352f0fa4,389473408
26617e1fb3b4f0e4a70e1b0e,907433856
b1a13541b37964b8b85f4669,421418432
94213637892f5fe643cbe8ca,421418432
742acc26686d04596ba60a34,348952768
acb1d16ce30aee0a39f01f09,610999040
e0d837e6d5d74fe91d39d23c,691554176
29028322a6d692edc5ca713f,789047232
03d54a6e80d48c96a7f6a1fa,570573504
8616b310e335f539ab1109dc,691574336
6c21f6a3513869f93b32e9ec,1111323264
10084cfff54a17bcda6f19d3,776303488
169c742419c0d4335d09fb45,701182144
0f06896d7502890175cbc4a0,767570688
7d2e3464d5f2f79ac29e6c0c,372036352
de9053a55630670ee8e59c9d,661125440
8d54b9bd24cd9da341cc942a,546415040
95570bee1792641c7c12e4ef,893722624
6d0c5546a498fafba15f2e17,427187776
ed43b0ac46067bf886457c01,667091904
8890eca19a9e1cdc9e0f0541,579346240
760a5dbccf4eb4ccc2622b77,433728320
20fe2d7fb3910ef786cff965,435625184
602abdc140c40112afc1dc98,441046432
b7f906741cae6861bd5fb922,404628608
4d45fbe5a5d39188b5eccbfe,720683904
08f74ad7f06f2c409903ddf9,657138624
7be186f4eeff5c0efd58e424,482608512
3d1a767dc286fe1cb86ed9f6,740466176
2ec9f5265334241fc594976f,503816128
d737b8b7b39e99f7d877b7ed,488275456
8fc50169e6ec98a3f4229ffd,825623232
942133ad6b84f9d08e1d4e7d,758398144
c965b03014d21473b27072f8,772554944
f1c8da86597a427e24dcd557,624603904
8ed5e7770d03c43ed19abf42,768515072
68ea36e3f441cb6da8d36198,894845120
c97715bec6032974060480d6,822754112
e6eb47d050702ed49ef5c49f,839527808
5a82fa348f3b97e74cdd3a61,765316608
cd05166ab9bf3128c23fb8c7,722890880
cbe4318f63d73fea6238079b,1036134912
efcc8d268982e95fe2fdb311,1010014656
c45d7f326a2f279760d1a4ae,639075392
7c5ce0e65cb26773edc9ddef,994558016
357fda0abf79ec95f73e3584,362018176
a1e8f0c7cfbfecfd1549b0b5,633520128
3f208f32cc24d8ce1506ed90,536355072
87ca8a2b3251a38d45730f5c,584309824
728961e03bfa6e3242f06d8a,441448320
b9f9dd0d368df912e6e0ce70,788413248
429b049255a7edf227a980a1,536546688
a6259664a05091ef92129c7c,465054176
674c915c52b27df2c06b8bd3,613542848
f8be64dc83c5923983fbb770,379876512
445fa7f5e8e9d7f12e8991d4,1129939584
0842816a5ef4f24435c8df22,724742848
40558b62d83e4362efe1fe26,345858592
bc474096496b98177e40f590,563474880
2b55989b2253416428ece917,563474880
7158e3a6d456211d4533e246,331411904
d4fac54e137f5d27ce5f457a,649742272
faee80ca0efce20e731823bb,794860288
8ec09555f5a47f96a8683699,1052447296
2d7a48a6b9fff20ded24f86d,416626144
514b09016ef85b9ddc4fafb2,708402368
a1c975ab16effc6f97935e16,606471232
e803e3806630c6579f004610,471602560
26526235b34fa5b7349df00a,402360192
ba762cf12cc038e5c43bc6f5,534560288
45aa335dae223bccb31ff7cc,475073216
1dd3d7e197075859c1ff5b23,908293184
2db9b3463f85dfa87347d6e3,899833344
f72cc14d79ce15491a96ddfe,981874944
4e25bad08182b79f5ba9639b,878567808
e724a1db86d8d0c6334041b6,570831808
8fa53bd51f5d54be50b3fa29,507792704
fb7048ba61e9e6b1de829bdf,540418752
4bf70f19da0bddec9241d310,529956736
13c7f3592bd432c7cd0a42ab,709138816
cb64b363295d36b9b0fde3cc,329559168
bdc17ea3f30318b11df30508,688420096
cb7f62ac4c1afbb4256601f0,360934272
5d6c275d9d3326e738c875c8,881743424
9865836c04a9582688f50496,472703680
55a615b65a28b64d46ec63e4,437008544
dcc9e2c9c1151bd9f93f44b8,723085760
1a2c0e46bc18bf3224450064,607228352
3de8187003cbf6c4813bee45,428536672
d62663a447beaec69808f85a,429550240
1ae17f134221d5d9ee69ebd9,566105472
35e55d060b1c4239a85c0ebb,490007776
45917f1bac415feac7e41124,473034848
ed44705c17c414af8442b6ae,626737536
6f01f2c67343ebb8ec717a5b,630104768
8f2218126da9580268661c70,952522048
5b36bc6e78872d2ca6d3d1f9,537590080
c5c7631ddb5b485d0e992f7b,581813632
43c88f1874dc7f91c899df36,772517504
dc544c90e6ee38346a6002bd,849350848
02990998f3621fc5a3d0ee63,185965808
dbab5ea45ae910567c97fbb0,661886912
bbf80c409ab3a6784028eb6f,409859648
40e56beaf4a7f28f8108b132,409859648
e857db57a89e165eade00770,459116992
41fc4ca2b3f48508d840bbb1,407136672
08c1db1e620e975c4d476b2c,320602336
8a1d93bbc83f4728657317d1,528292800
6be0ddd4180b5eb92908da05,410189088
ff1498465e4db86f4f652e87,573638464
6410d336f6e61c4a81403c61,382904960
169cdb07bd175b4325fd28fb,552081600
546b56fbf616a6dfd1ad9d88,712790016
666af58bb684c2d8e7574e86,434350400
9fe75dbfd537f9ebc6653f18,628510976
ef961c130fa3b9015b103154,879600256
035ea0f13f2ca01c902d5388,635451328
7800f742ee14c4b4142f8b58,510151616
0c621256c4d7ca81045fcde2,538368320
50db9d168354ea3d75a03a6f,663331520
7bcd1fe7a140b6eeb4df2aae,436103200
49a4cebdb22fc2d72bd1aa78,306643456
69ae1f2868fe714ad8e2f114,388379936
ca4f4a66d83f2043a7dca261,402757632
c0ef32a7a294e5891505bf35,402757632
5ad6f4091b77715b7f74587c,508219200
331e915e2a66fb70380282d6,339199744
3a00543fb00cbc044a5b3527,477212800
81df59c6d8be19568d16ea3e,337025984
88a4da0d72977b0c56b31061,369260160
3ff9e75c6de41de517d1c4a4,410099232
147f80fbae69dd577ff19950,652775872
78beee9b7fab8600d420fd27,517266624
c3733b88ebafc0a05f5bdc99,539510016
568509a7aba60f8fe2d0cd5a,518057536
f6d3f7e963c9aa1783b3adab,521075552
ffcf6794a400aba909383b41,887509952
fa0aa00078cc178de0cc7d96,699011968
eec51f949083f39691e37e15,849383616
26f3d5bc3adcd1396747a414,971737664
cb9e058f82b10cf80990beea,659494464
22a0f3315f7600e5120db131,252156400
bf6845aac15fde9b89a7208b,622118528
6e3cbbbd3f4d0578144cf021,489277120
98a0289e513d5ba036b24252,617426368
597d3f78e2f413acabf825c0,416445440
43a91a731e86b9a0784f717d,734020160
f34ff57e272cd08056e6a243,612298496
6f68b289516faa0b7ef36a34,358061504
8bd8a7e19b6d3b8bcabb84d9,478224416
74b64bd536ebbcd7c30ef8fd,843797184
f968e756cbe6504fa0f32458,665990656
e99d9dcb9880cbfd219b4297,773343808
4c9e6812520f4aea4ce435ae,813251136
78419be95416d2991ade8be1,393456512
d417ff438d2a418b1f9e50b6,452126912
3ac77ed776aa4630c7293240,655676736
95173735a8f6e554f083c065,675617216
83da39bc1a2eeb75e2825c22,774792448
4bf89c9e50c5417ed669c481,753659456
f90fd39477c8da38e33ba0fb,500157440
b45bb2d0d137de6984d4e1ec,564743296
bb812343bd6cd66e9cf9a9ba,460609504
e299f614cd8ae525fc8fd0e6,728296896
521e9326a2003c7b56fc4365,789504384
dd59ac4f6706a1399360bd14,917925504
d6c6e7f923ce2cffba8ff9df,691574336
df07a34d0ee2f78f115c45cb,896100992
db6061f876f890071f7ed957,876196864
b31601cf48b268f3b4107564,649167808
3a9b2ef74c59e96a6b107357,435069728
d600310e19c926cda14ac923,934930496
183f2cf1a1c7eb9700b6e72a,1010014656
42556b1bae874a5c09777873,921938880
57c1ed738536d177d66fc52c,1082636544
26cdd114566b7cc63cd96fb8,636668864
0f679cc583a47b30ea132bbb,583156800
32ea7e13e8d9391aa9b7ab9e,354142112
0a482968c7cdf212401d72b7,615104512
85e4ee2583c51592d68ef5d9,402757632
f4ce15aaa352d707b68cf773,584508864
7d383abbb6ac49c6599ffb0c,754171008
6c67b1b0991a1d79251855c3,896116416
9e52ce2cb6f6b7e2a152dd54,745917504
bdeed3a7395cdb9b175273a6,731681216
423ddbfe2f575e6bcb22e7b8,752857408
3247399a31df838ec5fe58c5,781981888
bd57e5cd29d935cb26006835,519543264
bf00f36c4dbb273d7ba4b7dd,477365664
48b9efef82faf72bcbdf66b2,891418560
d2526a3e39ea01f87c99d073,787736832
651d5cd65f80c4938deb7da4,405852800
0be7803a34b11d89133beaf4,472741696
a54b0b282edbd217e9509287,490754688
550c5061428d09afa0c409f3,537301440
7538c609fdd115c9dac551f4,600016512
d7e3cdd3ac239a5c318f2e9b,769036800
9bb193ea939c5308a738fcef,316896192
33425419e1a8e854418c5180,457040704
fedf2e30e390f5cf74b27e97,346802848
024c5c787d005adbe770b9bf,488552032
13f681a090b36edf38a4abd0,318613824
442c6bda79f63bae28674b1e,791403264
47e0c773f65485ab7c78d49f,464817952
9e30b310c820d0426f504d90,331411904
8cdfda9067e0934a8ebe0894,681805504
0a8aaa78f68d43e3b1bf6c51,566199808
1101f533fd18cae5d32c1cbe,582617984
9f6af9ac2404a8d55f24286b,508448256
75060f295e0aba8e1224f766,383566272
f0e68102ff84f49d90fe38f4,446128896
3c45bf3e3e31e7804ac91704,473941248
f908e1de4c4be0d77411a998,580184576
ca643c04044fabc6fc566d12,807572416
8aa76df8fea21a42fb6229ff,500444352
c214d2383936dafbe0652c51,891418560
993898470c6676ce46ede92d,587340288
18f6240cad6e92f9151099c5,639734848
1e63fac2629793fdcb793f1e,649742272
e0137390f0186c98f4e91263,746214144
e35f95823a486c52b0f4c2b6,487017824
ede10672118071a215ae09fc,688370112
fcf46edf6d612ff1f5ed6134,758398144
df4be33c0931aa86231b7a2e,964409728
53fdb16ec08e794dba9a10ea,718835712
74c24c5e142e5267456b24a7,519543264
f1bc08407f40396c094e0499,921938880
496ce19c015093e97144d375,510859520
a183a1c009abf7251fd725a1,826831936
6bdd97526b1a9cf10853df1b,729957248
f083a8f187e2227696695ee1,696915840
2621e068043a5019aeed6c8c,757739648
3b43e7acfab46651b099b1ed,954791232
6565b3281cc2d632febbb6dc,1024804992
09e47ad8508e7cfee83c6d68,979324352
88b02e7b20ce6db956afcdd2,1035355520
bfc41facefe9428865e4c29f,977784320
569bb17b961fbdadf7106d56,1080551680
2314e3ffc7242a429e00207c,867736896
4bc1e2cf5e5ffcbe1020df08,741522560
949c4a5382aff4750b4dff83,701611200
a63b4a22614d334b4a61ea16,946081280
734fbae84cebd50aaf71c48d,945760064
f92935374a7ef86314223c5b,1032913024
6cc8e22f11d382206273af23,759870784
701768887155444b77c4f446,375945408
13c86cdff4dd32a9f8b9adcf,768022400
8002e2cd1b70ddcae88ebc4b,876589056
d0d77497c8a7d567f01d3afe,600696064
95a7b01cd60cd10e7364a600,432480992
d1e38d7cbd32567c874e194b,521681408
e674ba41f9657ac8f30d4f7c,503286784
6bb760d54e5b0f54d9612a8a,780604352
9e3bbcdba89c647e4ce53182,516461472
72927abf4bcd53d6907aeeda,794860288
aebaae467e5f01db3afe69ff,403002752
3ad457c8855ab8921a7974c7,716332480
1f3d3fbcb686ada1a96e01e4,566544832
0775d831f68b88ca59eb871d,791777408
5fa3b0993cb43d3c72c30093,891418560
bef19d0084cfc9f6fa37ddd0,546324288
85a856b4d0dfb1fae861f513,676061056
07fa1ad76017843232107517,1063702080
4049086139009c35dfebb3ab,424797760
655120f80a39c19221623311,648589440
71dca93007d6ba45fa40eaad,631878208
9f41ce015f02d67e193c41f5,490844832
9017bd24d173b2fcf564b32b,1002110144
e5ef29d41082025c42f7c921,546977088
5c60d7880850970facc54bb8,746111808
f51fce25d8376d48fbe73a43,390813344
9dc7b0a394309d8b76d0bb7c,827959552
a12ac99bf63b547fd9180a79,431620064
378d846a7af35e0c3efe53a9,621464128
0872198056be7edd5eff220c,651876608
efddad1eec775ce61d3b7b64,623787648
70c19d59c6b9e194b6bc09fe,680734208
b0d3d98076883f346cee8d04,984487744
c7694e92a97bb66794e62fbc,546543424
7b4fcc72822460a428c19282,837901376
a6baf4631223d9b24de8b590,442706400
a6f616d63d134f14ced205d1,911171392
50c123baa5783185ddbe29c6,671208768
24756921525595f1684929ba,479663232
caf9c761d21329c993a0bdf3,636071872
193d70ead1ff1043845e7671,478737760
62ea31859e01c2f4d4e97baa,491326720
272b5b5c28e46c6f5ad95c22,546730368
552ab0964056c1d1d1b7398c,646650112
23799891583435710f66303a,660783296
34896afec0b639648c527483,613832512
eaf53eeb911ecbae638409e5,451788736
b1fdade0fbf0470060fc2708,389391200
8a20478528e97700dcc84abb,552900032
702525f05b47353c95b0905e,357110592
b84c837c5a1fd0f1ebc5f8a6,534954048
ee2d16316e6f4f2388494c7f,442439424
ea4af07bef4ed93e81ded95c,606678976
1a71d0d3503f9eff28acef6f,707633664
1fe392004a09aeeaa6e8bce7,554981952
46d4b0cdc81137aa56f516df,775301888
4d666967b74ccdf5b04e9787,237453552
fcf79745f8cd716d3ff9d27b,710749056
aa8a19a2fd3e2cfeb3b7dbd9,479403232
f055602beb49dd6040641c9a,499351872
7b1377c8d81755bb9b501064,486245216
17d0418e4a439e9de8006f5f,595308224
48f1c6e343a4724ed865533b,807179008
353207faab3dcf10feaac8ee,1037604992
ff188e88378c8e2abed8119e,637063872
424b41f5e01ea2e2ccd3ca48,493867072
608cf4f46a188cf84f853c72,376858944
f9e7582dd99d36bfada56249,742738944
d52f04fb69bed41ffb10fce8,670473856
ea84b58f733c8e491db98a52,742039296
68699eb9653684fdd3fc79b0,793526464
31f52502e89beb1b2e0dc3d3,946597632
fd41747287a480d5c4dcb56d,850096128
b7afdbc1b57b52e6fb03accf,1158428544
48b270a493af4fa28dab9211,297242560
2a787b39e84958ca6b7001d0,592386176
e439c77c0d871996bf06bf88,627971136
91b8b9db5372a2c3a5c30c58,752857408
038272b33c075765464761e8,515196704
fe8e45caf7605fb91d6bc5f7,455726752
d354a2581dcb183c0cd70540,331353728
9421ce9f204f373a50357fce,242466224
56bd3b61805077405af098a9,395313504
0a606d19ae362a58922b172e,468037888
ededebb1a544fb3246d3e131,439472896
6b6c365359d20be719ce815a,608783744
b8b22c1afac62b05ad389dc5,512764768
3e3717eda8ec9a68c9d83027,373712576
03be8ec62dae56680beb2cf3,617602048
fe6c8cd2e792d62a4c324da5,419083520
f9c133f7a12f2b8c1b2beedc,516693248
4ec47b8100d224499ec608e8,851193984
143ca16847cc47d4a4c01ac0,807296000
22127243f7ba3a68c3fc33bf,390203168
835eff7679889fcff6795d8a,475309248
4ed3eb724d4e57a7b35ddf5c,490754688
4d743a1250f7d91e2782708e,505024320
9f5cf735a842860e7ac753cf,590454656
e54a8b735724b2af56c7a36e,319250272
3b39471f854357b7e5d2853f,771197504
91bd11b5a8e0c0124be78f46,460256896
6121943254877ee48716c4e1,460609504
3f4c2c98a5a6cb78d7d26327,432184480
2b6d63d6b072901effbc8e1e,503816128
7e4b240c601e37977faffeb0,503816128
ac29d71a80307cab65f29ff4,808658176
70c77552b1bb67a2a71c2ee1,956667264
54a09a85767156b072c808c8,750799744
244210fb4bcc0a04f2cdff95,1099643904
9a2b53c1c7151a8b26a71edc,196164528
918c48a512fd6ff22fdce5d3,552113024
effe4219e6cb56e5ab70ff6b,900670016
936e6d2192f28a2b40939a4d,1060344320
ad9a1b23979f0edd2ee19f38,777903744
8a8e4996e24142eb413c0d12,1024804992
31c69cf4d197f97ac594a896,569911168
143f07eb2a8f0a9e26fc4c56,911171392
e5fd3cdc6a19653275c7f4a8,604953728
5c7efb015b8ff7f108c99723,714963648
394718d9d069a126e13be804,491800992
56f30ea777f5493139f22384,1051039552
37d5a902f1036cf3d80c275b,537043072
3f418a8bcc7adfa87e0f67dd,495511488
051416c05445860d5b4095e6,462864800
887761f34ce0996bb05ac48a,675820352
e02fa06a8de8a603e417d5ad,495611808
6f5929e67fb8da068b91096c,952522048
291479f573955e063f2d8bda,891398592
e60850405ccec092b8fb5d02,791210304
464864b367e16547fe319229,525371968
4c14547b7e02e75204ca9f4a,680776896
6183257f16bce94113879745,443119040
46c34a4e5987c20eb1f5ff99,482608512
3f39b25dedb96409dc9d1947,1059475776
e7a85e64ee07971696f555f2,723866176
33043b254b9085fc82ee1f7f,445151360
bd2759d469829bb8926dbe09,806392064
affae17b6cc59bdaa30e29c2,779491008
e611d41aaf38a58acaa0bf23,517750016
0de426088a306321990cf60e,457925536
685982808b30597cc013e2c7,468037888
4cfd1be6a93641b110fcaf67,391222144
68fb3b3cc3e5b13440eb014b,1026173248
532bf5813d7e70958f71a480,787532096
06ee1d8f3ea326a0e3a9791d,426136160
1862e0c4d8e89fd2302ab376,989104192
f3dea3d678d959aaf6b2849f,1047504704
2478e48a3c6bedd57c13c72c,536489152
efa36c7738fc14a11cc352eb,460027808
2f6dfe9443645d6629eeccb9,356914112
bc7e867cad6f221dc44754b2,608852800
e4f2fecf58a038d7b18f7160,967222784
a7620d5599ec354541c8af13,993235520
484cde8e47fbf62a339c8219,504273984
5fcd9836a3ea537fe86d457d,628263552
1b288024824312c8b1681bd9,373571808
44e4574527acc86977f5bc41,560413632
8b716bc4d6d833f9bff3e729,526842176
0ab85344c5fe6ccb0edb6313,788946688
03ad99f1799f2a20c8cc0a50,798004672
6db318f828d464be421eb572,433051200
c3e648317c360c76b94bf541,510210016
19cb65620d2330624252d01c,409549696
dba9fa9642ebc97ccd765db6,238224192
1d2467e5f991b935d676e906,410996544
4091a115125eb4a67f494620,526793024
d197410ebc0e3b9937464923,409549696
722699e593085cdd72102baf,464558560
c059affd0c19f6d4d76f37c2,649369856
855dcebac302ec5760f67121,586710720
f433278518a80c3301f26cfa,836198592
66a45b0aaf5f696d35f5cebb,575502400
0152ffa8757aaaf417e9f997,1223317632
55b72f6c7163a9b0b3b0b262,534873664
c8346a875be8391145a2f9aa,444834976
11c86230e62bd2c9ba44131f,806025792
c4b97a459e2c6d13710fa273,421046112
8bcebf3cdc54d4ec99ba0d88,345336992
ad159116d166e45b70329bd5,474760416
6f060a8ee8d6d15f46289759,536664960
ab5f089f9d2ac1bf52222ec5,367255264
f4fc2da675d6a2583054fc56,427240096
89eed91bf5148b5645408222,647954048
0761d0b7c6e319a75b06d420,523206720
ce84187750fa7aadd141b5fb,744529536
ad77298955813089bce818a2,525017504
3abe8f334f0f20f8006ca5d6,503406016
36445c32822146606f75dfdb,749567424
f9798cc6285c9fb3ed7cb668,668479296
59dd396f70b8458772307895,746378496
83e91710343450cb0812a6e4,809529664
1e7a931100be734988955242,851854656
bedc5ab20edc896f814c3f06,820558720
f884247fa6414f384480bf38,508625600
f34a38cdec7eb598e55fa41e,533235200
106ad411e13ea21ad68e5f59,873713088
a87c585acf2a147e381005f5,439472896
ad755859e7b6afbc021fcf6d,746659136
8015080cf97316a08453a9fb,713450176
f56d8f5cfaca0691c6ffbe00,627978304
8ad016d414e2d2be053d7612,417001952
8b91a957eca1985938860c28,486360960
20bce83e2b75fc535a148dc8,578758976
5724ecee1b12e888d538c1fe,481240352
1e90d068f3c86c6f691649ff,566199808
0fd954262ee740999c31d407,421507712
a6d7b144058ebc326b9803bb,607228352
a81abab882910584371c7b66,468037888
9e41c4b41cbdc2553d80e362,539742784
b6fcc49ad3656cbd3f4c2ea6,692333888
9a296eb9b63ffbdf2a07cd0d,622710720
3fbc0746bd620a0baabbd859,635485440
3043d0b025fac4ed90b448e6,379176224
219555efc5b4291791143252,328916896
a00863c7c53b2c059ce22dfb,428924832
28b838c94d10823ceed62e0e,388858592
7e64ab35f5e336d5bd2e1b51,565118464
52f24ab479fad35c8bb5a8f6,423704480
0d1ef14606c58310cae371f2,426633376
a465a567a4f60ac534505bdd,663662144
8694b149f7c0deadf820f0e4,533235200
16d6b756f5ebcacf221918b8,603912640
7d132190218425df1857b8b8,663997632
7c7a3f51a58dfd1588d7c088,459478080
64d1c45a2968b0fbf0eeacaa,683565760
4fdc382b65441412fef509ad,787971200
04ece9352b3810031f3f9a90,528208864
8b5b351e07a26c25cf51e176,457574560
f923bfcb8cdb543c23bafd52,492144224
a15a12446d2e5993a0a6c423,731877376
ab3e1642655f7e705cb047a9,492144224
b62fc917b3e8ddd64bb81018,202388208
835842cdc8ea0a2206c2b46e,626782720
02ce5bc5d5d286a4cc0928f6,561586496
d8e51f7b40bf1887ac007163,638390080
90f320e94aa429856e37bb35,450735936
967a7676754d6f9aa3e14473,510195488
9251f3dafa0e747b6e78f295,685408896
17b5e8357e17b516d947ebe3,611843968
f943cfd29effc9c048b8e106,660980864
41719542347401b04dfbaa59,571952192
bd6ad9a9ab28aaef9b4955c8,694238272
bbff88040e5b20e874cfad9a,628272640
3d6a9a4f2336a46eb62e6a47,730830400
493367258be5d63dc8db97d1,730830400
67cf2149b4c214da77694088,930099712
8d2e85825e95f6941445cace,779729344
01afa737bcfa6b1ab530eb09,1004078464
25813f7204a2e796170c4836,204641744
3cb1773d90dc240c4ffed5c4,711385088
6c81a0b90366db9f514362b4,696626560
44c8131b88accb3b46b79ba5,416626144
ff185be4fdbe3790c72d00cb,512111360
851f50292e30b0a464c0804d,536664960
6fc2a4f29e3b896bce631ee0,359265056
cabc4fd04b60a66bdbe2cf9a,810715008
61e9c2375626a18bc9920c5d,520086400
396c8060d9767b4debf2a54c,775170368
92ba019bd942fa33ab742924,598434624
ff71037ec8e5a91aad6f0686,517707648
d162a90b37622c1dc6550690,403989024
e1490f0730f8fdc36993027c,611721280
5a066d6bb65d28c2094051f6,666134592
9c7bcf000cb37f48d9f15422,693311360
528a6345df87dd0db33bf822,673170240
579ee47bc31f5408314bca28,748534656
eb61a13df1c8d8d0efc4db3a,335387552
b649d315ff3c97c4e8e9db73,390559936
d8dd26eb78ff22272358e302,661179904
6ae2221c504027acfb7368e8,469075168
3ce908c9b70f349158f7d04a,704888704
7cf74cbec871e465ec2f6a61,704888704
02e9b077d6cece81387fda35,631107264
865ed399cc344e0638e45128,768798464
d9ed55fb72efda67f5144330,668838912
9fdbab0b428f19e7e8dc35b0,891806976
c061b886b7136a1b00c8ea2d,891295488
fd0f6c0b5234ec1f6c7d1fd8,702477888
9df90c0644948ea5539939eb,865218304
547661e79bf0c62cb8de63d1,514334752
68963f5f3657cb64276e3beb,704257088
cab0a460167bb64c037cf25d,509563872
31977cd5d4c09eff149e74ea,722401152
23264fdd1059460e079e5810,508020416
4769743185eaeb0e4158e0e0,493230592
780c809c52509bb4855a4efc,506637056
f64d4e029592761bee698958,321713824
be364e85b988ef8627ece74e,364974944
c73c38b652e9418f06f89b67,428691808
213032fd36fa1a6342570158,414960864
d519a8de5fdd1a84ca1baac3,677932096
df91a494d5d244f20dab0eb0,410996544
9be92b361ffd3ea2c69be23b,501564768
cad16b2ea432d926d961109a,435069728
56b22bd973f94a4bfaaf6b33,355262624
84114798ccd01ae3dc97cb27,479984768
fe2bf1f402addaf17a213030,782367232
e01c1b69abb6a4c1c69c77d7,740466176
24671f63cd061228ec0b5b9b,428496864
f54c16df774e70d49355cf4c,489910400
5537b994e85c2688fe555d5c,520094688
1e5919cbe4373aa261d672d7,404628608
cc125d0f70d6d0819d6d90ee,505327872
51f94ebbd6d2533862a1fdbf,655154048
fe409f9ea8d18c9d9ba4d02e,492606400
753b47e2a3b9fcdf9d7fd9fa,482868416
6bdb3153f267395eefbf588c,309759584
9bde9f216ecb90814670e87f,745747712
7f5280804c59f56fba3d6201,426561728
ceaf16e097500022498950ff,476601280
aef06b27b0a080b5ee539b6b,456473024
abc668bf93ec7d1951c65cf6,492606400
56822f406646f93fb39d9e60,493375072
2690ba8b22a95cb837cb87b6,513801056
180172e4eee8ba756207b3a8,489910400
c11cd2e00942ffe56db5ae88,762691200
75a287d87aaf6ffe7b6db546,341261184
08f35bfbfe1bd663c40d9e54,424785728
c2bbdb2e5d0191071e6db37b,776144512
b129a508d1d98a1b6dd2f61f,688822976
335626f385c28e8370c207cb,493602496
898ed7299f0c7b8a99e4877b,515891808
a98022fc80dd6ff27de693f9,548606912
a59f1631e721d231eab4d146,822754112
98c9c866109bedd605ab7dbd,663583168
cc9743189c3671adbb1be49b,663344832
e22b8126863c9ca8fb04df9f,800167808
247715511199c5b680088b56,676061056
6e51ca1a9c2bba9fa0cbe5db,711835136
ba8d6800443dcf95bf9c1037,644280704
5ec6e033b9dcb454c57050c3,672971456
156ecfd8ca6004281b191db7,903578752
edc3879a1102740f2f96227a,889664384
c02ce25a3334860d3bad53e8,705614656
d041129f83f1f13fd7b35e4b,739256320
6946fb4c877f35e9215ef4be,754863552
ff2897a56a0fd08996d19424,799703744
e1b64df8e809ba220c9722aa,631878208
c13263f9c8628bdef086106b,796942976
e2b8d1aba0c583984aab25bd,670747136
3786baf40b31a20f3bf3aa80,688840960
bcf12785c25f6e600eee8fc0,652846592
f85d09bb2ea40bd4b68465da,742039296
1f40dff9a973064aa4737eea,933191168
79beab95c6857412ebbbdedd,946597632
5ed8cd2cf2c6dd5b5241d6ac,793526464
ca8dacc29a57d39640e3e59c,759784960
723655990d58df33d55009b5,934699200
79a675215fed2e293b27f43d,681644416
57999ba0ed9089739a1f4de1,753630528
00cea81b78d6007eb405d5b3,698189952
c00facb3e4cbb27c47a621db,1069413184
d1481d9d2bc9d1a3811f2faa,1052579200
26313750bd29b2c59a81b58e,865244352
2bbbe93b615c46483056bfe6,1024905664
0f8fa0a074b743c92f0fc56f,1010965056
b925f9ef733930be26417458,850485824
0183b38955437e8d0128a013,780402240
1c9f65b631d2f2856bc97079,908762880
c11d82cd360eae99c04009b1,850096128
4a80ffd8e908a3291a32fb6d,1026920832
1a0134583a5854d5aa9cdb9f,619766976
5f5346deedcb7cf5dcd1e9be,757474432
f17c8b14e56a76ea84a45fd6,892519936
b8ff548543842246ad439703,1063702080
53462704cfc47d32492b4847,655065344
25f925538316d3cdda8218c4,874137216
ffe653c61bf13df43fa22190,267226816
228d98c82021e2325263c7d2,501958496
f32a7d08d176bf9177dbcab1,647312576
f2c86c1edac4eec6c01ec11d,511196832
06e350e3c733e5a0afb613cb,563148032
e2544529df4efb7e90afcd21,469702880
a639ec3b943cf90cb28bc1b3,554169920
a1320186028a726935bc1cc5,425051424
97337d2f347a50e0ef518516,460507424
8f619dd7fcf5e1a17af301c4,731398912
72569ddc5828fc702b2fc773,1029243776
ec674ba8cd16c2264d270901,832672064
2b05f001ed1a84425a45d0ac,565091968
0a7758f69ddd8fb27a839661,518045312
e3ec7a8fba3e1ea07a135dfc,250453056
4163b665043ed27d7bf26c00,409929152
69f7b81b70ea61f304ccd36d,800562240
ff61104cbeb37f077c565fd1,484202496
883ee78c03efdb4bdc57796b,296591424
fafaa5dcf66d22bff322c72e,383808000
eaf0f2b00b6994a9ba8c5ed0,324487456
9b1590945c0c7f7b0704d287,525770752
766d34ea891f3af53f1391ba,618655744
b8680f925773229571014e61,483635552
2fcab31c752b699af5e8ce8b,841635392
96d14697ed6847ee757d113f,360145920
ded79c11c30167a9d8accf77,382666624
ac50dfe70b599ae93ddee4fe,704955456
3fc7a0f9c30978f24d688fb7,732826368
083f05fe52ab15e8d481ad41,861002432
075be16d8d9ed6831d139b2e,531492288
ffce0b151f293cad0a6f770f,1063442496
5997da918101ff14bddf20eb,471947456
e102f1d841d7cdb596d50624,441970336
a2c3da753f0116aa5842d4ec,503816128
43228eaa1230dc0f7f1473df,456674176
4349d6bfd5a518fcb231cb3f,537403840
c6c978051fdc655d21a370ab,607228352
f4cdf3ff86fe70fae3e59f4c,560413632
ac154aaafe98dae45bf9782e,750997376
01f6c99999c154461765f4c4,692756032
d7d30819fc6ad6e7e41453c1,695639744
383b3198861942064a63184a,461117728
3a2f110334251e97abe3583f,389351872
9b9db425b698a4931173b5a4,504950240
3b51828a1e891f3a52a4653c,677371712
c94dc49efe0a350bb522a56a,520537408
39e4765ae5c8284e1f3f618b,718295168
04b28e63fbba92daf83865ba,763646208
b9643a26731cf2a9a243ef33,775541504
19e03fc1a7ca4b0761eb9ef3,768404928
c0224f0cee5a388014db4f55,1148567168
c4074029fba935dafd82eba8,336472352
0a8d749a2336d8f66a4f19ef,535157056
e84da6ce78339d50a72cd87d,337592160
e9830411c3092327f4e66a99,530020480
17d51fdfe8fd16185bf5feb4,408640800
f07126d58455b20f547c4380,489386048
8fe7db56d501b9c11461f62b,451173568
1ae2058fbe26f384be45df4d,582234752
e74a31e6edd4459d4e215c5a,621283968
c91945dcab0bf200c3ef321e,679904896
933018604a8d5a9020aac221,569911168
876ebdaa0bc953890e323843,533354976
4fd907c202de4f06cade3b3b,744771264
e40f616637f6187024b34086,465736928
f9038f7e24e0a29bd9f3e24d,808444032
b27fc4e7f6042d70a7651038,527077120
e68b18b57fbc5fd6cbb477e1,584976640
326a82671272d893ce699476,748384704
d2655e69f5dbd09ddb9268e7,725735232
440cd2efd45c019c7151902d,807083456
e5099db945e4f04aa3f0bfeb,627562112
3477d85a434f66df58fbc094,631117952
56991f74ed430ed942b2d6d6,529493120
7ac1b85bd87929705b7a86ca,707994752
0e1fbbe248919eb71e53ea75,582234752
75c16273d3a593752446c27b,506934368
7e74469fe0b030254756296d,869137728
35fca2d53ed17ea7637c528a,778064832
963cc728f3bc207a7ad74ec4,697340352
fa9dec2129f7218b4c4d4b35,573374016
1d0a6bf40e609fc74a319310,517156928
b9551c416341fb167049d4ce,607500736
89131a0af2db172538723b08,373552384
3e66557e876a876c259c40a0,344194688
078144699729ee0c46f36123,909263808
fd15189b99da46b098a949e6,376796704
d69209d7a26bd306bde5a37d,607228352
89690c80b7adcb8a8afe531a,469941184
0e0d19168609ac1d75253edc,433036672
6cd0aca2bc40d83473a39885,585985280
6ea0d50e822913d0f444d89e,586610048
39579c195f288da8d77f5ce9,662935424
bc54f5dc4e9ce267ea592813,530697344
1d43fd3f7fb4e24a0b7c9ec3,678017024
2566d8588566312ffa4fde42,765043840
8d27746cd9d2532fe9cfc408,501912704
95b822f76b4d3d6ceb0c5077,769969216
eba86391ca00fb217ed1f774,751449856
b9a0575867a59dc5dcbb9cce,539510016
0845e73ae95dbd4aec3f1f43,409453248
419a2f823e87ab67b1311bee,923977664
552217c633d2562cdcaa81bb,604961344
4fd7984773d2872e51574ffd,681848576
a87ed2154a2351cf26f0027d,562136896
a2522c9d3edb7e7a23a42b74,1033642368
357e58ef96c53f39e267b80c,956667264
cf0ca58262feb1f8b0dc7b68,919460800
1cb79aba890b35f9d2a400f6,1040340736
d5c79ef12f43e2bc19e22fdc,648794048
776e1192349cb7cf1579056a,805677312
7de63633c7666484bd098e2b,566689344
ca1b1c17572f776fc1059691,409248256
53e94de217ec45ad576fd83b,605795584
ed5c3d2952d2575b1bb757ee,809322368
bdfa334bc331e3e547f7568f,861002432
9c6a01e3c7ef87d27185e9f3,826638976
05d9818d3f9f2a5c358d3911,963364800
f6c990e406b3756ee39b3b30,276914176
19ace6cdfbd8bed6e99c86d9,423649664
6a04f8684e083eb6319b5272,508995136
179bf83034539c8a391e0310,651266624
a42081eac6834da0560ea4ef,643638912
784fa9e78f7cfeca4133e8ed,740488640
978edd828fc71300e6723e06,593219264
61d6969334fc63611c810e2b,553469504
4d592a67596afbca92d26bcb,617426368
50f8068603edac10c87411ec,550762944
9965f598c5b95b3cfaac50ad,706578176
66cf83769d16a4d659edba6d,890963072
9c2c2b01934d1d519e651786,664131968
2b4913f28d07628bf2d3ed92,981874944
9baf7967c49fa209de8dda95,746092736
7a0f887a9426270ff3c24e36,732660288
c1034173dda31d20c4efbed1,510543808
c4a3d64de5e401a86395a919,564653184
c4cef41167a5e8354a61feb4,691092928
f52226b24ca3d5b04b7cfcde,810715008
36d5003f0b5ec7f80e89262d,778065408
641600a4cbb13b35dc7913e8,1055326848
c31c4bd09d8cfba562ed2b41,787521216
0df96c81adcd6fbc2f7141c3,594458368
4499adb2aa3aee94d1f1a1b3,870516544
4ec06163d39f96baebe11bd3,353859200
692cc1c9949d35ae11412fd6,497386304
f1da5388b772159ec90c3210,825217728
e7ae63f81f8fad37bb9c1b32,709549248
d39797a12d9a4aaf15ac11e6,456183232
efc5412fb02ba9d8f604e493,607228352
bee2e008ee41f8a711fb8d29,607228352
80279a7533c44bbae477ea4b,473980960
edc43e57b2905405a13f8f3f,424237280
751795587d1396e0daa25783,437289408
6d90801ea8cbc12f9e2131a3,563322048
71fe067a5ae994180f530686,563322048
2e99240e23b0542f1cc75026,379050944
fd6112c82d5808311b08e29f,527741216
0ac639a7c5ec115b3df8111b,523833056
af0cfebd54f32b9b92c5fdf3,563322048
b0015b31facc48a49f1313ef,488427264
2347f69ec1ce4a3fb6989eb7,610075776
209bf65e11bd7053d9658824,621314368
41877a677d1856bf609515fe,579057408
cf60297d9d9bf1268f35ad95,772554944
a33800eaaf178e01558ee926,657983168
69e663ffb4935aecb875854c,770374336
595415e95e075b70c39d5c5d,600587840
719679261d84d6b93035143d,712965248
9f149071cf61295815e3f875,853657728
3d24d985b95a3e200a734bc2,1036323584
bbe705b86c6ed4da775b68f0,407786848
e1d875468eea7b2eecbb49c7,631878208
0802b7e10706252dab8db909,676061056
2f412384597554f3dab07985,794860288
da8b5c8a320821ab8ca00a80,688250432
0f10d20cff5664f9564bc88f,1063702080
ab8699d3c685fa834d7ccb3f,780604352
85956152686438c48c52e018,787979136
ed9c4f4e06183b15b877f077,421342528
12e32a758e15fbeefa255207,757181440
22cfdfbff44541dba9091753,656506240
314a1e163d0b77b0f384da29,420524736
23959a0f6e27c8c2b4a7f436,621961024
6ab5a87a537d2ce326c867c1,638277952
d9ebae84cb53d29bbd8a466e,520087008
9511afb73b656135daaceb43,770919936
9231ec89e58a3daf459c5b43,1012415040
8d97cda83fc7353a86c9393a,1071191040
3b380c563ed2505b7630feaa,1099932032
6e5ca223128fa2de422b4009,223153824
ee30ab004ac5270daf59758e,423114560
d6fee4f680569a54f4267215,724105600
db3b84e5b3a9097392a57319,641620992
cef379fa831f936cad745dbc,641641152
4db8d32011163bc4fe01d02e,408011968
f842221d74340270e757fd41,624976320
f6173e36f95ad05b8e94321b,734626176
5960f14f2a81075fa66568f8,408011968
cdeba97450c735185e486eab,675100672
f9a802cbc802d49a087cf23e,1024905664
6a9ef848f22fecb9569098c2,637487360
f3986309e4fc4cde2b5feed9,918243136
6c3435048735371c36dd3892,818049600
f019dfbfa7fbbddec988fb25,778695488
4526cb4a2b8238dcc4e496e3,1001737088
95561bd325f60967cb6653dc,661247744
9f3e09a3461bce2fee7e1c40,1164380032
1034b1af0331daddad70f3a5,457687232
3ee9cfee7b0acd482672ed47,750077440
adb51a572f3198367e3760ef,393570432
5c802e198dc0906016741026,281521056
671603ba1f755be5d7219a01,473481664
001d77bfb387bdf0b53e9e83,647586624
fd9fda1abfcdd1066a177e14,524727296
e1e78f3432ea2dff6b69c6c0,532508544
378e6374da00b72bcd7920df,381579872
54ec4fd8f49c897c644ce83a,591159168
a67ef3a182aa268bc4d9ea14,444235040
8100a4b0288d5d9d9dc86d2f,497027328
699ac8957d9b4eb7fcfbcc40,562832576
7b35a3e9f3e67fa1974f5c25,657045376
6e5383a7f9a68147c2788565,807465472
fca1c40a338288036b1eb25c,876307968
237da4784755f090c89f07be,624293888
21a7c5d6ea818dfb25077e13,575119360
0cf7dd52e117832b4698b310,758405312
677c8056695a5a539dcfa3d0,529217824
e4b85269ca413066323f66e0,1023287296
9019f1dd02ede61479b62406,545413568
958f3e102c6ecf5f6386a004,574052480
b05c741bc5013a7a6abd31d6,574052480
2c58f2cbd00035febac060e1,664987200
89d36acc5f617a6a97e02f23,350478112
2fba6801eb9a7bce7ed2c081,551247680
45ccde79aee811756030903d,633951616
5bdb5174517b8faa23df9587,1033256448
36a11817b32bc24eda6ec8eb,566544832
f1319a9332946bd68db250c2,349237920
39f70d6b68b22668a0631f37,525802720
3958d0cb732f3d623764be54,332020288
f67028acda5ecaa4c8781ba6,657807232
76f50ce5f30cb96d48a69357,373712576
9e5efd4741a57b9af54e9265,643048704
8c45ac143f5cc43e9249c17b,655027456
2a66eb4d2a205bc4474c0afa,663548800
85cf1ee98e1a85ff4619e27c,653174400
84c2ab0573d3cbffa0be90f4,631878208
48976c41de22ddaea3f8c296,529956736
001c03f6103d35389825b62e,540931008
ceab390b6906d5cbe65fc402,599726208
79f989fd66108a2c38a9764e,762066880
cc385eff95aa00310eb22111,768515072
ed764bed1d05cb1e9a4e67f8,927015232
857c5dae475eadef41c25603,729102464
7148b0d9e2e1e92d41633230,614333568
7f3e02524981fc7e40eccfdc,354142112
ccc625df8f51248e3dc93214,314273568
b38776cf09ec8e90fceeec84,378301472
48ebc3d79e01061c926066ba,410424160
9580bf8358095abb15a10c36,409614336
d26d35e33a0cf88f735a9322,553126848
b4c2a0a1a63d35a9a08a6e15,659540032
1bf1913f806bd4b461233551,468927200
34d1394dbb483e55d1cc2da5,493350080
7bef2da7f3c160e94fe91ead,375569088
528014ff6b7cdbfc174f4fcb,521854656
bf1dae54bab00fcd3e8c9ce2,543099520
f270dfd9ef449a02b6d7ae2e,663847936
31d6f089626c4fd08536fac0,539980544
259f4f7fd5d851be70d63633,373996224
6b74ef5c8ab1df614bfba866,670747136
7ee7fba3a30e0e7c2ed3043c,727275008
b24bd44eefc3ccf053939dfd,667370432
0545fc14aece3f37864ced2d,655154048
e07eb36210e90ef0419fa0d0,709023104
3991b04509fa61b36a8f7d2a,754171008
387af5fb4b4a7f5c3fdcce57,745917504
6852e8bbadc1a9f4fbcd695d,751741376
8c3373f9c0372b87ef021512,983339584
6123a0dd128e45216f832e3d,936454016
0913364c688d7375d0f7af5d,410996544
8831ae77efac99a6c58ce05d,891418560
b6283a5714e0b977110318ea,450560160
d2d8f5356f77507f8839280c,887206272
f36bb15462fb29f80b127458,1070459584
7abf9cd6b26e2e2bb6d91e5c,735422528
1a5f6f7e8b7af9d48644f1e0,718135552
8e2a5f8431996ae0db65d0be,822528512
29535d858fa3a11792697820,769502400
8e4df02eee6cab9bd1011987,656097856
5a4039f0ca12767138ae585f,457745344
d84248b3ce8ff6f5fa480a83,496029184
5838e86b74020a5bead56161,532774432
02091877f01c926c350b013b,414559232
df298574e35dda90fb568023,376616640
d8b83253855448caa81f7780,441256544
1163ab2c0bc8c998e121b922,364123040
14f9ab54432e5f54a50be4a5,457348320
f4e0fa1172c1d4b70b6c4d73,408357600
4345863fe83682f6091d8a77,612979648
6c5bbbfa3a1515e5cdec9ae1,640934144
742da63af109164c21dd57af,469925152
fdc28a68bf8a5bc86288b4c7,566199808
0f4b077de4ba5f5db6fb0065,474564864
320ff6c0320674fd278f6fc7,479052800
6acf9cef08906fe569c38572,635540928
853febf898a1dba351d6f917,458873280
8ae41ff6a828f175a9f628b2,580589440
56ae6108c1b53c649da2f6ba,590649024
aa990d4e5f1a0fc4f0bb29aa,691423488
cb8b826e929f4f8a8e3687bd,503278656
b85a7389bab2e651f05369da,505603712
1fe929afafa91bee53df4e86,356914112
02e89c055b7692dab024defc,512577792
66bc6e56bcac9bfc4a7341d8,737301888
63cee15dc4a6808616a2c2e6,448684832
9a889078a0225c013570609f,452473056
3548fa5ad26ba2ea999380a0,442439424
d9d8aeafa748f8f1ff2fca22,750900928
9e2c21d635fc25f7790cafa9,472790432
f99adfe85d32b0a66f4d483a,693546880
eb64fd330053a41ce5be4a7e,512577792
ea8d704272b2cd066a7e7867,792677632
e7c92ef9784a92c8b7fca693,811924864
a9b83e18ae78d307d1b39b15,720873856
ab8d6823d905f1f0ccf4a75c,729089280
8447ca83d928dc34c2e7f9fa,466813920
5bd24b842a67601630036d0c,649167808
38d5b9319bc16bae99fe73b9,720398656
e1558509b120809eface5b87,677795584
4b8d7217da1b1f225f254914,699763008
09e0c3a1b90d46c361007323,560566208
d090a9e520ef74848bb060a6,458963008
07284e4caec09fbbb16adf2f,809898432
f8bb20be599b79cbe29f36cb,703361152
07dd30f04c5953f325df9aad,795384128
622872d345b4b0d9c1b9302f,661088640
fc9151dd6f8850502c747bab,710519744
0fdd03a2dfb18e323d96f468,568561728
ad7cfe29b56c915dd016897c,700909184
f40a182d82c489f55c64ab7b,750652672
fb06aae0e711d628b16eb910,685663296
7dabee85f750266dce02399e,609315712
ebcab2f8506c64a461591d1c,577684672
340f96c7de105aec5b7a28b9,726077888
be1c6023731fb633c4f41f96,505325760
d6b051fbaa13e3d92a798521,621464128
bd04c8b6b5e381cd5f881379,379845120
2ca47f5c36ea5d1cf00dbd2f,479580864
3f2c18ea5d8e9a25adca4c42,593829376
5bd59dbebb0d6fa71efa4c66,364149632
bdac2f1c4b306a7742f60ab9,520599136
a0e26a9d56cfb3b7228e5d75,439409504
933740e21e9b61721b2c6053,622571136
a3b9c1a3b81f17e6b22b6152,495791584
445e241d8bfaceb149609d6a,462597824
937f0b37f566f65a1871615d,476801536
9a76a405640f670c6355630a,546730368
7a0f351e8562fb7aafe6e714,395887424
4c5b79f3656501fce2e2178d,448518624
201053b106a0b89a0a47e2cc,642759040
724a5f9542f86cc43334d3e6,501762912
afaadd87a196e04b934e0b1a,505866688
a46cfad2458ac7ca4134818c,408657440
f640eb21bdbb9369acc4e863,493602496
8b3350aaa66b9fa1c682c15d,640770496
1340b0805cb34eb9a982190f,505564096
055d5ab6b22d4d0ac325fe73,656097856
faed63c1287896e97987c4c9,655030208
a094be8af52cf76977fa5083,818418880
feb3384733ed8feeedf9ce8b,818418880
eec4d59429b1d1bb75b4d686,546730368
3e9754a961d2cf348c9ff7af,614333568
8f8a92abd28c8990534e847d,803413504
256491790d0a2d5e1ebdc2e2,475890720
ede7995bc4e7e672fda4fa5a,835758912
9e8a11484838eed1f4673a32,571142080
8aad5795547ade3c804c0ef0,780169280
4ec4683fcf928d9fb33eb7b9,600587840
ee18825bcf4065d29287b54e,829548352
485cd615660dda11586f797c,629415104
8b450ea6c21fe0b5157529a4,553159936
0d45e78397d4bc0d363be47e,943083264
bfa4cb65827c4ebb91478e53,883314880
deb2c93acfaf6994bb3c0608,649742272
571e1a8c252cd67ee0475974,759784960
04e337d3c692f3429d47aef4,491800992
cd2913f013727119158b98c0,859035840
ba63594585c484bbd20ed3a1,555178496
beb7b99cf12926d8714d1c5d,595308224
0fbc9e52ccf1b7ea8136cbbe,658826432
f36031f3a3f77a3fcad337aa,666566336
7738f18d533d0f0379e3a06d,897589056
20c3cc21b44eb37d0b359c1a,780402240
78257e76c16db549022fbf2c,720323840
4baceaad0b0081bdaa37473c,769502400
6bbf67d88846e94a63014eee,994558016
edb259013ceb62ad9b23eee3,1070459584
ecfe155a407ad2c2f74522e8,747925248
6906a20be4962df7725dda7c,971737664
5d86b884df3627d93f206952,1093117312
cac3eb4606346268cea48e32,874137216
e7439820086f8d1cb13d7c9b,947794304
b940561f2d48444e139eaf71,520969440
4433060d0fa95ae1382f2de1,450903808
27dd503d4fbf4d5f5d850d4d,612306176
42a73bad238f2d3f5e376044,521336768
2b53b13cd912f353cf9c4757,599010944
4cb59b46927df31150830d5e,513883072
2f3d01cbf0ee0b985386418d,532552576
d12e6de49fcca906c3586994,502385856
8f541a839df1ae79d563427f,405571872
ae5ff2b5eb4f9ac44fef666c,412065792
ca77a424800783bb9c5c0450,671470080
c0ec1e7ae2c6c3c2f2ae34b8,627527680
2372f7c0499de8aa2e5ffa06,681569024
46de3fbec5bc6c0e256e7751,464788000
4d8b338266822739bc9c8fc9,829486336
86d46a3fd9d7bbcac3319829,764564416
b13fce1462ed87e57ddec917,745953024
625caf4f4f56f3f6bfd3f786,418348928
2214e2c62cf8d2d14f11d47c,549567104
cee8fedd5685633435d77a06,808284992
061386497cc2dede3ea70b1e,505437120
3ce50f34a7974ec17178a79f,617602048
855ce1721230ba103fc0ae84,299588160
ff3b85eb538fb9a7dd03f459,420622880
111bf82100a6fab0c9ded743,809658560
8877941794810464749ba5d5,627971136
1122a042822658cb504dc147,809658560
d7d924ec35768a3e6bd39b20,489910400
27cf45528b4266162f7c9029,660140544
916f946082d03023ffad6f2a,756382976
68181ef118970fdb1d83f030,927015232
2f0bbbbb466fae3fe5c4f614,378301472
17c8b228fa2591e3a234d55c,255236240
e5d9afdaf318dbe749bf9950,255236240
ce2cce355f493a75ab59b242,319260256
b6825cfa2fde9b42fcf04c59,396618848
6fb3e33e16eb81331d389ad7,472790432
e29d9a401a246c00f5eb2413,712948480
fdf103976a39cc12f5effaa2,712948480
d1526bc5e5446680841a9cd7,879311680
a96cb9d988f5dc99bf5df4ea,879311680
760125efabf13246774a9f16,834227584
229607e2faf76efeeadcdfce,263859488
f14b11d270282b317d9cbadc,525371968
8a41638edfc5183469b6c43f,481591680
ba249dc7eae0609f20ccf234,533263680
0dfc7d77d3dca86a221fe62b,850096128
ed7f61ea4c9095bd4aca258a,567502080
d2ce77db7cade7f2c6189002,450560160
9d18c354e8939c9f18598f22,360436800
b95689add02915dab555d9f7,962533760
1c35d9468cdc55670d48db84,822754112
caa4aecacff2beded2e76beb,473434272
017487de3455d9f642a7fadc,788478208
8ed9c13717d2bb274a81e460,720323840
c2eeb1cf0549df1359ef4dcb,491388640
3a413637f3108ddf7bd53bcc,482608512
145a241c80430b1e4ddebcfe,691423488
c954618c48b70cb00efb49fe,518338464
fda6cee77fbfbce6ec0eabdd,627300480
b92c9c464e23f8b987290769,479984768
d81b170177769c0121b8935a,581838784
7a832790d068e1e85182b5a5,445151360
462ced9cfb28550c160e5664,716332480
edd9a278b86b1c56e237a0f3,653455936
fe9b6a82fcc3266ddcb3e36b,793526464
fa74fbeb90bdaf8eb26f8329,630612992
a70b6661eda6ef616e19dded,488427264
cbcf4d76223673724b0f9811,431071808
ba16ae6ca55dc3c0d5480944,462012896
3c840c206546c20b3e53d4fa,557993152
c61076b24927a46ef506322c,634287104
2e797c8302fb7ada13ef2d4c,796159616
3c9e3b97db788dcd10acf0e1,592865664
28db5acb7b224d44e3d7ce80,520094688
c7aad87d39537083a5620757,503524704
099721566fdd0a32546fedbd,650606080
bc67f29c8679adf31353bec6,408640800
eb40a304997a6e66c550b704,764802752
3882da646752a82db088c614,515229120
68c319925551b9484778bb65,677157312
711b570ff195fb77229deb35,786286080
e7a2e8e1c22a52f78ffd1b19,846352512
814d93fc94b4de6d3a860bcb,514971232
817da44fa842fe304b93c199,413730688
5cb29f5aaad14b6c33813580,505866688
8a1105028a1a1b83c5080abb,369432768
82b69c38d041325a4bb2fbce,279736640
a57d01ed5a9641ad64f7f032,505564096
90186e67d802be6d12eb3696,634375744
f781bb1ed340e08b23258ceb,492350880
db05818b6de8d77c1c3fd053,428496864
f4ed8924f5d1a3e6374715aa,584508864
d792d1eec60822752c8d52f1,462792352
47a3c63f65a9794384c655dc,656097856
ebacf31727972e81d0a0d904,465996768
a759e4c03e49c419c8f0cd2d,752857408
0648a4bd7ca088f4b3834401,754171008
b25734bf3ca94e775f467e85,354121152
65a8795e7a5b88acd7a469c4,571955648
b799aa1dd2de813ccad401e8,575979520
c01440b8ff0d80e7bbad715c,568584960
a20cd5193779526b43612ebe,502864992
0cddda1c211fcdce819d5f8f,712948480
69bcce6b58fc3702580d3234,775649216
ac7c0c806b57e4942d9ead3e,803829632
aa9e131fe4e7982a374bbb84,718135552
290725d6b15062397597b954,546966464
5f0fa37b7c5cf77e0508abd2,895882240
c76f482d2a8f8db5eb79ae89,870647872
f651cc17b051c962e4124795,680881920
250d84aac8add089061d3204,862098048
d3f9cf66c1c05f55325b894a,1070459584
7198cf5aae5d0d5ba2e43b96,720323840
766c7906cf0493736436fdea,981844224
78f670c0d7a26c0323281ffa,669223488
ec0eb8d68807f52b681f138e,1095223808
446138cfd3749c0b6715b0c3,828024192
64b4837e4550ce39f2f85342,794274944
1103c663f6b5ed0309a767b2,532768000
b9a573a3f2cedd87c7dc6477,691423488
de54862f5b7b8ff345c6b297,345858592
16b3311b337c0cb9312ddba1,505564096
a1c2003dfcdce97d21f9cd15,656097856
262688a95a32f10fa070a887,331411904
8e374b19fb87640c56243088,354121152
4032d6a6a13399797a794ab7,462792352
99f1712af0fe96f67d11037b,393060000
bcc584e6a08822158e2a1454,660480704
ad14f4403926de76de2604c6,402757632
01f855427cbe3eb51b38288f,745917504
4673ef4fa28aabb0fe61043b,354142112
f4cf541f02d99ea1851b9f12,255236240
bfe19954cd4680149c682587,402528576
fed8f3bf4a2d7a426901706c,714963648
480aa7fe286f4aa31f56d4b9,762066880
1e9850a50070dd51861a5e63,488275456
e26dcf5836f5bb53553cc413,534418816
c7ac975025713f368bdb0af8,731681216
73fd5bc0aee47d89a160f5d1,612628416
5bb9dac6e0e9409e89aa6cee,717483648
9b15aa6c85804621f5c42566,720323840
199fe72cad28e4554e359ff1,769502400
b28ba88f3665a2f26c2f8e47,1070459584
453ef603a66a34f17ae22227,900670016
d8f4955ed4fc363d6d9ea897,904883456
f2eca7e3226f625807f7d6be,993235520
361ccd7f37ada9c07ffcf71c,806079680
e7d1ee027da436cbaa122f48,1087305216
554ec896fe4f9d8f2e8eabe0,1005277504
ba79c72aa8bbb0517c899b59,640510016
69dd957e78fcdd4d8e874acb,474229472
df91a3c7f364df5e6831f2de,425024000
77866048ba7b69532d0a18cc,532820384
a792bde8819aebc5b2d73a6a,680771328
6293e4a72b5c84782bcdbf78,532820384
bcee01a5d6a36f48d99a5e4b,619812800
c58b56f1202d1cdffdda3021,623571264
ed3275b560f020baeb9ce3c0,560203584
2a872557ba401f4c95e0ad2e,641913984
6b8c1c7c855656b0e56f0bb6,503816128
d6297cc548b16bff11eea51a,861002432
dadce7c7a446a6a177821b73,670817024
f5d9d8082e7652e97973e0e4,1007445760
2ef9126614eeef828f797e66,764033152
c70439fc435337f1e8fd2f5e,936863104
79631cac54b1e71c1022da12,1039110848
6fca3b70ba2c68d9e0d2540f,306643456
5b29d453bd368190e0e356c2,745747712
25995099875f0ee622ebc31d,672579776
34bd7be0761ab3d43da7a81c,429757472
b8e15d182ac0c74fba332b8b,566446784
901e3b835718ccae27c8831b,776144512
e1c7a101e5d518583f9a2a7b,636668864
02f6ffcfcdd3dbba94dd7b33,912937216
2162e09e137eb5f4a1f32b16,689343936
5eb815f9023e6eb97786233f,1069413184
d2ab14487e0ecf640a785277,803073408
437167a9db41b677da7d5a7d,409788000
c3f889c41c1effea85bcc706,236640336
155da5ad9ad19d57a7632cd0,493598880
43d1fb0646562c3f1dd6fefa,393332128
8eb66c4b057dd4b07b5fbca5,614344256
f9718594fa52500c16e3cd71,581887872
d9c46d54ba6df0d21ed4ca49,662718336
d3f688e0deaff6648f2925b6,383348864
093a92c6846c924f88ba8750,880863808
9b1223cd8c9d7b348d6a5c94,859510656
8209afd76e36d8b5c4f7a991,475084608
29fd909e7cef62de53430e1a,364023136
76df3d616d8bc1de789bd83b,397340864
8aa5d44a72b2a6851d14ef86,537301440
eb4e1b72abce1d184dd4d5e4,408640800
2ba24fd47c2ef8520bccf6eb,453589920
1c9e38cd216595b33e283134,761356352
2fc150cf6ea4141106bb8ac4,321705568
8dd46fd8ff592358e4c3e7e5,497349184
d5e001b2f1dad3962cfff9aa,694790720
6e73e42a0d2ef8d6e403112b,465054176
2537dfc786054c61eb3a80b5,636508096
19c77db46d23e0c07a06a8b2,414960864
e6424086fe1cf2a2931f4847,636508096
66526276a7e8da597683e8c9,679231552
cedd20027ebbf47baaa0dbff,679231552
ac7c323295addefb43c62acc,665835328
a8e74eb5eb523143cb291cea,721089216
ad393e9070779969b496fa72,657613632
64d9dff81c79a16579cef2f4,939833408
ea91281d5eaf6b8f436d47f6,939833408
06e59cc783be86bd145a56c6,713038720
7458171e4db497a4cc1365fb,527913792
12d73fb8f4ca87b19ca46231,665835328
5e935d4a03c6abc86ac5adfa,1022490112
2754b4e12a7604efe8e03f5b,823252160
9ea7a0d65493cb5487ed2084,263621216
7845cf57552577b059dd13ae,421184096
6e710984bbf2662a9cc7bc4c,354142112
47720fb9e2586dced75db114,416445440
cbd48f3342e63a84173a8dfd,402757632
cb83c138aefeadb184d2c7e0,318971456
397d4e490eb2db8a1b18051b,296591424
4f65732875c007d3c1102140,317469760
1f8ad363a0539a6f2455c3fc,533825216
9535ab027f9f2a9a8fdc21fd,238462512
248993a27da888a6e3ffefe4,426561728
cd07b4553b6d3863a9e444e8,453645376
f53fe605b0a2857cf3facf73,540931008
ae48e30b60ec254bf0dc89ac,775629440
2a0e902f3c07cc9696000177,473308448
d57535248bb34f65ae678a39,540931008
9949cbc958bbc0114404960a,537362496
841c57617a075690ce412083,555178496
9fc4385ea76cabf741d38789,463127808
0367da7dc5374f1957a1b7f6,709530560
7703f868650a8252e954e457,534418816
4cb9319ff5adaa62386b713b,641913984
dbb30f9d010677de2aee1b71,642426112
0b54c51a787fe58bdf677658,872504960
5234aeb6d817b8ad876e50fe,595514176
77359d0d34ba4c9d825e46ed,445898944
b84795015be5077f942f5170,439409504
75f5290d61164d42b39d9d51,428496864
b46d50c84edaa7feba938671,641913984
be8c05b72ee7867fdcb05455,810715008
356712646865d98127b92a57,583156800
ab765acf8b87daf1673b3a97,408640800
3a2cacbd3b4f9a23514b1433,855492928
3c6d485d7b01ddd6147746c2,493337216
054cd21c3b12f165bd520313,661247744
e114160e3ffe6a703eb42440,491895520
a38b2d75349c56ce04f02a94,670747136
71fdd2b1214b9371ef149c1c,833982720
10970057efd092c98037498d,576028800
7543d0e85e6328ebc8283d75,469044448
db1cfd89dad114c11ab2d409,636668864
760f24a443eb01721c6ffea3,737108672
a1508f30ba87423e7393b4fd,850096128
5814dc311aa87b24e26aceb3,699641728
f26c2bb4d5787541e9c36463,746381056
cf07a5af6ee98d735bde14bd,667231680
8b716c3dca89b7caa7db1aad,594252800
df89e7dea6c313b0cc262249,407730624
3e2c1d2cba8755ffad9cff27,652378304
6771a8c70428fec0f21d51a1,803073408
d8171d498291341094daaa39,947783744
3d43dd23536f843c2c5bd268,769392448
785dea91d94ab384bbd6ce3e,754171008
6c316d2bb84fff36bb01f14c,1069413184
08ba99aa6a8ee752209de6ae,469304928
d177236e8c725d4405025916,898913664
9a6b537a7319b3446977919d,1075294208
e2e7b03feffb21bad63eca2d,800633472
f2fa898e1bcccbdb92dd91e9,738971392
2c340ee014e39ad0fd1309d8,870647872
7ee83e5d70855ed21455b6d5,1087305216
fdd4b5fcf9ebadf96545038c,731681216
512b4ad817c387bed877b7d1,1082636544
3ba644c7be754c21e3cc48ee,726191296
cb38dc837baf3e0531c6c115,737764864
5e931fda1e62fe41ff0f2ba2,681648960
0ce9a7d4b0682dbbca68e070,760615232
8d114cef336100a8d8c81ce1,917925504
ebc3a6574ebc530ef715ea7e,861002432
4c2b14bfeacd87b878cbcc92,776144512
577b17cb350bd2a646725b6d,912937216
0dbe463995c605bcdffb133b,727287232
88f3f39ea06fb882c69bbd10,585092544
e54567ced41a40938b85485b,745917504
cb6d29f005078d4d4efc2d04,993760000
1d0919344e52b315441aeafb,665434432
62c39ad30e9a26d8cf3593b4,934937536
a02bf67aecbac445a12da958,1010014656
06baade01a74972cc4a419ec,655154048
3943b64f9550a575f15d6d29,1032016128
b62d64605362afc574ea5b0b,1104090240
0ef45eb4356e2f0331ad2457,946227392
6700ad4d4d7f70def59a5d59,879855360
19ad2fa7e170c67870ee58f7,992064704
919c1e281329379c4d130416,1014980544
8a451ef547efb90a8fcfa6c8,895075776
5c208e5c37aad07602f7cd7f,371798048
164fb89266e40a2530400599,383348864
5fc0f0c4fa019b6f1b2a016d,353887552
3b16ff50ec7fa717efbd62ab,645767040
30e6d4e1c53e9e81ff66df43,576028800
cdae3bf05372c13649a2adc8,469044448
170a69c11cf4f855ed015bed,947070208
e14b31f8a454e47c383cae94,322445184
14a8134a56af1b328321cad4,486512672
ea8cc21bf7d48979bcae1458,536664960
c287dbff188e95f833ab21f0,345817472
2cd0b2d7561919f0223608d5,354142112
1acc5749203f964fa8b2092a,404855392
9543c16bd5eea47111e6b266,439409504
d415dc486936995f8b3704e3,445898944
ab946dfa5b9d7214a3756978,754171008
803711fede531ad1621a6823,745917504
f83f29f28978d7dd76cf5942,776144512
4bf284e6ba81bcaa21a437fd,655154048
d8ed50fbd5ed46d36b3d2dba,543289152
b40128f5e17574a5d3da9a32,748784576
506d4cc6613a07c313a12de4,546324288
558b7d06789a1c8e488c38d2,802718912
38410183814a757520143737,762066880
560a750cb6f8683ccac4563b,787736832
48740edcbe275bed3c82efed,747432512
50b2bb276e598c9cfdb42b0b,676061056
302adfed183564312f9e3087,731681216
063e53d45e5e7945f1f10fc2,738971392
6e2c39fbeb5392e6aee9b644,864624640
8d6c523d4100ab0c83a31fed,762276480
6d6aaf30227f16b2be29e79c,850096128
e73e5e75cb18f52dd7239361,803073408
dd625806063f76dcf53582d5,912937216
a4b16572b8bb786561baa3c9,1069413184
9446f801f30e8b2997fbd72a,1051532288
941569c4352c3a2e32c908c3,1063702080
8b4c54125d9165554e4123a3,1030170752
d50f33fe5acdaf5caf1c6ac5,434571264
46ff039321805b51870c64f2,764192448
1ac6c220eb690db798a3d4d5,777065984
faf872c4bca132b52dec368c,706644736
d92232d77f7a124e7ff13ee9,917925504
f9a136d7944cb7768b598a88,506841504
e03610db09ed7315cfcd64c9,251630672
8c51f1b43f15b70d2a294918,393730208
21d141a84af5f0e2ade9b0b8,517266624
55c7cbf5e572d2342d0d7071,618380416
54c0e5e6d368ec51f6e75c1e,836209600
434ff40bff8fad0962ec07e4,555814976
0a199d5741b5a6213b39b793,671942656
9931470b50580f51e1a4fac7,628832640
89498fdf642e770ea75be7d8,787397824
aba39002de605f9ff34bd542,782292224
0c1c0ba7d75dc4090b7183f5,766640192
2ac425aa592565b44b25cdc3,774728384
c0cdcb5f860e3a974c401861,654745792
4ec741bc6ab20515070cf1ee,766400512
3d4c48167a8de8cb0e4956f6,688370112
f5741fdd9f509d3bb02e35bc,762242752
c1d0c0846ec652774ed5474b,759242816
ed2c02ddcf0e54789d9d2675,878590592
0e05eba6eed4e55e89dc5f14,883646528
b29e5a75740c8439aefc9321,871104128
218445f989b2da5eff4029f4,720984000
0c7da0c2613129bc322b1da5,888109760
a41210034abe19957b317d1b,1073300480
0cb4217cde38e09571fa73ba,923121152
9df0663317db1cf4121a222d,687015360
62be98264dbfd418ba21cfac,945180736
939ce1536f15c0e6bf203dd4,1008392064
d9028df78f9b14a720dbaa8c,1008392064
b05f4b5fae2f2faaddb377fb,628614784
65ac61968819927b8fd9b990,489386048
1e83b53963792d7445e19d27,860825792
72eb1af691a950fbb7e8d635,419598240
94fecb92077ffe3a72aedec4,396338400
f660a48b0eb17e98dd77c0bc,431987136
27fe3fc3838695ce34c5d287,438958592
9ff4b1fc1970cd5c102cb755,983144768
b54940561992090411749db3,495400128
d4990842f549d8139fa94c87,488427264
f6013cab49ef9188aaf87972,750900928
cc2e8713dd087d3b842d2f11,445787520
fb8aa6b6c5d2499d404f3f73,537032576
6a8b9fd89b745a52703715ab,440685184
4721d06c49413558bda1fb68,474316768
0100b3a412accebf6a3aa4b1,437792448
215e8852679b9cb6c4029ce3,340934304
0afec1b2e7060b99dbe41a10,505898592
4ff17c9b88aeeff105b8301c,365337824
6eee8548b87c9349ce90ac2b,333372352
9b264d26a196a76951308cca,474760416
945fad7539481410e8bb60e5,251630672
f727924f0f35ec9fb58d0c31,441046432
c7876dc81e250503076f43f2,554162816
e4f3e425e9f6e393999d7a08,476801536
cee1833e8964355b9aabbce2,619812800
9a1819c45b01c341647a2410,355262624
ce95aab452311a0cc27e0c7b,664095040
e6eff72b7c5b0fc2677af2ad,653455936
3b368c10d243f6bc9c027061,441046432
510c03bfb80d92d180803887,516482112
664934c8e209352d2c79c971,476188096
689ba3a92dd7c12f1965031c,454391136
93d4c413d2a1ac59f1b46830,543790464
08b09c586530266c14e611f9,647312576
7157dafd306fa99e4c2ad233,357208736
74e15493f395fdd312d50cc8,442962304
c34c94e7129f84267a5e4fd7,525221952
fc0572d7185e132770c3bad7,809658560
5c1bd88edef0a4146c871fcc,652846592
a28a31f7d0e3fc6298606078,545107136
f388112376e68ccb2290074b,627971136
05d1c33ea8c89ded7391ea92,557748480
dfd84193c81ca8430fd27ad0,809658560
8b89813a4ae5f9209f854be1,921623616
d7b9566ffb28c753bea96f0e,492654176
8062b4109c12a95dd62bd43e,766827712
6d305d6f3e3c2a53515d5f6d,984487744
ff143fed55f12a0105f9f88d,766827712
0fd9a2a99c44c9e5565fc17b,789053248
7f85c59323701ee0e75abb92,581169408
19baa03dc4143a83920a7d2a,775003712
bc23ec33573f28442b36f60b,576248448
9957e5492f63fa295772246b,747613184
62e376b22a4cf0d84b7f6bff,756967872
0867853879129bfb46dae700,895483136
92c5129009b7e377fa004a93,673772864
6b9d38e0b9a3e28e3e695be1,778251840
b6da2728ee41d035da57c822,1067446208
adf5879151c7236f5e055e1f,888516224
bb31607d0bc3ee4a37fc912d,868416256
3ef8fee6a5cf42827d8bf562,847850944
e6016afcc032d20fc9d6f2be,865244352
f3962b552d34eb8bf38b4763,885418816
bce7369d51094d3a9d3495e6,907319552
55bfd350162592f2571e3a0d,740475904
3f226452520ee8f04e306bb9,1085218304
b16fda9be5edaf4cbcf07122,778251840
e6f5ae869a5b7a30e8f0fd0d,852137152
ab0babf6941ef43c35acb951,794857408
3bed16373c8ae820187e3d5a,723866176
bc1335d419a1c0f6e6860470,1087305216
98575cb25b358dde32ad042a,866895680
fb50f2f13a30fccc3903577e,851632320
7a608479334951a3afdc655a,991342336
9cb40496518bb99a7a00a2ea,941631872
a69ded1c20e05bd6b3a90028,750686784
71d422db0c0c638e448142bc,631117952
fad033a3c81708df7b6ee73d,561255488
99fae85157be04554b236007,351963904
dcd314dabc7d162cfc29c81d,505188512
1c65d5172e53b4c7f1c4d6a9,758405312
cb6d4db44c789fcfe8236b40,734216256
ee2c509989c7155bb472c5b0,577684672
73b60c9053ff8193c2dd2823,531108544
2a487cfffeb12837a5586a41,493330304
c9d285946ffc4c4b3ee95da8,761544960
6a21be8a7a429eacb1de8c1d,662938944
2a7fc28219bee48a2368e730,759657984
5b169f28ea1dc473ddf11580,410424160
58b3ab31de2f9fdb0da0dc8d,776144512
2054c61f0162a18c6fa2291e,354142112
39940234a26e7264b464450b,519715488
550157aa4dae5fafc5d795b4,699634240
ca87bd8401c0c7bbc4b3f286,650973696
a8fdb6fb681aeae4d5c22f9a,878709440
998c864a446f06d114f42fa2,1058051072
bc57535516748048e38d4a2d,772029760
ddd55d8001b809f304883ce4,426633376
b9fecb3e6a507ba17764c303,481062944
4bd30aa3e2b4aa077ae27490,368809856
d7ee2851bb69088f851970e9,631554880
40eb0c78da8b51b53548d914,1083822720
1097d9a61690cc58a4b91e62,486148160
6aebff5b1fb3a438c2c7969f,399299104
af672710affcd7e44eee9ba3,416683776
fbe3b74f9e11c829d4dc69d3,851632320
6b7219005737d8660d134ace,949464448
042bd2cfb2d33467149ece1e,775649216
d5999beafbdc8acc8a6ad809,597014784
4ba65b1fb8d8ab0a914b0b8c,546199808
230864c9c9c5959f9f0d36ee,551897408
8520fdd4f5fec0ba861ca9ac,263621216
447dd594fdadb1b12ab32e6c,386033920
3d405df6e5dd012419f43ba6,805126400
e120c33346ead011ab7789ce,644301376
505740f7746e0154932dbdc0,490007776
e9a427f23e80fa59d9d517c0,455972896
97388d009acd9e5ad49e7c4f,404628608
a100f050c34e438070ff487a,450560160
96d14a1d29b7abc2cad573cd,491114624
f69e25355ce3887bb1078fef,533501280
86276ef138e0babab9863276,433017504
344f3bcc1acdba48c12f8441,649807168
f3dbdb2b69017cfa026ee18b,764221376
ba32f2964e8b68ff5555fc34,696864896
fb7154b2dfd2a48c13ef70cc,677157312
089dc5de66c6c4132734b9c0,669831360
5c2ba5028fd94a6b9859de70,465996768
e8544410d811163a13c6a326,354121152
74d8df07206df08e8f3dc232,887206272
6fb4126e3ff41b8052fd0657,499982624
ba35cce2e715bda1684c937b,720323840
d7997b9126bef50985bab347,497821504
da3aafeb2d0105f8e09c051f,478690176
5daf1136686fc538db40afad,523085248
88f632cc304cd769e2d4be27,286995936
c5dc941305b5fb59e66479ba,408657440
ec422df56b811a0aa42d8bbc,408657440
bc8bd1feaa8fca4c52e130f6,449842144
60c116411ab3cca49f7f49f1,197850736
75ae43992df8ef41eaf9d98a,357863296
87ee5c7c49ced4ec99f44d5f,454063136
918f56ffe325f21522cc60d3,557684480
dae09210f48e5bbe0d31c728,449105760
c1ae2af40e1ea9da6380b8ee,657544192
e7b717278f7c95cbfceba80b,520030944
387f18b1f01b1aae536752e5,477136992
c036fb38fbd2d1b59ed5b7f7,623094720
76c510c0ad11fa67f0e9a4de,606321024
ff46d9f7dd86b8bff7cc305c,483906592
23d95cbbc056b4456b94c97d,682125696
fc65a77fbdd07fb490ad870e,520060480
8f0a61533b6a01badf43b6ed,631878208
c26990b034ee83450a4517b1,731813696
53ffa19a09c447f3759f86f3,770108480
86d80d3757377df6f2b8a0b3,635031872
c757b3960436c23dfaed4f2d,604690432
fd1431e595693fac0406151d,435699296
42b6cf2a5225dc62342d3a20,641067584
6f8a0e8f1bce0243ea50213c,822545152
02277f636716264116015dde,507020672
b72459ea34fa22d1fd012dc5,680118528
cf4ebcab3fe4d12e1a20146a,770808320
ae2c10850b4a8ffca934cc72,1076145024
0e22a41ec27869c8f83f9be9,881733824
22a43024821ad081e654c5be,753341376
2054c223fcd48a48f67d02fd,505325760
9af6ac77a9aa0c6da3cdaeb0,354142112
6601706d2133f96aecfcbfbb,505564096
ce011b7462e9be36184a2984,477987328
f759f71e444c16a59187a067,634375744
84cfb0342a0bf2c6777de39d,516727424
760fd4c893a56a4586030772,507499200
fc174b19baedc11f78b647d2,793526464
aff9e510eba008f3ba5c1847,625018752
a5a4c0f268548993b61d65c6,696039424
6cfb8a07fc1100569413b33a,676061056
94301e20cb91669986c4b34f,464044224
52c1ab7484e412ccbf5d57a5,604767936
2538cfce1c108ebfb1056c8d,696864896
d57541684e5c00bd9354cc35,760615232
123106a60208725514f3a343,656097856
7f2a2959f5ae816761be658c,930318976
fd5758238e7ec91e415779f7,759842112
e3197263bf47b3d37f027e11,946597632
8e5661e79f4fc282abac1f37,822256000
cdfc387f8246a1bb3110d724,742039296
c53f3bdfe8159bae98ab005d,994558016
200ea08f57fa23013d0e661a,850096128
603c736378e07570fb985ab0,958286208
cc019e30685c91634d2fd4f4,720323840
b0d394d6c9b8967250854c66,1099932032
f7a79e1211fc72e06a3a82b6,1063702080
8a1ea9d91b3d8a66c6341243,763578880
22903633f8c4d91158f65c58,624877184
bb67d95fc94532b1fbe80ba6,875896192
a8e696037f8747f562ec98fe,774495232
72e4fa00e8aab44cf210251f,656197760
d70948f87875325380885803,1043762048
a0e53cdd1132bd19b8ba0c54,628349376
882eb7115cd5b8b09fca0e47,531108544
529d6599d8a64c63566a11e9,364123040
e26eafffe4ca3c22b7f4a272,533235200
4e4abc111c07656e5bbdb0ee,536664960
46e7860100b0c09a6a475b9e,613542848
7bfbcfd0fb8f5b6d553c2d0d,640413632
5fedc401fc32ecc4d9ba7e89,454103200
aee8b22ecf19495fc5894a08,640413632
313e17c442fa3040065b7489,626737664
26206185deb023a344eb2e99,736134144
4a9e2358d64df916e2cfa213,317134464
2f6515defc3b21d82e0ca4dc,196164528
a9b18720f68c7002dc71c3af,319243488
af911ba38d5376a8aa53fcef,540254272
025b094e1ea7248f4aba72f0,410092608
f81aa0f575dbbacdbdc681f9,411724864
848067a69d18a171e7fa34f2,464197536
e22ca3f1c8073e246079d57f,478737760
11444a88bb3b230b4feb5b58,552113024
7a9264f3a12de839a42c1783,449167840
6d825b439d8622ab90245049,633748032
d2d317f2990465269ef58c41,612122176
2860e4435c857cc8a661ec97,833619712
39c70622597e64c4821d0731,725241600
2d6f5bc20de99dd0bd4e34bc,641913984
37ac1ae3a7e2a3319eafbb58,685500736
fe6fb32f623a9e3d5586a8d3,503816128
501531d637608f7098ba6242,764163776
69f59487924240bac2e75bd4,861002432
358e1287e24c3c4fb353315b,927227584
55e307c88e2a943acd64a9a5,743657536
19105db21495d546e6792a25,680881920
375419559910484b17782b47,980614400
c9d254244e315974cdf5d921,1007445760
adeb9a6ac3d357bd96c019ea,757750144
b08e0cfc5bdf5bdf5068ebdd,883418944
8da2439f391c6db92b9260f5,911171392
d0751cb5e704e28e03514fb7,703196288
9051c6d14018b4894b560e2f,815879040
54c3eff286c62f05ebe2ba57,491116864
975ee5aeee84593bbeb331b1,412088064
5102f4786cc032e24781c7ab,720799104
cfcd97bfad6e013aeb57a2a8,607228352
f304bc9e9edfc24eeeb720d5,568539904
bd05a6f6ebf924adf92e5577,707633664
a7b459470ef58ef3bed7437b,380440736
37e009a57645b845b1673b8b,329043744
b70082fdca35092802f8745f,476576352
8a69b9d7461107db6d16d1a9,519715488
adf055978a7a8e9bbd88e741,478752288
6c02bbf7f6b087a1f0c8a47a,617363712
d91017d9c530e058ace2e017,834251136
89016540f8b3fb727d863bec,527913792
506b653545eebba4c8821588,1026173248
01fe5add1e7df4b15dd73bc9,550338432
4911d01ea0a4505d5db5bb2d,547971072
68bda8b092d5a53a35dfaf07,1097916800
70bec150e1d8ac537cfd90e2,987168960
0e21abdf04b36e5f6a1fc337,1067398080
f53efb47de2bca5912ad7517,812289856
82d6244acae149ed9ed88e8e,400340000
755a4fb96ff2b2276836f49b,475130848
f15ae83fbc4e4ee3f646b4c9,420958272
eac458ffc1da75fa1a4ab384,473473728
6f7bc7fd41ed908494d8e098,491844672
12d1678bc86ccdcc8ad756be,869683328
6e07d31b81f3fc9b9de8e1a8,920288256
6c618bfe55cac120a4f1e08b,652998528
22958cc4622a0050d1aead77,374809184
c7c3da1f12d872a3726736f5,344194688
ce30c2c7cda56a69005300d4,370096160
7a26e5936765b409b7b73cf2,810715008
8d5a73b1d27a66b3f72fa662,641913984
3b8302dabc47048245acc09f,691574336
909182c92bbc39b00536ce6b,481341600
963da21c3c571d7bbc36f1b6,748534656
a73504d5982fef268f5ff589,663548800
50563038c05963223b459beb,675798528
b9a0058c58cabd619e226178,836636736
0037d98f6ac46a86e36def45,388465408
38117bca778373247df86e14,529956736
4eeb8b5347526d721092a7be,486148160
0b6cd71df4dde546e665f865,486148160
bd066d5d19d41c06b904d51c,486148160
f10e210fc04e3fb073568323,486148160
9f504cc4e6b170155d38c687,486148160
3e4c1e6435ea1a9c3150aed0,529956736
052c93502aa794e0574db9e9,486148160
343f45e7d178eb780a9a9818,529956736
c0c4fa199f0ad751930cf78d,486148160
5d86154fc1769d4dccac1269,486148160
e1fb88779e55aef2b66f2c10,388465408
c26af6fdd00a85a17b823d92,486148160
be3ee4457a26c6b6ad4237d7,345336992
9bdc79dd02cdf39f92e8c869,388465408
1d4bafec52ec7575161bcbe0,349129472
0f15a78ce3ff90b6894fe3c7,408250304
afa5698724bea14940667231,780604352
4d8e365b35a6b8ebe6d7a15f,530069088
6ff848f65f2507e58cfaa231,409331424
e13947242fe19bc3925919f8,412649504
c02caec41084656408c2696e,584967680
d6fd079beb9f759fa4c6886f,404628608
d14f7f939468e641c43abfe4,204641744
8f6076f8ed13e87862d82255,446192992
8d5e662ba25a71727f1eac77,660306304
bd2f9648ee9ebc1fdbfa53b3,619812800
da8f986b6ee6f594780f4a91,660306304
af7131ea57639ce5aa1e102f,660306304
30e10a03626eeaf8bc2c380e,502402752
6caf180e36fe18078703db02,437851584
a40861d6573e4539ee3c23e5,852798592
d5f905cebe05262cfc44bb11,762066880
809800b56b7b29399986115f,586710720
6b2d7f88f15cbf7d998986da,787736832
a0ede3a514cede68b721d994,662718336
179d467dacdf674a66c7310c,679656064
97f9cfef1e35be84ceea2a46,748454912
b7e01962fda2102f1402a444,794860288
6665e5bc4774d04321d1ba9f,554169920
6c09a3ccddc797f77d63f1bc,887206272
97986583e1c988373765eab5,716332480
56807890f8587cd75893aec9,630612992
0f2fb3cf22613a339c88f7e4,648589440
a967a4f0b1dd36d7264cb408,950715200
08ead1ac0b9b30c2a72db17f,1002110144
1b989360ec91f5da55806bc4,1084171648
b289cd856f9d15493d31ef6f,733075584
88668347361a227b6dbba15e,892519936
ec3f1679451b9c0037f89386,1055429248
9cd01a5cba1674559752f5c4,1065283456
2bd96c7fe678945fcaf9662f,864974976
9f118569fb8b084f0615fa22,510210016
033521a46dae036839ad6c90,279736640
bc1ee1f8ffe1ac88f08e2459,523833056
c62886167530efe1f84086ba,400792448
d58f191c74d26bc1fb02cfe2,382904960
981b55d5c38361caaddaddad,477596736
ef26c0f1cd9e3203ad16558f,426011520
74cd885ec200a0c21fa9e03c,510004352
fcfa51e5eec6829b9f4f2c59,549940480
c3bbe8c09f5e58281dddd412,568086400
8f36d25584407d9e3c326e71,653374528
51f4aec91124a9a96f4c5372,591249920
b7becde9261820feb7cd926e,714702784
65070c554133f2b4143fe051,590454656
c2a2ddb94f60de25378aecee,778704576
5ec3abf721e13b0d55829bba,503816128
502aff943d74cd4cbb976dcc,788003008
11e6e5ee92c97e31d34db891,1071891072
b1589aa1f58f6dffa93a3a61,1082636544
783ecf989538582ad008fd95,1087305216
1770bd5b0a07a6aa785e0caa,460777152
53715a484e20d6152c76fdab,699623616
ef73428a38c201019267afb1,597682240
932a93e3ee2093d7f806fef8,682878976
00e9afbd1d27062a7bd40a3c,905211712
a11a82cec7f8a243e2f90539,777065984
e4a70600296b0bde6c28fb19,706644736
0a1b1a3d68b04cdcb2d757cb,934930496
7c06a2f06cb4226f9043578c,918405696
5e113e1e878da12e312cf875,921938880
a72f5204153b7c92f52d871a,917925504
fc17f35d300be9680971f95b,415507392
13ab6a062601d40843de37b8,444340928
22abc78ce812c519511f8a4c,794486592
faee4c33e892029b79b63742,847690560
c8d39eef5a5422e0da4172cd,596760448
b13683c625c97c23333269eb,243989104
00e7c5894c739852052f566a,785956032
2703313a3e5a6fef2157928c,517266624
8dd453e986d05c6c1dd104d2,483639424
22b34331d7ca2ea642d29946,549023168
23187388f9d6e2bffb88b9ed,569911168
6b49a668de0edbe7f8110740,916924992
ef0e5b23069a9fe377b77ccf,856563136
c37348f8247ade33ac513855,680356864
1d19edc1e0d907e5ab0899e5,642351936
c73ee8d419b96c6e7c53f95d,587056640
6251cda3676ecbdb6555c526,585527552
d12d6ea066b67c3db9b2dfb5,945180736
8ba4e8e071e458a13efd179a,430793568
9b8d798a2c455a960ee74503,459019456
d663ca1a0d29b4cbc5cae9ce,635004224
dc3b8d97b11cc2af4cfbcc79,641339328
7d50144c4b2ead9b7b9f594c,725563520
ff9cb7bc0b972d4515ea3837,354142112
267e46cb9eaec6c7009348b6,407861472
1769a8ec5ec94aedc397b4ae,420116896
dadd9ddd29102f529caa3bbe,435625184
251903f4b947b337e0134415,656097856
e1b753c283bb9c6d4e438bec,754171008
16fb51fd3d35db53eebbe5b8,709023104
8f543f9c31af1eb17ef1e353,655154048
20c3cb2d4fa486b23eb81bc2,546562624
6fb9e9ac6d44d3a286f317ae,446719552
15b57b0ad8794d64a2784ce6,534418816
d9ce31250d4ae25c3b850124,670747136
f90efcbfcafe544674c02586,660980864
05a98feedbd3f422bf063112,752377856
ea359d571ad0c986f826d31e,945187264
b02f1997e6e6f97dc808b8cf,934237824
307acb7b4044cfa5680e4227,910557056
ddce386b0ad3199ca09aac93,751741376
9e28972500d8ca3fb3b76fd9,731681216
687b1dd576eb7d06a08c3439,668444928
23b2b5b9f5bf3e1208f5f80d,898405056
dddaba511b6a18f49b41c1af,720323840
874e3e3ec6f67c160807628d,900670016
67ade5109553a9d784886a46,1070459584
6879f05563a9f0748088cc65,769502400
dce05cf86b42124fc93d41da,981844224
1ea5db844a6d3a926480351b,761995584
4e9acf6e9f80f65178766740,691574336
a35450284f8dc27e0ed717f0,916912512
069499abc4e393fe540777b4,439653760
cd10d6e28fd7ce92518ea31a,912574848
3edc0e70e7cf6a21be2f0d53,354142112
2e2ff1e620063f416a387058,776144512
1ffdc10c53bb83d3be84c327,534841344
3c95dcc4bc3788b4cd5602d5,529067424
aa592f388454d575e0006206,498348128
f7e5bf5b0f6157ed1f604d37,410424160
513c6ea5a3c2c560c409eaa8,758956416
7cf15f80838e8edf4f9cdead,963087232
49737c7682eff2513869b3f7,808394304
4e8cdb49a2bdf68ad8d12625,641913984
86af11931b004aad3fd27b88,583156800
90921c9fce21986dd23bc645,751046464
d79d71be963d418a4c9dec68,934930496
c27b2b735106bd5a77a15616,503816128
b6129a71f8e320aee8abd0c4,503816128
26922ebaf11e35a7a320d30b,921938880
23f859b889afe2639ad55a21,731748736
ddf47d32045769c0596826db,993235520
1d0c635770f2e51aed4c8664,1082636544
e6144e15d5cafcfe87c07c9a,481097728
a7c7923f9a4d004eab43413b,680130496
42b3b56289972176c20c4990,407885792
b63f49396431089dd646837f,610885568
e0b041a39e732783f98bde56,868348544
409eb9b8f2ba87ca299a7f6d,472468480
1a46c13974f3634ca6dcb51e,537301440
4b068c79664179605b145a15,529629632
afeba13fa3f81249549cd2eb,428355808
3a3ce11d981d0893ec732e22,583156800
ed68664efdb7377c33f4010d,823206976
93de58cb0d8fbe74b0cbb556,770597184
faa204421a94ef95b79eddf6,503816128
acdb13c4c8e2a48b0bdabd91,991240768
5271cd1cb962066407490051,1009625792
933251193ded6df07c83128a,929100544
524e00e537f841c13497cd52,466899040
a9d4f256527be98066c493fa,688370112
2207c1ed62f59d6eacb3c18d,505437120
97ea5dc81ba49ade4f8f580b,596857792
72488318dfb2181843f17c03,761716224
76698030899efea431dbb81f,274898976
e84888d2f22e14a5016ac789,529093280
d9398ef84ae71419cb7cc82c,627971136
6d32649478d9d86d840969f6,620955008
81600c1e6b6e3ae770e40b28,837634240
68075b0ac8e779bf5e66dd3d,653262464
6d7ac64b8b9f27f61fb155ec,513423488
d3bf3146ec856cc26c607d70,870127616
d12298e0d398e9d21d2e2eed,360782368
97b69097fee8d8496a6b8c04,394100576
fa6e53a7107c0e33e3d505d1,945180736
7279c610bda9354e1c840b0e,529093280
6f3070318ab65b867b2702f0,585149888
e08aabb998103a941d24d0a9,501634784
415e1faab81016a460db7a0b,313410400
8b871cc48b99bd4190877bd3,388465408
7240bbe28e950ed75637b504,505325760
831629494c6d15d5ff6a00a1,388465408
1cccddc33bd892b44d7e4b7a,590662208
f9cc6760b1112ce5197bf399,605782720
0901e845b6c56d4761377a09,448059744
2a33fa5b25963f3dc928f668,571952192
83e9507b9ca2987a21d1b195,534128128
9381bdf491d48236e84590fa,683494528
c041a933261204155415c2d4,725735232
a1cd867286d6e82181e5d1bb,660306304
240d2474c81482baaf79b6fd,660306304
ddc1c85af165e47502447242,713822144
58f02c785ee9a506e899b967,841216320
8b353ba6823f4f800635f0cb,704315520
68cda50b602acb4efeb275a7,1040574848
96cb3c08c80815907de81e73,552810688
f54dbd8f0aa752f79c581e5c,658397440
52a438d024af0d5c38627ad0,367106496
1b5db6af0a1c0f7787064020,641913984
84a7286c91f1ca3ecacdaaa2,810715008
bc6d6249873222ac7f22b73d,503816128
12501015fb631d7c10ff08fb,502382688
85b633e09a41cf22a10f28c8,595425984
7acb92246dbaaec1cc7b423f,376558400
bfba8fe959dd2e44a4202943,704888704
5325f16558ed6d2689bcbb46,393332128
d4653d505cede3d24e258d4b,704888704
5146ecaa8b7ed507c4f30785,917925504
f5b9cbae30356fb3a1d005c6,878598528
205ffcec56fd884ab24c5600,599184704
ae7ce478fb66882a2c952012,677897920
efc9ae02fd6c3f18db866cac,709921216
2221052e00c236f31e6d5a06,331940736
54673ffd4971d04493a1b1c7,619305344
b0bbdcf0916b246ca95c4721,688230208
1ef15e2b882a0da85858269e,491393792
9881fb167319b34cc23da955,576397632
9d2a195e645a9e8556683b4b,646290112
14acd96163e6b3e17177f35b,458645632
b2c5af8615b8899deb16c896,485746848
4c40683e401dae89f6537ab0,454854784
dd007a202a0a3d56ebc4868c,638371456
6d9c89a406cf2e755d4172c5,458743456
7387e7e385063c180f05a7cb,485746848
9dfd5df5a2efca3fbf2c07c8,661435008
2a9e75d221912230f98485cd,687373248
86ce27f9ca03821d13030f18,714691776
3dbf89c6e97182647bb44e69,791780480
eaa4893a313d85fcf38dbb6b,633519040
c57e1c323ddeaa7475e5189e,574425280
84856812b63dfd9630fa49e7,876929856
945202a450bea48fa7f2a95c,797649856
fd689e54d5c418dc9f2425e7,806339200
eb90d9e9eb53b44b07ef9613,833440256
79005399fa92d05558fd6f6f,896357184
5cde51bd6de3759821216d5c,797203072
230cb38e035b85a4353220e9,538368320
a22ed42197987a8534abf76f,698609600
43a2ceffa8ed90bc1a43255f,475517184
8f2fbced5d357bcd6b1c7de9,722128000
6e895a15d402ea7fcee98156,680495936
b6a2406025f0e1fa09690c2a,475517184
f46d46ccc7fc415433e471e4,355899072
71710d25975271eb32c0c8f4,432482656
01b7bb1556b5c32df8f618cc,624525696
56e5afaecb2cac6293cde16d,399466016
70209b9024acb3e5baa769ff,754171008
efb0b413b3f661b23d674b3d,680130496
251db9c4b7398902b38b4a4e,663662144
e3e7ffecb903d2daccbf8a53,582234752
a92ed9a378272ff174ce2688,461550624
40a53a3f3d49f7905966295f,1046940480
bcf2c303fc03897585831351,878968320
4b0ac2ce45d7ee385ca369a2,686482688
85c7e8ac008493b34e8e0176,471947456
0ff24418ecb6888dd8ec734f,879774720
3164e0ecd246b8ed6cb6d054,1046096320
5f52e316136696cdb56e65a5,490255392
5ba4bb943139d7930cb91650,685170560
ba12ab0869d66e03df12b6d2,418884640
1a111211207627bb4c840442,663331520
9d2ec1ed9eac77d534ed514c,486148160
9030f17b47b3940c2e2c4093,486148160
3b224cf6107d815a2e78996c,779000000
ab0e770ac42dcc82b472c55f,408250304
75fd66abeaf040fa76eae2e7,640083648
c31d98f67673691ece007a65,391946272
60d5f19c16554cc2d8e5940f,754171008
53fd196fd0c0558ed1219329,442245728
27b06d060ecf702fc88c7956,709023104
dc014623ed69c32abce2d0f4,528029184
f1a8f09837660445961375c1,1064938304
b98a462d9782988cb54ced54,956667264
6ae4843a827b36bf189a32ff,677693760
84e4f6c6b5dec0da7f7ca0fa,475517184
b8f2b9c2e63f0091b6038ea6,388520416
e54c7ea1f012656f7fafa49c,263859488
f25f5df33f25576f805a95b5,710713280
ce9474244dc2d40f357146c0,505898592
54bc553b5b8abad0ceed4d53,340934304
e75d4ce522cf587cd66adae4,554162816
b1f0b12c28c9bd2d16b3545a,543790464
412e7b9e1de3df8c3dbcf198,474760416
f52ce56f20251f018d7864e0,647312576
6641ef09c0bf5f3180952b30,427639968
ada53307260fa34f3a6411f9,563148032
51f0f76e2a8cf50ef3650901,476801536
da482df3d0fc97f9f8582e22,571570176
55d47b5f3d0d2dd7c2bf4034,500522368
1a6714ac2350ad371d8280ae,458136672
0006c9478f4e7edc53d84916,408733536
dfa7461510c6dbe5e119d106,476188096
5df95b44c73b249be0fc69e3,373552384
76bd7a0b87bfb6d2723766ec,454271072
8570a1d8156dbcc267d3b495,747613184
94116b7517a06255bf4320c2,933191168
8ba2d7afde20563e38892304,766827712
f86ab537a2f5d8c2b223574c,809658560
9d0d2774fbcb6fcc66b865b8,652846592
9086e6e757243bdda003878d,709484416
5a3625846567d06dbe4cea0a,984487744
f51a78ac4b03665561552b0a,673772864
561a262410ca91d69a58645f,922175040
08d90f931e7e0a6f43c9d0e0,457261504
f47c64c8ee69e744e654d4b9,740475904
fcc4c878af8bdbda6e1fc86d,1085218304
8d9b143cd8eb71b05d32cd2f,778251840
ce6a3868227d78852fad9f62,907319552
d82f743ff414299f8c222db9,847850944
9b2c7e6cfb2d6c66e1ee8a6b,868416256
6e9009ad01cf466e8f8136e5,778251840
a4bf0c02f139c695845c9507,852137152
16cf0d7977ed97d6ae8d2cc5,866895680
d96855b0ec427f041e7a36c3,991342336
63613a9290bcd9e1bcf2786c,853005440
32036c1eb131e6cc4f3bad3e,393318880
ad47e82c9efcfa36ddac0a95,525110784
d5af3041d95f5e89969c9868,423649664
f2387712fa17435f56d7b102,367034272
c1c8024bb6c3635ff655843b,335387552
11e4350271e9cbb37bcb75af,438745376
d012efd4a77c5aa5e8d6e508,532996928
6240b85a47c079cd0efb077b,520269216
85e332a999931ecd0e04475d,438958592
4ec02a406caf200b700f5c62,518311776
f3270f2ccbcccf3046346809,777627840
bfc5aa443994e3f3f78c6105,891418560
aa09cc29ab2f2cfc79e5bc7e,655648896
6eec5b03718975e5137d5e92,623657408
6974d82e41437d61c627b16e,630584384
ae3f7f428b49e6948ebe6fff,586610048
a9a710b78e776c16eec24be6,641975808
249cf6f96144f769030d1b4d,684957248
645f3c4490ce43ed68c7df10,519543264
3413f37549869d2172b76d6e,688370112
956600c9a4ed31e588f8c593,1004078464
00ba709f184e70be13e5bf9b,680629184
275c8bfdd3fec33752493861,680629184
3206523e850b5b5fbce567a3,965583488
9c9ffb3401ab6ab90fcb555e,1067813312
4962650cfa3decf487ccbd0c,736134144
a541b35c62878dc2c425235d,1093117312
2112e589911b979db6e05a6c,1001208000
c9cfeb97323bd6a0564e1903,519953760
30e1bd4619483b0e896b5229,656097856
48aa146a36aba8a0270a8a1d,1070459584
678a80840673787b3aa64228,725465280
392abbc83cfacfe87c401e27,680758848
51744814dd3a7e60c0791041,717483648
c6faa5d2ac8e74c26fdaad4a,778716608
1f2c22839c470363ff41551f,720323840
5438c2127072b47e3af428d8,769502400
32e182242a654ac03a8f3ea8,424797760
0a45eb817938241ca988c2e3,713044992
e74d815ad652f7046ba33295,606636288
2887a0d34994d284759db20e,495511488
621c3051ef29e8da01e6bb2a,495511488
54de2275006e273686ae5fac,663662144
b0a0cc38f73c9d90bff6ad92,683865600
f4df4ad4366bd794594c111f,816909696
763206de4c26e3825b69f4c6,672232896
d5ddcb0a54416bdadb4bf57b,640320512
bf17eca5afccd9cd6299b9a4,565374336
02888257efaae858fdc7938e,608544384
1f8ecf6c089ce6168b3be52f,749896640
fd7a48744bf966e417f34a51,890967936
655d6eafd78be856479767e2,895523200
27472c6c6a801eb749b9719d,657613632
18fd9bee381e7a8c29a44c4b,781921536
da5d47596a755078a2261328,533360224
737c83218f0e486ef4feba40,510433792
2390c275fccc98eb4fa33af0,317891424
35616923c84423b44d1d1438,897764928
22fcf0650753e2b5a2fa3786,601586496
9d8e7178912841c2a1232ad2,547505024
36c2cae6de0add92f32d29f4,717483648
699b68daa574a0f169436ccc,334028704
c3bd0b8277a37832f56be54b,527798560
6b3411cb8c50c1498572e681,569203072
fad4ecc419fb64b3f77971ad,626275008
4034cd9a70d18fe0c883a0fa,460027808
8f9417de118ef8486538955f,890967936
33f4f9988387bfc237d114fa,413666304
40c9f947e826f89c6ff3f898,464589408
351701c5d1b821253e2c8c42,431158400
f6b405af32c398147475dc9b,607496320
45750daec6238508791d0d4c,526391200
eb85bf9ab77f59615960fbe0,510083072
0ab6e52af85ebf23432d7698,536804800
9b13a371ed4724d2e2966447,459997696
081bbc273db70f1d2cc84ed2,462792352
e113c48e4e1b53adaca275f2,671684672
4bb0666c55d174e0280482a0,491534144
ca516516b33dc09d712b3154,459997696
631e6aee6ec1f720f3c78775,542877248
c7746198cb5871bd687c2538,635625664
58a5dacf2f664512c2b00ea2,774728384
6d8998442d831addafbc878f,815914432
7d4ffe0038b3ebc149d8f4cd,730081600
55ae7bc854658aa5fa49d368,861455872
042ff73057dce4d92d383cf7,489250592
807c04729620ec60ef18598d,401034912
5dead94ad2dd86dd41448994,439409504
bb90c874275456d5fe0de83d,445898944
6ea5fbf037ba7e5c74d7ca39,510083072
86dd7931177df94a649a4d62,391867072
58ac250fa52a1ac7ce39f70f,479403232
2861f1a224b4c879b845779f,410023168
8d06af8e439c45e0e125de91,491905920
bb2dedf6198be0f3ce2c4ffb,692133184
57d8cac189a13c180f08cd2d,484202496
db575f8a4e10a29fe81b335e,787736832
e8c79fd41b001fb1da0d4fe1,676061056
b81679b32ea288e9665dee49,1063702080
841482deb90d19ecb1ec8a06,538072128
214df9371aa59f68e5740212,317461888
bc52abbda9027e10b879ed50,440592448
ce8ce41a36b610be164a25de,701826560
a67412a01feb64ca6e772858,644023552
d87896f889ddfe1ba210d74d,321705568
556a39ca66e10ba3545f2234,639681472
50cb893af4ad0e21a69f05d5,636508096
3b5a5d6536a9fd24f02e8ba0,474699264
121cc20fd81d6322f56d5c53,519715488
b9c893f3c3ac4dce40d0ea19,661648576
47bf8d322af3c13e8868ed0a,636508096
a4325969a50a14c948446f9e,596660288
4583a6b01449530079415768,939833408
920e2bd03c9d34e36fc38ad5,939833408
0a59b506798fb96edd7681c7,520662752
e8d2cdda77c1d885e21c7bbc,1067398080
8abe99f2b71b13dfe7d71616,981844224
c07e98122103d1546d995f9b,1085218304
29fdab43da21ed0d22c9c71d,526664768
f2ba7982bed03cac394ef87a,620903104
eac89e705cfd337a99417320,369498496
40713332e88c6d3a393c8b2a,385858272
a9aad230d22f7dede73acc8c,824528768
3b7fd4008e14e394dd09a0e9,1082636544
098327587a877bd50df27551,382904960
0379b6a001e4018c34e944da,510543808
45f24dd99d362f49c0adb875,375945408
dce1dd028695bfc5a47aa6a1,403252448
cfeb702df06baadf29f12eda,406595392
9ff5828e084070628ef2ad96,344194688
6920e6d7fff656d66844949a,691574336
31ed69311bfbbe000f4483d4,517806976
d300473e3d2ced1177c9fbd3,777362432
2cb64650b876ccbc7337a0e4,367028832
3ab2ed6d140698cfa41f2e3f,265211520
9f8697b55cb665ebb054f9fd,473308448
7e844f8a24422ec3b833b4a8,495805184
55a615a3b3919798d54e885f,630710016
fd26da8e62b5d1155962f0c5,664095040
ee9171c496fa78b1461acf88,687590720
d5182c47a954c964445f25d1,665314112
e064b4dd7b4e64a3e0016f0b,895483136
36753a5e31b0edb1eecb8bcc,619812800
c2ee475efec76c46efbf1b08,685500736
3baeb28cb33d048bcd6e42cf,412088064
6a6d990b9b1bea0f844d3065,386272192
e93dbc804920c0bf7bcf8cb3,342563520
b9ea1b9fc0e46ba0724cbc0c,267226816
95e98113e39820523e95adf4,337323776
942ed340950f02adf9749a36,324383968
8538a41c0e0fdcb3829364e8,532820384
804289a128775f7d1652cb43,326191936
3dec1da01706b06f5d6a9266,476402112
fe004acdfad6ac6b00911ef0,720398656
6c679d5b6a1c1b74bf483478,787845568
ba54b5ebc5d4f554bc56dec3,558205056
5b9469c3ff6b197bfe3513cd,607228352
2ca6ce8266afc6721d179335,787521216
94160aa4e5c54bb479b1d0db,597793920
eea6a2137473c3ba6708b576,343263168
9969f6f4bfb29e3a97c2fccc,626911488
68006626a3321fb0de032307,484572864
2149d04442f73cfc78f93bab,627750720
01cac7d033166094ab9f87b0,557754880
15515ecdd35e9f175842a738,642426112
86f1d6fc54152004e69027a0,726136128
0bcf7987c4b0ba485c44caf9,685986688
107fffd601a2bb7a3e4a69e8,643031168
5a44636153b1d4a74d58513a,548643136
5ae08e5999ca2ba0a1e2d8a7,467592192
369e9e64898ea16b7ffefb7c,500424288
192b505186d0bcadb46b7032,665941504
6dde6686bfdff12620f198d3,667154368
503a04e079773a04f2abe075,684499648
42b5ebbca90572b9cea79177,619812800
0b6f2534f862a7ef551a116c,652475904
05e06a93e9f01dd3984a85ab,526603904
c6706db3eb4f0bbb0510578a,683587008
2babb357d1d828c49bb89be0,714963648
3951171501fc51e2d830cc82,760573824
fb72b8e0457c0199e158e599,930356480
df865201353bc7b915b56ac6,520418784
8d1b3071f5396359c0b6cc62,878590592
c451b61851c8ae1e6222109e,815924288
e1c33552eeab60683f2f89d5,946227392
1d8d51cfdf78f1361710708c,685408896
bdc8e1a1e06d387f9c7b026b,685408896
2b36d797d32013a126e15709,486148160
13b3a55d79b79ea89a73d21a,486148160
e57ad52764215c3d54740ac5,486148160
19e11b2d60326895b5e6ba01,486148160
f6e1752b9f4a0a3c8573910a,486148160
062efee92601be294d7346a1,486148160
e2c3acee51cdd03b1f211278,486148160
9390ae5c166e1a976e53e16b,431058528
db3aeb3a96304f3c255e8a22,570022144
d353be29e7ed2c35b920f7c3,492767104
893c1b081e383de73b9f2e16,741800960
8302e2afc48d6eda16784da6,643478528
f1e9676bc91a76740f4e9b0e,685002880
ce86066ad78dea43089d25c1,967372672
c89ac55660cee4608bff27d5,405914400
b183776d007d85bef0f6671a,534712288
e8872302ba40e4ea413689da,399209504
0afc6cbb60f34f1cf00fdfb0,631107264
a811af7cf12afb1dd9b8eb86,609164672
7947f71467036449efb99972,995294144
2ead9549bab6f1386b7a2c77,924885760
b54e8d557263624947f979cf,952522048
fabd2201750747891eb6af77,954475840
7c3f7b513bb20c918a51dec6,604953728
0dcc222d83e1bf05f2c2c090,879848192
3ee3ee47bfa21462a1fd455d,572533888
1dc3b6ea53413ece15bea33b,772517504
f44362b932a8b70ad4b99a29,350146080
5372f93d988c3c917629f9f3,202388208
5c25ccfc7ae77f1d85981a79,507720320
4df222356df121a41adadda7,328491168
bf38bb7a2a7ea663cc8f3d57,202388208
ad0025f5b240d00936c82f9b,573814144
2afa66b726ed0b1492b9e01b,564450048
a528312b77b7f84741c2bf29,571952192
1cbeccacfa11843a256b2e2e,548077632
d11eadc78d95c96f50b41a10,790254848
c918e02b3e6d80125a2db1cc,326545920
b2af005e93b0242e0f62f298,365370368
ed9703ed896c6118a3458e78,250141200
8ed11c1d4e7aa1ccf0ea0508,357667296
9717b066e135a82feb422181,582234752
294985765f4d12e51a68a451,754171008
edbeef6a08dd17a941634d49,736629312
26cc292628ce4aa87cd287d6,641555072
47f7065118bcd4c3878e50fc,522292192
e369c63f83c44329ddad488d,457453664
383c0948aac71636973507f4,676006272
6bd1a412c01387af8810ce57,1010023168
4b92ca1cee4739104e620871,975273088
0123237414f757b9c3809f88,790224832
6e36550a6ff6fdb2711a88c1,1035837504
1b5de74aea685b506a952f4e,390559936
d85fafb4d5ec056e6db9a79b,427670656
cd097f6cd92275ec8ace1f20,654594624
ced1f52def08143f0b2b6849,516693248
89a03e25c43a555b47c53864,445587104
f8d64df401009704c152bcb6,521594592
2a5aedaaad2d908122f28f22,641913984
edd0b57b90629fb00d036e34,648323392
f8731413b0d976c03b7e05ca,634168768
01abe3cfc94be46c1153c82d,650748928
aa7f5d0d2fd5474cc67cc70e,605557696
4912c91afa6e4aff6ffdc6a8,918243136
9d805330fb0df9ae73003ceb,503816128
7daa9115f755a6c70411b9cc,861002432
f5896513d1cb044108d23785,967348352
3ff2a2fd905d81f0422c54b2,473719968
02ed31afcba033953c79d95d,566689344
c2164829374d5e880c1a1f31,663331520
3f6eba5c365508ac192f2b82,445151360
3289958459cd87f24089cd14,479403232
ecc3362a649cf08afef96fc0,426683232
264e00a64cecb861d2c05b1d,610867968
d5b5bbf927f763a43190fabd,668537600
2691d7125e9046e597437f2b,844272320
7cf183ed411cf82df26640e9,525962624
f81107599bc083fec4a13ca3,842831104
3c2a535f1df831771b859a86,514278688
9e871ee8a61b183aa9051b72,677837120
e066ee04cd3a597dac8ced59,498979072
2f4ed160fe2a21722e6299f8,576028800
e0ae53aa3cc9e9ba7ce65f74,364903808
78d727d0e61a7c8b1cf6fb1a,458963008
b42f936db049a74c7d24b0ef,724657024
62e9330888566f1f826e1ee7,522055712
3fcc5ff04edf753621d6cbb6,668635200
d4ae25b207949fbf0df3b404,428172160
14bc234ffb3ff7f974afc8e7,417558496
64fbc9cac3f15c0f1a16f4d7,464197536
5fa1c8237da8fc7683bc10e0,560119808
7bf4beee26ba81ad0b884f9f,426561728
72a47f70aa99d42320e54787,460290656
07641db461323a5cfcda4f98,512998496
3af2a1ec9efa6884a8254d28,737224576
3adca5eeda4939a5ea11444b,786102336
37d39cb7d3849a784497ed0d,729849984
b9baaab70cb83475ac3bbab4,734380224
74e178e2398895d2288e6fcb,776144512
ec15e2a131d9724b012d68ea,676061056
ee042a4b4a0bf9a1dcdf1eab,617469760
35381d7a5b25317d7588ce77,587056640
18ac3368b1f6d8f7171b07b3,787736832
3dbb09358256bae5199e1318,884977920
4662aa1c44351dfe271e3a9d,879174720
034a30994bb2e0e446e35957,762066880
4cdbcefc434b48ba3d51a498,941255232
3d3317303679a6a5a381d0ea,873713088
68f4e3d4355bb71db0f35a65,676805056
b3c77f4a398b61d9c204f8a1,809529664
3865974fbc1b412f24c47eaf,793886272
84ab3ece52fe00ee50f057aa,747939584
dcdb8d97ae65daf55570c88c,887263552
7ea01fd99b389d08ca50c0a6,803073408
51df325f026f4cc5ed2e9a65,1069413184
1f11cd977996d909ffacadef,981844224
5ae03c0e33dc7d3e0e0d54a5,807057792
da88bf5bc2a7310ff382be4c,912937216
035de58d60807ee2c272ce82,1063702080
0cf82b1128ebb8d1087b640d,896116416
bd8b005383020611b8922147,574731648
f5c79a564600bcad99c74f03,320652640
b11672f22fafd555f940a8dc,443999584
2bc88a5c4bea2bd00fd8f13c,488012288
b2b99019a929584b4904b98d,585985280
678d0e011f710cefa49f6465,433036672
f7de22825945329521642f49,514886336
79b5a037bea858706838a62d,519715488
9f339d547d83b4ef956a3690,548094464
127e197a2f70e7ddb5dc92aa,448057440
65b8c48546af394a924decbc,430828576
cdc0c282ee62c51e3a20459a,641913984
ec824ecd0319e05d1ca6a9c7,588749504
95f27bf0d25bbcd0d1eb9cdb,659494464
ac0ee54bdc08632efc0d771d,652300032
904ad71e7d108930d69a7332,677371712
7f4e6f790de012946197e0df,761995584
473cb30713e88ecf782651fd,515521120
59a309a6af425b2028a2ad69,840045440
8a1b0f59f86e33a7aa7c2c23,917346880
1e884932e57cfcab75ebbacd,932241984
8e273f1dde4801825fb19742,813690048
1f9c0f9c3c6460a323171d72,1051531776
5dba98aa20e371c3947c19b9,954094528
51516e102f8d43a07037ed29,848940224
6eabd14e55ff090e8a93c727,797332224
e224f9ffc7bd70369a5e8b68,1067398080
35cb50346289f0590dd24d83,854966016
2aecb598de8c74d9d5108d8c,767421888
69c7e97037c747b93c33251b,878709440
b9b95c89c988f68429822e81,510151616
fa2c5c19c86087f207c379ab,464053664
9bcd34e7a974c977f65925f3,1012125568
3611c89dc71078cd0aefd2cd,519715488
9ab273eca8cd5dd4b6339ca4,441159712
4347966ceb1770f758cb6e37,527913792
2a68f627f4dc8060484cdb18,1084550272
55ff644abd72eaff17d533f0,787922688
db563e5a1cd9eb1be832bf5f,939021248
a0e9310061ff0084d63dd242,997399616
7ff62b2f8a28d60f6c4237c6,924816256
c42c59e8a08e8657ab4201f1,465996768
de28370454624724128a0688,522292192
514aefd8a44ca048a8088c51,828204736
3d3a318662cbe218db0878e7,641913984
2714bcd5c0c503c3bee0e0b2,503816128
5461aeb15c7f826f0ce157e8,429059552
db352cbc2aa3066ea9b34184,692572224
22b066e6dbd0f2562a0554f1,564128576
daf8d6d3f4ba21513341eb3e,873713088
523605d1fbb75b0c5acec5f7,372036352
c59c2a19b93ca666b7c389d4,634535872
61e57e5539c40e5ffeb77997,372036352
c1fc25faadb151c73ff254ec,476044224
63e73f1b8b385d89de1329c2,420001856
80ded3bf4f2973a5ceb1ffb7,462597824
e1f5f0e96e5865370423c142,711711232
3bc1d407f7e7c8e67f7dd27c,672579776
d87c489d3572187e3280965b,1167094784
110d49e1d79a3534e146b300,569897280
7baf3723bac87b0b393ba52c,720729728
8e9e35321545774dc1f85776,439470464
e0d6155cb3cdac98f81d44e8,339199744
bcf775187c0f5ae1cc0e8ca6,381579872
a792122a1b292f482caf25d1,475890720
09fe153b0027697e58bd08b5,316154464
a7283f1587ffd80f4723475f,279736640
67a10f161cf7215302b6ca1b,353658240
f403b20cb52d4ad3f9469ee7,421656768
643e13f00dfe7787a19b1254,344194688
0eb7c68fb7ea1e58f3e76345,704888704
cabf47337c2cd619f12fe69f,598814848
55c5eeb4861e8cd71731274d,1040358848
363c96b85cf07dacbb10b92e,322617536
49b59d19432dbeb8921e57b8,527686208
818ee3b0c3862d4aae6e7776,445793856
b15c662c56b19d3843737dd4,326816864
03243195c467c67e67a7823e,520195648
5db50c50b523f3d454e94dc9,486512672
0798af235e9926b1e7e4642d,499341440
83852e78afcc4127481adccc,526603904
7fe25ebd70b89f4602bee6a2,702439936
175590951b6f8c6b8b4af9ff,487542336
d4dd48521efc020762ea141e,590244736
a681d6e9ccc7bc60eeaf7e3c,791777408
e137b5003b8c8f18892ee9d3,943083264
90dfa0d7be06e7a1dc15770e,522777024
7fb856eba0ae98a40eac3efd,688370112
9f52855eab4ca5161f1fb492,781159040
494580f4974c33d7ce0cdb28,891398592
d972dc3dfccf2a48a6384e54,717111872
7cc8772ebde8902f55e14b44,565091968
deda3ad684384ed67711ae71,542532288
b288c52e4d0fab9f579122a0,708918336
0bc16b384acd3f8263e386de,646258816
b40d1d2b7c1db9cc57c65fce,892519936
c2580329ee6d7a03925725aa,852659904
7e73516d57a251061b3916e0,769392448
7749f3bcfa8339444b0a8b7e,359562304
557e40fdc93c1824b0bed769,359562304
edbb5db63dbd0452c51047a0,397340800
383af3a5794a0ec3efe78b2f,471043328
90ae7af091c23957b88de5e9,541465216
b1d9704dd39c6cef28ae3d17,565171264
44916ca9b874075f55949f87,697605504
0515734883eea12cdacb7aab,477450624
faf9f8aa50d936c1465e880c,607262400
f37c9693e058492ec3715de9,590454656
562c7846b05072561d96698d,607228352
4a629aaf60a113402834c042,696864896
ccc4e48073c3da10a2e2d08a,673671488
8532c64eaed74b64b4d4707c,714963648
528a96aa31409c32bc9f1f63,1094070272
36fd9fc1f1d9b2e10c1c6463,362770496
91561030d87ff5bc0a497f1d,441089408
eb09010915ee68091d6675d4,591040448
56c41a58ed5b9864b68fc910,494238944
bf6005f6f71da582a6fab8c7,521527040
86ee80cbe81724e6919bdb73,438958592
0caa7856aca178f826fe90c4,628684160
9e41f25cf2e77f3fbe903368,731398912
019f4a25794ef01294845b51,667732032
d6fc6059bba177ab56d85ec6,554841600
436089e2bf605d00849691e8,767570688
02a9c37b3d92a6da473c6fbc,466131840
bde81ef5ff9edabfc7e30d10,577585216
379fcab709c66fa146d3491f,671531776
28ac1562ebb5050f1492f576,757574528
e68f5a98070efada9b5538ee,238224192
80aef024b0ecebb01913504d,488552032
f45161bb79292e974dc88b5c,404628608
6de3c3d53d6aee18ccdee958,488552032
5f2f7596a284915ebdb81a35,492350880
291fc50c4ffe7935b01e5d9c,493602496
42ac33321bb1920fe2a78036,784662528
c8e00b4dcfa2d05d6a7fde26,770624128
5c0e328a04f881674ae1046e,822528512
c28cb417dd28fe4d4d41d114,685986688
8e160f094a0425aca23f04ac,696425600
a8944be7383b5689b5039c87,742738944
cb7ed5960f325114bd3489c3,957915712
275d73c7dc0fda7cbecfea89,930318976
85c24df2d836cc8addd9b7b0,633631936
0fa87864632b7bbbd161f879,575502400
c7f422224808e043753683f8,758120704
c51d1eff1b6d29b4164df520,971737664
b50e8c13de383e64711193f5,464430784
1308dad458274c698b2fec72,464430784
6a1024c5da689de67bdfa274,493273504
6e426f60d25aa8a4c6f8c9e9,398657472
b80f3a46440daae51308d459,586414720
f59ed9b8ef1726f1a55a4dc3,446018624
368eddd8b6d39bcc7124a41e,382904960
391cfff759030283411dfe1a,580086528
4f140229175de685a0999773,466537312
cd365053914fcde97b7ee9a8,760065600
16a05fee8dfbe78d26664c3a,568086400
c462f0736fdefd319cee232e,765096192
b419d977b283e33c0b3da86b,934922240
6eb27e2a66d08a8a60567272,746274688
7486ef139d41d91423317e0e,588180032
e663064dd77e3c63ab9222af,1036134912
9a6849637f1b8332ab289e27,1082636544
498de85ba30cb01e9c686081,443579232
3507f260c3c6e195fc444533,502887456
e538d52c9b2dc994491be3db,403751008
f016ba59a64f287099fc4af4,406625600
380ae516dd46442f97acfe14,504940608
c97e4d7e08db3171290e939c,418328128
f7847aaf1491103fd931aa5b,825217728
08f6bf438980d55b35ce7537,825217728
a6a06973b5a4c990d5873b7c,619812800
6e26918c69487a735a639c1c,825217728
cfbc690c55e5c2bd8dd9d89d,843802176
56fe5c13f11813b82dfb04f8,714963648
296f0158b5cc1541cfc8419e,769392448
6ed2970ed02a3e50ac984aa1,679094912
4c9f3af11fa91e729384580c,692333888
2ce779caef0637db97954912,631403200
d743892816160218a63dcd35,668795200
758efd6f99db309c67cefb12,452365056
a4146ec09d782b08e8198e11,788413248
f415c2bc1bc0fdca091285cf,977935936
39ef4fb2a43fa3bba15a0b16,717537024
874ee4f1b9c6dfd3d2358834,1096910080
e9d514f90ebff0de1936d09c,600352000
9f15c77d67021f349714806c,527192704
a600ed86cff36e636d204f39,469925152
58f55e9bf743e2e3ad43c274,597091840
af1aeb2ba89d29973f73511c,544137728
bee721e93b8d8e7cb37dc992,469925152
bd52dc8dc5398e5ca2952473,299723392
b71095bf5e80bcefafb12d52,451496160
a7f48fbdf807da68594e9ae0,394951136
50de04936770f874e1eb86c2,475322912
2ea47ef8f02712c32613fbd1,474316768
27eaac0ebf8a5ee99d143218,638390080
ee594b6bb0751dab39055b3e,725819456
eba0410242fa1e8dea90b194,781033088
a619d30d6f2e2aa3b9613c04,404628608
df58a4244134d3493f3c9f30,780604352
32dd96f4f07f67806146ec46,251868944
a77ef77ffa731e8980d36b27,621314368
a2a1665a693852185673f6c1,748454912
8267eeb41ed1e68144301a3f,612122176
887ba6b287a8b3ccdd5691b5,631878208
1fc94e9dec93d52e0062e07e,612417408
ffd3d51ecc85abff64258e1c,688250432
3eb79541c2ce9413d2c54736,525371968
fcefb2186b13c8bc39b17915,787736832
d4a43654382201db5d318dca,657983168
15fbd295328ad698d3c76aec,613195648
7f5e87fbb4952caa0cb658e2,794860288
9d348aa70957592dbc56ef32,762066880
2ac1105447a71f68a50105d1,952522048
d8ba9eb448ce35ed404e68e3,689318656
21d42e80f6f818eed990bfc7,1069562752
81c890b0d7cf787a091d4081,901922688
518858c561af5c13c8aef9f9,720984000
01cda25ee8545b9fe19717ed,1059475776
2c34c1e1655e87ada03f411a,913312320
48f9e9a87e7fc0a678460e05,791719936
76ae7be5da1785c37736fdb8,1063702080
3918fa99179953461fe07f2a,1140625152
305080502cba05a1c165560b,678844800
5c3aaf3f75d6d3ae9b55cee6,482608512
2ab263b5d1ba72fa562d64e6,723866176
6d13129db564ad15e69fd534,787736832
7de7a2a651273df62aa6a21c,748454912
59f9cc9b23cdea5bd4cc3ae9,530981696
d4436ad417941fde0aed2818,787736832
80ab8d9f157c25b40f102854,762066880
06ca01d3ff86406e896b6fa6,502402752
88f36882dae9a0487383b769,482608512
da474e23f34cb63de4ef28a4,762066880
04f968f1873a655fde8702f6,408158880
1dc1a51628b8eb1bba214498,532604224
e7cb4cf600b9d931eb295c71,581813632
9052c644813d546987a72305,497085408
1e32a8825a7ea79c28e27a8d,520269216
82f34c2a6644c4cb0649c44b,828980160
95815bf7c79e4bff3f41b233,802629440
f64f642775ed2c9f45aff215,318011104
4cac81eebdeb45eb0e8aa5fe,480422048
c6da2874d2dfbb2ebab542bf,652775872
e7c08555cb8f5c7d0f32fdda,468037888
10b7c99bee9a4a21e1f32d50,510674176
f21625fb82740d6f4cf1c325,582816640
1c3236613cf95c84c5791bdb,368257056
b11c3a4642f7eee2e443eb32,709674176
cd08976dc2d69110375f8541,374809184
a44c7ace8ab50de7ed8e5a66,284959776
fa8f13da6d8be3bc1f05fcee,466317184
77bd7837b02bd8f2c290c9f8,474118400
11a79681fb0a3f6eedf11d1f,636508096
70c3b086af66b0c9db4b0b96,636508096
64ea18085495f759116f62c9,621314368
ebf4bda17341de806444ba83,488275456
54228579fd8812c3ea160341,686482688
dae0265a0f2f79d3dc010ac8,939833408
7340afa659775cc18d83aa4a,906157120
5ba05f67a77cebe5cda31e74,811518208
33dfb510aae260ccefa4d349,919907072
82af190e32398942775056d5,939833408
a9b9263f6aafe8531f3dadca,863169792
9a38e7293e9ad7d8462eeaf7,1087305216
5852773a80f7f1b929c7dabc,1183180416
52fbef3effd854b0ad0f62b1,945180736
0016e35cfd881ee2e37b49b3,517266624
380759598c614cbe10ae4bfc,900670016
fb63e870ceb7ff355299f3da,629984832
285b8cb5e9c887794ed2fd1b,513212032
f003a46a1c8e04da0052d72f,201036176
a731b326a61043070c3c853b,421339264
d2644b46136fd95c0fc2353d,518219424
8248697f70c21fa361840755,864624640
075b5c16441d9d67cf638386,409282784
6bb2ac0cf2369cd8fd85bc12,581196544
2c0b3d69fca6677ba9e95327,793622080
c73ffac843c155f24985e6f6,729319040
78b57a58368ab056c11bb0dc,795154752
90b25b6b913c1bf0396c149a,441569504
fa29c89363ac9cb59667a43d,795154752
eba756e88209c420d288c4be,667154368
e7081fb59ffa298320321633,680144832
db1c3ece26da7b342eb7c8a5,795154752
f9ef8fcf24d28ce11e71d758,648794048
2f854c9df6212c39091bcf28,378212608
ccc66d77e5f68779b1c016db,489386048
47d288f8f9227013424d6976,399178048
3e891afdcb568befebd66fe4,597682240
2d1f036c96e92d9c557605cb,377679008
dd9d63c612aaddbd86676c34,672787328
13cf784fb3553f75acf25a4b,377679008
57dd353ac00d0e99abdb3733,801809728
ed0051ae106fd0df60a14586,845812352
0997324f14c5823413463546,1044323904
e2cdca1756b1635dd1ac2b2c,725814144
7700df9486a1684157527739,391946272
e790b21630ab963a65c53df0,534954048
2bbbd9878a1e7c55bdacb330,493914112
decb25b7fdc0eb259831cc71,756702016
fdbc74fb5882051327b3caf8,623094720
39dee9b1661292cdda6c4823,590454656
354e2de1e3a81a63e7fae4bf,686484544
f80b9e8c51cd71c5be281652,286818144
a96b19e82d9811d5de1ed0e6,385794784
5e5ca2753a908aa1b7fe80a2,495511488
495b6e61d1b887f8b4c1bcbf,388379936
ad8ac9edabcf2d4b06ba9fc1,675335424
359f6a66a407e30b40979d2c,739481408
ad351bb6437583ec871b1739,675739392
262b1c8ce7db2b4aca2400a1,910122816
6808b10f5876ca36f569a4b8,1033642368
54c74b36962edcc922573792,409929152
e7fc4e6b1fdb38ffe68fb680,483825344
1c9325df5599379a73e18053,760705728
8c9bf9031bd378c1105e3f3e,806433280
be70989d473cd731f6d8e580,644922368
46136f5f078dd31170c58e64,705824192
7055f85f7749c4646577a51a,267380480
861aa922b483f9bf7884dac5,365250464
45f18e0bb676d2495a227dfb,362770496
9cca7c1e9ff65766c8dd2e29,423415968
b2b7020e66872c8d83468cec,336518208
7634d7acd4197594271c84d5,406704800
11ffdf367d817b582d590db7,381865024
103687e73b0528ec29725f1e,494554784
8b5369b126b75c497b1a7b73,477932160
b33c9b03cc12a253e4936cc3,486779520
ab177c5d60492f2ff087708a,448155040
05bbd028f30492fc0a9f35d0,477932160
2b9fd26383758104d567d474,477932160
4addcabbe23020d3d0d46ac6,477932160
d93ba0c32244c455e0f7baf4,477932160
92b772a38d5e38bb51a3f621,713784832
135ca1dc80ae4d9993ec46f5,491338624
ed5192bd8038c77ed2e46f0c,639681472
3a878d44356885ea61bd882b,477932160
c29c69bc6758d5976024e455,507499200
dc486a3d7e9e2e608ab2a7b0,477932160
1a34acf8e509659534a56b63,470223680
5716ed7d678cc2575397174d,478978848
444c68a7a6cd0b794768d5af,438005408
8a724286cf661794084aa87a,785454464
ff9c4796bc3ef18ae7bb724e,688370112
35984f749eeb84eaf938bb08,906173248
0998999f12dfdd50c597c6c1,929789760
58bc65fd2e0e4430fb353d83,813139648
fe483817d899e0044abc3787,822617536
183a8459fa248605b8b5bc1c,434350400
a1f0d61cef676fbf798b5473,618619648
d7d3cd587d291f389ba2e8d1,627300480
ff8e7294270343a00978dbc2,659880064
0996cb112fc3919564e87c37,973989696
f183e3651c485e0001e64880,769392448
e28474959994ea9c0c2eeac6,922993216
682c0a5f5f3130a61b5214d8,735847744
245663c600727f7c214063c9,613865536
dea79d1b25bb9c78d331e3e6,788115200
ba212b5f12959e34b4887315,689105984
dd4eb14b56cb00130955d021,903544576
4c94103d4366bcaaee4b550f,769141440
7bd9cefba3f5dab498ef926c,1177994368
1d7a2572b466070f08c6e564,628614784
a38e7af984a471331b2d758c,752263104
b6775aefafa4dcc161eaf6d5,450797248
8654295684292e74d0245238,465965088
f0ae62ce6eebc4d07415c48d,692594048
969219d7b193ac92e7a008ec,474522112
651d6af0968fc05584cb3d25,617625920
4f992c2a0526c0074bbcd875,311401984
9536c686b6ec514d92493f9b,488012288
5384587ecbf956275d86e60a,408221696
bab5690da7c42909464cb9a2,474760416
bc91072d808fe7b43e972f42,437700576
37cf2c5c1c6fb6e601d2f76e,514292160
4cdaece5d1dd4e089a99f47b,410722400
b37af80bba5adc197cb51649,516361600
552152b60bdc1ca16d2dbb71,627194688
32354bff9df0267a5e139156,476144352
fe4a6d7d7ed28b85c5816fa2,921228800
afbc7773755043a40a7f9d6f,492723520
daf2efda70c6f3cd9257d0dc,424592256
66fa7c9e82a2876216b14b1e,517916448
e34517b1563d829104e230b4,371872256
222a35842b0bc09f48e1d0cf,335387552
c5a64fe5ed5901734d98a22b,500872224
05db9fc492801eac98f69c7e,402200032
6e4ce81e713a571601d861a2,560119808
79fe5105ed7a7861d3c0187c,461912352
70ea911907d320da1f7f9c41,317134464
e60024d6e0b5aa52e27a3b5a,354097504
bb63f086543cde77832bd4ed,354097504
b3c2187fa96006fecc6b8ba0,455972896
9499edd83df77bd6a90560c8,455972896
a947158782fe2832cea53040,497195776
2e1608b8c646a102e27df16b,649925056
77fbf1f0c35c1025ea4803e3,489518944
f9e6a759b069e04b0cbf0182,546977088
1e158f436f2a4caedd1563a2,486512672
67af004f80b08fae38f472eb,574052480
386ee01c3f7bd8bdb91181ad,709100800
36ffb5566bc35fbce9e42679,566544832
b58533a6850620b0960db713,435069728
41353584f956b9e316c6c67d,554162816
b1d1bc7ea83d5c584988b95c,614757696
6b1c0866e6f12f7fa8de94b2,660555392
fa4fd8380dd2620c672facc5,524736960
44394e66504a4d77587ee105,795507072
d841d6a82425710e36460f64,496705120
33501f96ba3b02da073d586d,475832672
831693b6fb81df1359e45db7,476801536
7192b9d32e4ad55f6af9e241,495273184
4f99b97100d003ba3a2ecd46,537043072
83d969bfc020aea27d2b829b,629415104
39be6f994f2cd3d68b51126c,607862080
712f16cf2506710d7f2a2e8d,553438720
7ba618fdb1fe8694eaecb64f,692133184
d8735967c942d1a7b0cff7c6,649167808
b4ef40e00d089a35d750888a,791777408
7d73a548c2a29ef2d9655e1d,482770496
63131b8d125073c7dfec72f2,889152704
a65655a4f42564ac48bdffa4,711596416
033d3f8ff56907db4c453700,943083264
05e8878bcb68d03e3b656eb3,912655936
2ff0775d2c131d19804f2a2e,685500736
9957ccd807718945178bb847,929297152
7bcfd82ced5d6f1ae390d388,484202496
adcc03f332b427be46f118a5,834534144
b5dd038cf35169bfd0e62eb7,837901376
35b789e1d63f8f25980d21a1,1069562752
c9a215f284e095850c809425,735609408
d26efb0e1213e19c378edfbd,927414464
9990217fa4eae1d1c4ed051a,730933888
2e9390c4423db604e1c7c4ec,718135552
6faf9b6c30b176e36f2f1d32,637134464
5b83d91f4d6364d3e4be1428,633509696
0d9616f0ac8b0c2e9e0a97a3,603861120
9c9fd309cfb505b628f84fab,818657216
98b77fc0888335702d082f8b,804496128
051d68945b95562009d4029c,804496128
eb8021804e63016fd934c9b2,821492608
ed6c8c45bc8c1d160cf0d0eb,1070097408
9fc8c3523883947769b2fe6c,640510016
3e9cdf767389ee551b5349a3,526603904
512effa47a1c7a5420bdcd6e,482205344
0768e70fbda0e09b88c1548a,625837184
acfa7a1cb136e4474b7efe32,704315520
a343e6ec6eadb287711d3834,728890368
a698d80ede6cf6243fd9ed99,835080960
fa5c81237a94f2f78f05977d,856688640
999c8da7dbed7412dcbafb70,757610112
c33613eff66948d1bb8ea3bc,602180544
a642351076b7706a733dc52f,643634304
c69e08214cb1fbc09ced0971,393963264
48a20e676a060954308c9ecf,298340032
304ce5835e685778b1c2b6a1,476801536
c859144477dcaacbc1654a8c,408328960
98865eb2f40b8a30893cd351,476801536
68dd15c8e9b71171348ea24b,1111323264
3c660885ddd7e98ba5ea26a1,1031339776
c670315562766401f92913d0,445787520
777a8d05edda0a335d89e90d,408402496
81f5c32a2c2d3b32329a645b,576717632
40525fc425906c9485f1ddfc,355955872
8b6efcdb553f6e936bd90f3e,510083072
94dc108f1d146641b221cb81,473434272
1034ee7a5160fecdb5e8c27c,391628768
48b34600046c903f0ae4e6d1,751534912
edca31377b4f7299f8b45187,857363520
b1586cdf68f36926c3bf72a2,431903936
70b15c2a38c404e62ad05171,398440416
ce18358366157fa869bf3833,499520160
6883fb90099426e6f3922909,421184096
1b7151cf29b565b2f1caa559,492961792
f2ec3a3598c99bb8c38cd680,492112576
38026eb43ff9876cd5767ac3,291672704
9f68ff98e302ab06df4fc672,263621216
2d2ee255ed2144b9fa1fcc39,456518688
029224b78e8f358aa9c38e94,490007776
88da5851280dbe750968c565,473034848
1c67456195075a051513b28c,536024960
9741ff1b895a038c32205784,691423488
75fdbee42ec89d428143066c,462875584
9f27627b9e439fce085cb01c,594252800
a4a4a57cf20ad739291aafcb,517751840
84a074517742e09a7eb6f320,618477760
28fd0437736c1b17c7ea1f33,700909184
beadf1de0732143f0699895d,743932032
b027f75411dce9c742c5d0f1,458963008
182077fd9c5142d503309490,756702016
b1df92683a593edc3f2b45ad,625837184
38cbcd7f88c1520fa083af9a,819062912
8ab5eda5b66a6c2becffad29,523709888
e68ceeb098f60054c19fda0e,673591808
e6ac4d158437142c15bbd4d9,600014016
a448d8246781ae78dae61619,776716928
4e878e99ad2fc34400381c3d,770108480
beaa09cb49a98e8025fd7e8a,517155520
3df855d8893dbc62eabd95c6,616445568
cbfc3ca911ca23517da8c2d0,809898432
a020e479dc5db78794a5fa77,761118016
6247fb0e5261d4225f6c9f1e,607228352
93822a34ec8dcf104e7f49c4,745184704
17d311554f40ae8b40234c31,677795584
762e044ce9371d7b8c7acb6f,618474112
2fad468e1c248f40ee3586ad,650380672
fc25df25f4151a16cf0c90f8,822668416
39c1613acc0ba4fe622c1f31,806695872
2c15a0733cdb932ba8f2225f,744376448
1db68ed64501f35c51d74c5c,736133760
1d968cecf268a7f14def1af7,722233280
77c886207faa6965238b152c,402757632
86242b25bcb2dd775d25191a,463127808
a8b457cf82926e25cd862af1,641913984
fec1212eae4e6369d5555d8c,657983168
8f59ec48e38092ab01c23e33,872504960
490b89e972abd7e64b5ba6c2,795507072
f8f217756d32f31faa784c2f,503816128
1c2ec62e8ebba12c6146a04c,844819840
2afa1699af46ad8124f76e4e,731014848
8c1695c9a31de0f956e4ccdc,540302144
d88bba495701ae7a44eecc64,972936512
00571815d5a7f208eb3e7737,1007445760
d626a635ee75c23aee2fb327,1051531776
7e3937cfe43dc906983fd321,898605632
ddd8906ea4a22b782c7888bd,652729152
258abe0fc321f6b24d37ad86,488427264
f637a4885488bbd499199148,828024192
97f5e6ee143998e0b3fc97c0,517266624
be4b96920e3aa5c57baa13b3,424237280
6e7f3a0cb6246f13656fc95c,1070459584
0cdcd8cd52bd1967dab88a5f,454590528
83da19e7fbbca11083090574,360436800
f0cb484eb3f6e04b5b1806ab,520094688
fbf8b0f1159e89428778c847,470266304
7c316b981173919b6cae5516,636400704
d6496a3215daad9089fcd5c6,945180736
e104567c1cc70000692f502c,632246464
c4476befe0002dcd0c315993,566515264
3008e821640b33a8d70beec9,437613280
9eaaf577807d86ab64fb14ae,360436800
9db120a76af04028d2f0ce68,411189568
81e1f8b1c0e3b15f2ebfd84a,513458336
9943a2530009f62cab6b466f,486750976
a8052c48a500926214eb2e1e,490007776
3335313b9060ff29782906b6,521395584
cb93bf58a01eb262cb003061,523709888
0e04f84529d92f2832ef986f,467331328
807d7f5155bd299afbb6491f,616445568
76558d67def95bc708039f05,861002432
bb19983466b1a1184ee7ea1c,649167808
34067d9b2b4e45be1e5cfa32,575127168
1c4fab7d9cf798617fa90a19,441089408
b4d610e0ecfe007c133a5ea4,505325760
ffbedc0873b99654d10188a3,448505888
ac413fd87de33153899a1d04,563322048
83349bba5fbddbfa2db5078a,536727488
0a759932f763df64a463ac18,582099264
fd9ebf37acdbb0e4bffd2fb3,619026432
f725f6ebcc3fdeed22bee385,530731264
ceee9fd6e692196b960443d8,511552192
bc10eea54e4a1767881a2391,539797696
4ed5718470ffa3e5b5f40bae,566507392
debd031585e9527fe00f116d,605233856
23b5f2af5d39edd25db6a522,619231296
f51000446ab65417942e535d,830929152
e6ed64435c659f236cf213a8,671553024
b160d30961ddd3dac16184b8,663048128
0cad79296edb4b18582dd77c,677932096
7bbf8e16cc32dec423afa6b3,700909184
acf98212eb702c79f16bb058,677897920
1747dd033c2c2769974a06af,752857408
d54e80ee72354c70cb84323a,752857408
de901d3433ade456e9edcd79,752857408
3fea10126c0c651f02de7167,752857408
f823f6d95b4340e8e4dd0d57,752857408
ff6fa86afbf9da2aa8eb7991,752857408
a966f298e8d4d3d580a72d99,752857408
5b0918cab84af6fa6c464037,630612992
bb1ece5366ebb2ef9d52708d,341943456
fa926bec03068764c8545d41,480976384
3bb987adb4ff573ef09b8c12,347249408
d7fb188814d4c118ccd83989,436582816
ba511b37b4bda08d191c68da,238462512
3c2f62f464aa5c48c470bff2,591084416
3256c6c6f30aea9cc79b7283,828515136
9844c3773f7a50c71f218e99,938767488
23229e392dbd8fd9d80637da,791481600
e0f47a028df2dbe9129cde7d,725441536
a12f0f00148e564ef78838c5,674600576
d3ace27450b980262ba9bf76,1069933248
0668a4a4521c783a2d817413,935889856
768f69f0241fe339b6f52fa2,880539200
e78ef4d2b165a8e8781c258d,281628672
631ecfa47fe167bfaaa967e5,473434272
954e3065b1e8b31a68f6d4be,386033920
e81c5c1b820636f691e5c5cc,642483520
b4c779732e827ab2fec8e8eb,831967552
b58208759ce1402501f68906,676832384
59805e5f4080246ac1d92b34,536727488
a3fd38336516b98117e328b7,663662144
c0bf06891690188e17ceeb8a,441711968
efc8ccaeb09a5e1bb0bfe011,519543264
8e604d41e0cfe9c93ad536d8,1144658688
f770b66579bf2b55a714c43a,730148864
4e01f07ee4b1241360de460e,1030170752
dba1be42bef913f35a95735b,674609408
d839ca90c5df85e5cab54ea1,791210304
ffaca67ff9f0d7cbd5bbd295,924170688
6f17875bd3ecf00566dd5c1b,781233408
10d01825744060a7b777ee4e,437767104
185b333862e7420f25622efa,653281792
7f7141f5e1a7964ac6dc688e,891659456
adae78b82caeb073d84f02ee,746168000
4c0f9275581b5572635613a1,420259680
9d6810aa1035e91b72de6a26,311401984
069798704327652a899a189d,546730368
2f34de2546f13e8a9dee1edf,504897248
8147da5e5f53a163443e8506,438005408
6834b61ee23cf04daf4fb83e,720984000
59cbc0e7dc6e6922feffab8f,707352576
7cfe5c3f5cb1bf095eb2c503,691359104
d916219daa90cd2d99edc609,552113024
e78ad3483c5aa5a7a4310720,554904000
d048fdc255a5a7f474d48c0a,810715008
b76a3fe6a49dcae6e6bf5815,549691520
75fa60dfb737ad50073848f2,668795200
83c1d0e2b8826844416abd9b,424938240
8c02948b66db263420c20d3d,594094272
33ab442cf58cfaa33eefb6dd,410424160
d379dc03d78685ad14c647c0,474522112
5e36efb290bb265d81706bd4,630865536
db534a5f57e92d29b9e150cf,840079488
5354a816a7da90e205448832,298056480
f0862f57dd6be5e7659c65ba,577508544
7d58eba13f418d890ef563da,510543808
c2fc3f04c3870e14b89d5fbb,729639488
15537000b6806ee84d4615bf,810715008
e82508e88e3f62fc8e67dc16,760729536
86ee57ce617b2be312a9efd6,792541312
6bcc29a0afc735bcf3621595,876688320
d79e2addf7c11180be222103,1014018368
adeadac88e573824f08efa21,968386240
922c37e46fe9e75e73fc1f35,615124864
5d09f2d1cc5fec761ac4372d,704888704
8c5aa3c826f325a9a6c6f524,704888704
fd0c010fa0c4b84dc75ede86,709023104
c23150d0aaaf932579561998,754171008
163405cd6248bc3e832dc93a,745917504
eed12d0c3e65e9989fc4f4bd,678897408
e6fd53315e92a55c6b67405f,322617536
7a3ec914a15b47726567af96,465996768
7f02f056d5eb4aff92b44659,441028576
2d5d9119602c228b333402a4,444527744
43fefda5a3b0781578d9f2d3,678493248
513211d9f07fd6645711ae31,532604224
c3e1e0d2618556de7df13403,382666624
b4a4d705930d9afe896dff17,528244352
e44b023e39910ed29f4dde2d,421656768
4e78d095988a92642a1bd18c,336279872
92507b623f039b4ef5be8870,769852928
e216fba4bffe753a527ecd4c,608646720
24a4199c17f9c56f0b3ed12f,597014784
6bbf09c3bbc3e3a000cd2afb,438005408
b3d45812baa819caa1400255,627386944
2688e4cd1fd441d1da455504,536727488
5dc1fd6ec7ec8c8af71e3b6b,824876096
f7b7e298ca8fb75e11e92999,437599040
05b71daf88eff5ae8cf5789d,398657472
e8a7ddb4e5d43d156692326c,1057404672
632820af2a0477aea5ccfa1e,754982592
43a3fbb8218e73b956ca50fe,900670016
398c195aa41ace34a16b0d7b,842247232
ef3887783a12f591198d6c27,517266624
e6653cc1c94306d4e56ba216,546730368
166c21ff83e97c6e74169d92,973399360
d0fccd2708fc7def00c72317,789469568
d66bd7e4bc7b51d23af57de2,663662144
8b47b76193159a21c3580a3f,924444928
448d159391c38e4ffcc405b4,534207104
9ce7fb3190866e6a02e01e26,503316864
c25f892c01420855f61c3dd9,664095040
2d5ccb12ebb6fc7d4ba462b0,619812800
9eb4041ed9e159ec0d890de6,468571584
c342f6492f90ccf623e8e8cf,373552384
c3a78d9bb10165d9be188394,510111552
1978d8fc2031af21e98a4e9e,836198592
d6d581e852a025b61cffd6cc,895483136
ea28f68a1d1d81d29b88531d,699011968
a3cc0422a37512ae124013d8,891418560
073a3ae443f3333f0f526f7e,716121152
57238dca767ebf3a842c5f10,1012035072
113887ac25fbff9d30fe8d35,617837632
fed1a50c562ffd7f30451adf,514334752
b1e9075645f4b374c7301346,688250432
6517c1efabdea4c1f93078b7,469044448
b966fa606a3b50d3ac7249f6,1108451968
e0ad3e9588636f454e9e484d,656197760
d7ad46cde8eca723de6510d7,793526464
447f51e37fda773ab748814b,566438144
a6b992c9bf4eb32ab3d1df4e,416445440
3a9c7ec02f3e7e419669fee2,354142112
c908280d0461c3585af94d53,636668864
b3616a055e722e3720cca48c,610311040
45a8f6d942533794501d775d,645767040
b6da1db3aa02debd11e26edc,540931008
6d12669907d7d80d0b458a93,745784960
5122b2e9638d3438434fc56b,1010014656
6367a127b452cfa27043f74f,917925504
fb3d29813052141c015669c2,524053152
5fb76f2095eb1a5cacc2524d,486113696
95632ec6578a204881694dc2,520999808
846b75324c0f3cbb027387c3,678017024
940dd8311f2b49d4ec212fde,880386688
bd0261ab68cf56950ccdced9,532820384
f79f0c23b5cb96b5d022582c,459355072
795cd68f9a5ef45902712524,669472512
d908973d90db91f772890c9e,427639968
d670be6c848b1e92abbf415d,404628608
87b940bd3dae37b9fdac5d4f,380586656
8a7ddcd0c452e7993bc5087b,463127808
8925e22f8511be30d50545cd,809658560
1342c307971094041c9c240b,642693248
385488342bff3d3587250c84,816909696
f8e25b7d7e93c45df1b3a4c5,971737664
fa4f331f05b1488990a69ec8,1087305216
a71d187784b309d65cea0b14,1013287744
0f44b84024412099f27439a7,521564288
0ea1a5d32324d270cde1993a,446018624
b13cdf9314a34852e8db4221,473308448
75e0815e2ba7269a10d9786f,510433792
f42b6680baf774d27fdf1e48,343799264
5cde1a59393643d7ed4e909b,627057536
8736dfe0f1c6e2181b0ee31e,912547584
5859ec20de4a5036292ee947,825827456
1eee0ff52c53f04307cc3216,681845440
b455979bc938acd34a580eac,453894240
6921133528bd6fa3675ce8de,859880576
3d266736d0307404a5804073,575200448
f4f6e48b618064ced466c302,250453056
dcf606270a4612aafc5f9f29,460027808
5e455623c380290e0a8e4e48,426561728
ac3c9d9357fbe72959817602,776144512
f48fb9d9c42b0ebee72cfcaa,428496864
dc99f2871bc05ea7e8a97d72,453894240
b5cfd5eba0b6297cefd6d3d5,934930496
0dd30227247f145bae82f96c,921938880
9f347bf53e4ca4d264a45241,583156800
81406ce289219cdab015549d,636668864
a085fab6d9b9d8c24472cfb0,1010014656
1fce0e993a57a3e3873b8d7c,981844224
af67d51867f382dcd9cf34b0,992085312
432f082ac51bb0d39ce45b0c,912937216
b6281efabdbff697d70925e6,885089600
9215d29512b14aab6178da01,1082636544
6218a5d7267f02c576e5bf16,622571136
d66cca2c8e08c89af26e7622,787736832
ad3b4ae81c322a9f91381bea,662718336
3a40bebb521445fcd32cf033,952876352
c1ca38f941200a9d666aaedc,727287232
a1da74ec074df16a1e8690b9,872410816
502154647e351af240615b98,621986880
b57cd3eb0290984f061e1053,465996768
4db632fdebc000c9e64a589b,553438720
e380184391898aaa2d3dc540,441117920
dca45f1c1a79ea5ebe639920,635864000
961de1cc8601447b03682e1d,689343936
60a4f09c268e61fbbe423ff1,455972896
c3191b6b40191009ae9f4b7f,1055429248
478ac408d2a5c603aa23cbd5,758125824
ecdb747ee4a3ebf958252309,428172160
6c36e346957e336a33a7708d,691359104
09b18e3f3cabb7d5469a8d51,477015776
f1a5856ba56e7b12cbb9459b,274898976
c378ef33f40f8be9263e517b,650540928
b45911f1875da543199e97b6,971782912
678c70903bcb6c90e3578d6f,933326272
be22ce55ba31cbf7cd285e5b,622146816
2dc58e6aab9399e9677265a6,1038722752
dae55582e86b1f514a4ec3bc,714599808
c119f62348e418d9ada13362,904874496
33510511ff07dc7354cca7e8,571952192
16b79a8af9d6376c73c2478e,883314880
714f90489426e80933ef31b3,582952512
6c8e1cda487c9841c8d297d4,619945856
6d9c4bf994147d8892d27f27,781939584
1b300634b71b898299c54671,614273600
181caecd269e115cb5cfd75e,478224416
059516a91f938d2e8fbcca0b,684234112
c42ce8f9f62f7a315e028e3b,342450208
bc23e25cc246ced4731ce5f5,804597376
de44f54fd6b1b62f30956f5c,627399936
2ef897a38b95d7b769856e78,485130368
2280b5f7c47c3b36924b84a9,460173920
16ef7eaf29eab571e229e537,1005949312
48b1f800656bcae6a9e70802,438953024
b4aa025f8813a3f0b132b7e0,346496288
3c6092e8458ee81aed0db0a3,668165312
d919dc64995903c9120eb61a,713762816
ef53741b01120666a08db213,816771072
c3dc5ad23dc8cfce0671adde,876426048
a270fe47ba30ef0056ec6c4c,468927200
f550bc7ab5992a6fb48eb60a,863622976
28f980b3c741866e0db5b761,623695104
c2ebd39857dbbacb99e6cc96,718835712
bb9fa21902daecf876c0467f,646958080
fea142787b18327108ee8929,413747840
a1647603f732f97a99f5ec6e,720111744
775f25d8144580541bf2746b,538696576
527a8fb085995119f846a5d1,808493632
8b69bb9fd7f0f19a248f5cf3,360095520
3b14b48188fdbb0917414039,480976384
02259637b8ef1311c69d3d90,761947776
50eeed30ba674cb079689afb,252982672
5fc3634e1fcc96b9215a6cd9,898960128
23cc24e23a1d74159ff78464,672372160
44551251fe345b31ed71aa5b,592865664
82ad984f02ccda30bd60da8c,828033600
5734cd4805f5c055d36ec645,642729664
fc7ecefb27bbb5c3e25e899f,408270560
5ecbd5b92092264f4e9101bd,493496288
83a8d9df3a535fd273b27c15,949686400
d76fadda8063e44483aa024e,775857664
a15bf12a6b8749ac8f9de19c,308328608
a3f32d81f4cd99dc85a16bcb,434984032
4029115038a899d98dc93d3a,675617216
2326bb628b4a571921eb7345,657891264
471d6fb8037049e1e4d120a7,893470912
b73945103f07da807f7a30dc,674600576
d6f4479f9226e52c93d70eca,592501952
420b03095062d9571144a276,870489792
ac0185c8f724ddd40bc0d235,564829952
228280554ba149e60f81d639,383343296
8a44e15417d8e520a99454b2,360120992
8978ec4c5b2f02fbc1f57820,862098048
2ab88dcecdb565b6412f5bfa,464817952
1dd6f560c804c4548561cae6,1014697472
90e94b7e392f84e01a5f1551,921938304
84aa7d1c2590f37f0fd6dca1,508998112
0821fde7debf7cc445434024,357804992
b9973b07c84b99dd1018050d,202388208
169013bdcc2ef214e0163ccb,759913728
3c8eaefb3f5dd8d4c9f5386c,612122176
42d91ed3f3615247f57ebecc,809830912
a7f1397df30d6521c216e331,923051712
f6c6ee12e338b1f9730b6e2c,252982672
8f4687b666256e136148c3d0,909645248
925f83e20a153a1e094bc606,994640960
cd270a11dd8257648d1f0444,949633600
ab11db71265771ed4d9de64b,292588384
ec199e33b7557dd669fe1aa4,279736640
b47fe4670c6b065a9e1db429,331353728
918947d51e52e0caf692f22f,250453056
070543b03770991d65cc337f,909068416
f45dfcffe189327cb0d303f2,507405568
d2e7484c81358d4c79f040b7,790407744
73ff3a6b0cf4f7ffb244507b,742738944
b0cdf05097df437354564bc8,449123264
33ea5de5e8f5c639a213414d,735437120
c94056bc09a4bea0e853cc41,521420896
6d5a91ae44cad7849dc4e969,913785792
b52e0738dec9d2f119c75a9c,685065280
0e35349077490a01f25e2ddb,813875392
9a5fdeb5f389590eb46e7aac,980238592
337c81be4cb14d494ca69db4,782470272
ff28f1a1ea72e21acb157f08,1071365632
e83ef75473fefbf8d7e52302,347985280
6d3e508ff42615eb78862723,546966464
3b7ddf527979726fb8aa1683,210923056
7b08cade91e2be20656ee856,453447840
59cb7abb39785d5263a156c3,794387520
bc48ec7245297b4cb85dca1c,712948480
0f366a36001c0766521b9dce,595809792
6ea022e53741adac484c1798,611905536
aebd6304298f84e7d440c379,1079006848
c5b333e454ed6e93ad32d96d,648523968
bcd31d201096351079cf7ce4,514100000
46cf5b18fd7bac0d3332d70a,635433600
1dcff645d389e7b687a498f2,637487360
cadbfbea1d03e6538af648e5,323703168
9dc0c6ef8389978be58daa59,856467904
fdc00f6ebd155e84a387878c,202388208
99c1b39476ee8e2ebfff6ffc,596660288
8930f231a5b9d8db14e9c656,545489856
2dee15f1b082bb986f8d9513,733737280
346c734ce163296a07526a35,713770496
6079fb3769f843e99b47988a,450597184
f5802200af1d28eb48466c1d,409192640
1f8068ab65469ba56a1f0c4a,409192640
1ee45a731b6f0242b6d2936d,450597184
56b7a6da82134b135fb7de2d,785132864
340c4d762f830197fdaf0977,915518016
1bdc0d441e63089737ac4c27,571731392
b3d82ceeac64b64142286375,510004352
947421747f33db213e6b1326,539434880
bfdbb7aef98d4855d459ac94,563164864
80e88d50c151d5534a57f61c,719074048
d0f6e19e92c03b40a5aae3fa,1127401344
6e2a3e49dd6434ed01eb5e71,822347456
89e2d612654b3c792311faf7,746559872
29425249fed4a74ada083dc5,389479072
fe0182e1795e2b87eef4bf41,634318976
dc9cd30b760a1280e0318512,790887360
d22313a06e43b8ab8f6672fa,398529952
f91cc2e5edcbb704c293084a,1114125568
dae776f643e809387148900f,1203924992
e55634fce84f78466095e730,593892096
a507a938532411f06c57ed8f,1059619136
30f3b383f2d5e4709c9304b1,1005028864
aaa43db51d1ddea564d1bd2e,553008064
b3e76a0a1fcacd0218c17908,336703776
e548ef7a5650696c0e968cf3,729360640
939afc1f6250d528b0be8e3a,842909248
405baee61afa4b08dc25e586,974449984
0c4781c598c06d538c5fcdf7,631117952
fc321e2d9b4e954e80805be2,767314368
dce18d258c352b7edc60c304,652300032
7b0a2bd964c04d01387d78de,631117952
43fd6b5cb01d05c9b1db0e65,734216256
cf0152b0a5e886e8291ef4a8,503286400
d05030b0eb8931161855450b,627358912
281ea3a3fab48c028721ee1d,503524704
4fcba82455866a6931590dec,840045440
ecc5e3781d5e004ceef8cf76,534773504
409cb370961c60bacbdf7416,260792416
54445913b2dc2d6ba35abc66,534773504
51a8c190ffb673d4fc27f4e1,558067072
80e7c6b194b3229e3e2b9aae,652229248
bbfc9b05caa647bd95b3c88f,649531968
128cb9247755abf5f2801431,420014368
ac180e846fda5cd7f1123f6d,840727360
1e7173670334937dc61243a1,785258304
c2555955d5175b31e5f783ac,613302336
d87bbd60fdb8b84a9fe23ba7,574547200
825012911321d636425cd0bb,742162368
54561e6ed5570577ea97eeeb,979676480
3a2a2df4f07902b04b809125,948983552
ea7e3ba584cc5ee45ff8ba7b,832779392
25093735f186b70beb018317,935317824
7fe1adc0a5873cbba4b021d1,1177881984
461749398bbd48d69b444d7b,340912992
eb8f668912b70fd554c8c723,493446976
e2f00293305c464b361b6178,450273056
02a0a38b45e1b196165b0098,388453952
0e6dc789744b678028e74d56,463619808
58954e79191c62ceb1ead100,896100992
23aa0804aabdc61650b8562a,726749824
ef64565957b5278185b2429e,401327424
253725ec3d7939088faf71b7,541435584
a9683df184aa8b4ad5d0cc5a,676295040
3c38153bc36b364b92548965,630129664
286cdf6dfcd95ee9edf73a93,440800832
df93a6e36d9f19e252fa9de3,488216800
586fde402c82c1eb5a74d634,236560288
5fd3b0299c0d52e48195fbdc,381250208
06d33fff99a62c330ef2d585,465037696
df98fd10dd8ae59956994521,393993120
361715cb422c5fcd9125d5e6,514919456
af68665ae8711d009e8810ff,534701216
63f3295df28c02953241e2a0,573814144
62d338c26b44153bb075b234,864648256
41a269c661f20e443a7a25f6,723799744
c5a8695b7aeba06e46266959,448626720
17e5796a30da5eaf310d02b4,478425920
69acab4a6f82ae943850b9ae,535202688
5fc3ffb33090bf75a81aad8b,460372320
02d89daa77bb313328fe0c4e,508136416
6ad1fb94accb91bbc30449c4,515029728
a1cd215fa99b8776818d0b0b,451250624
0553a3aa7d961ada6dfcd52d,568732928
c6ecbe7b57db2db74b0d788f,714097856
a4b23fbdbc7bbd45c5ebf80e,1012885056
3bb15c6313ee70bf4d88f4e0,722368448
e05c52c9c8fcb792ace06b61,528856576
5fc77edb0e5bec0ed8e72a60,633468224
85e15a0a63ffe482c68ec474,1229207040
859025f2f41efa521a74a00c,492607968
1672a21e6b2d8d0525df1759,390304032
7d4097722aad95158c51d24a,625301440
174fa597347f2b1d3e9016e3,499980704
3f081fb77ad08f8370569bf9,360620448
74cea4c9dc0e00dbbcff8b1d,1204436992
4f5de1bc90694fedd216ef40,1153051520
8fa4be9ac1ef719dda1f96bf,490131808
3db3b80a902c10004cd3a3d5,1048281856
bf02fad806fde4e3575e75c7,772730624
edd2afd07fa1305fc3126078,289449216
bd5d2030639ef16370cca032,534462656
87e74ed42a2c8c97f7bdd239,874500800
d1c6037d0750bcfe47d425a5,412323616
763c9a528d0f99f34e5b0031,461929248
8b674605311d296990ec72e7,305471328
d7cc3d199e538258fcc83f75,388941568
ec6ffe86e9ece6fc03556ea5,423256896
9762ecd72557ad6728274e1d,628914432
49a2d111903c77053d44573f,346875840
d06ab7503c6deaf9cd405f66,1278309248
23e7dd821ec2601ee2c6e353,1168083712
81519727c7ad9f60d2c5f224,934922560
a4a5b6a844c14b4eca92dc49,1166068480
7e647c5e0a7d95ce87cfc8fd,1062400512
7a1bca1ed03e7cd0e277fb95,381250208
03eb8da7205428e61bfb2845,382666624
82780776619be0eade3d72ef,381250208
4c03afca943c3f2484b8db6f,381250208
85d731901b48348f57932240,538368320
739de8928aab4ec77a1ecb0b,644127104
7f45d3809b08bb32a45139f8,642475392
cd14f8aa1613d754221c4735,498857312
537a9a2dd0ace0d0131722a1,655676736
2d4a781f969a4fa2a4f04a7a,771693952
e3676f99542f27c9037fca29,791181184
bb33aa4f1a7732fc8ef19039,330344320
9f11661702873852a3d65ed6,398856992
d7f22a4e6daa572583e02640,337725856
f6ce37c42fad91fce47758aa,339117280
f57cab248d2d832725d78135,367089696
9d73758bf7569cab4837e49c,690751232
322bad590ae06fb48f80c533,453579232
5a7b67d4c79ecd83b7ab66e9,821761856
8dfd846e6df9a040ae1188b7,457632128
44a587fc89d6b6489157ff49,1022780608
f9ce5b7edb104d4e8407a344,746463680
73786d11f1fa714aaa9f1f90,836800320
cc72295ef156cb2d60d6b10f,1082304896
c9851396352bfeb05fbd7580,1005538688
b3561144c745ae3d329dfe1e,471438688
7ccaf332cf87e07b38b340d9,1106113024
d63fe229354bef8b02b4a934,656034560
2e0a8235637e98dfea862909,789057216
0a1b14f320e330b405b27a6b,917449280
db41266d7b500a6daead96cc,502023520
364b8b8759e3c408c4005021,335387552
73bcd7efb7a25587bb1c31ff,603861120
17060f24d81fe2661c7628c9,793317504
98318f22c00ab335d8aa23c0,658221504
c926feb307c493aea729001d,331235872
58d92e8a26589e37b7123716,487840128
54d11dce9374378326f7ac62,335387552
8e79eebcff019c3362a76a26,474782912
02cb957c3db9ded3691a9004,559418368
561689dc0f267cc5011ede3a,775332352
1533da89d388196f19e2c5a3,650487360
069ddc5d1f3c855e6498ac50,322381056
d3aee2a35856634eb710efa9,749492288
4bad966abb5e8c4121ec69fc,836840256
f059e39d22124eb9e7e8e20c,775006784
3360f48c1ec30dd1c3175101,433103712
2218c6bddc994984cdc6e567,377827872
c2a9b4b389ae6f20140e21eb,657168640
d135cfa351ed6abe4ec2033b,740969600
668e5bdda1f4011578534f54,1310569600
d2aa3386ae240d7387424e07,333508832
e4f2ec7e2f4389c1efa52c0f,369521184
d4f90a6b73b1e179d3f8eb70,312254112
5738bc8873b341bf92ece0db,407782176
2906d21b1d96a1ec43bab50b,683629632
4e1bfbbd8689a95fc97fabdd,467210944
78410b0193dc989de2d24da3,558018944
fd7f194d9929a6f28ea57cf4,497568768
5e7ac1ffc0886c27471d1a54,427074400
879d9e3b4ef9063de41ddaed,535801280
4bf620c6c6d4c916bea70e81,669704960
573bf87f57db6e037aeb94b1,645783552
3ff7b739ce65f0b3066806ba,692679296
a456f85bbae3f189ff424e8f,138390656
6683685692e955a8ff172c89,804744576
82e1ae440b386c7da3a580be,1128750208
efd178c4aaf3fc9d05b8dbdb,600082304
55ea155410b001104518e992,492607968
32a10e550bf7095627d17da3,547563136
823124264778e5ed64d8664d,540606208
fb01d990afd25ef96ed048da,1129196032
df22426db407f4c660681c7f,567561728
44fab96fa2ea501e0b94548d,999170368
871204bd1b3505acfa632954,648176896
3d63320260d150d134fe8648,732958656
b8b9b90d5721a9ed5e72b328,496803552
926d12cfe05643554837664c,440800832
cfba6db03f0e38d1aa0802a7,534496704
97b12012ece8a740944aa547,672413056
8de317591cefdbc375a41483,524318912
46d34fc9a8edcc199a537b30,761544960
262e3b4091dfa6b71af020ea,607500736
396761edaa353e0828949bbb,459230688
8c18d3417886c150136a03ba,447999904
f053d3918234bad409410755,550705408
8f5444b81998e52ad76b3ddc,523303680
0daf89cf494e0f40a94d3e5c,655676736
dd8c289ec872be3fe3352313,630878144
f02f6c5b97b8e3cc5d5a74dd,610753920
5f39cf56c4e1bd43f61ecde4,423750912
5e187b07578d582ff3d8e189,631240640
bd018b302f732baecd085ff0,924272320
674cccf4c7772d6091166aae,1080171648
38e84c560b0455548ce186e4,329559168
d14173913bf5ed21e3ab50fb,511804800
cb8844cf2070d8697bcccf27,380097888
6b44648a905e7f4c0de6c855,471438688
148aedc984c7f6831c7f9601,419246560
ff9d1cf7bd90c5e47a0bba3f,440121280
9353136b0c791bec58f93ad2,323178880
de2137c70bacfd5087bc5c68,689006784
12bf6b9badebc2902cc11c62,383358400
c0706c78d5d98202dc24e46b,711373376
4394a27b21889bf78927ddf8,375773408
0ebbe9d3831727f90d677ed0,947411584
caec584b5b6998684bbc6a70,596798336
0c302f1c924f8efe0b6bb58e,938872064
e056ada7a37336bbe878f38b,834017408
905cea21c0ce1cae97fe86ab,904291264
e286b12e5aa7929334322842,619254144
6cd4e68300a8bafb9d22700d,807782720
39124b1ec419566a371af8d4,935189248
6110b5bf07cf38c437c7ca8a,1025653056
6f8a22e4dd21f44bc6d383af,1471783424
71eebcb108c4828b8bd5b84a,673236480
5d61946d53efdd9bd0af140b,646184000
c0620585c12f3d9f1298696f,360936544
d27283e3c941f8fc256c3f4f,694816064
2acc857ede19953734600dcd,333019680
32474481a0f8af34a4edfec9,445970176
6720db016112cd2a4a5e0358,496812096
959d0cba47f650933b9a5168,1018334272
32d2c5f1707b00c93407a19a,397602592
0ffdec8eb5272d9fe4775251,217616096
c77d7a08d5b9abd4d3082fb5,389067744
a3021c7c465dfdd38cda9f9c,580289216
aa24974831a0c608635bbcea,674671872
eeca3f5c399785a1cf15b1c6,587151360
0b51fb3a65a86d7799f27264,405648032
1af16b7f14dc04f05edf71ea,508998112
e0d7e4dffa0f3dbc40c7da53,740147584
cfeb42023e2737491b3e4283,974207040
dd4e23681e00fa1cb9a679a1,217616096
153c89081fd85dcc66a02421,574550400
f25b2ce0d988bf5490fd780a,418626688
8700c9b62ff5a5c3394b0bd8,491560064
a53b105919c7b46c0cc1b003,616745344
1c835128915211131bc561ab,643989504
a0c6e0c6fe41e32b3bcb2b26,669559040
4eff2f2297ce85a0a3964d2c,648286400
57062f248424c47282d3da30,642277632
99e860bbf3033ee4654d393b,643104512
db8912c5c5e5e49431b2c85c,624542336
3151daf55106dd159f27a8b6,497234304
3e8a4318d93b1fed4c48f48d,915375680
4c8ca73cb51a58933de61f0b,774792448
925754da6fea9c9cdc06e18e,665098112
05119815bd72ced29391ba87,662935424
aae7cca10bd7f041c8e02d23,619812800
4890edc33a555cbbac71795c,589697536
902fbbf9f5037be8759775a7,836782976
d013a0e910b1fe2e3913af7a,497819328
9c38b9798313a3091d13b340,825116736
f04d3ee8b175c8f2f30f4f39,1183165312
f0f883c45e8470e74280e8ca,1035771008
af820361d5f20198bacf839c,780255680
01636da0aa2bc223af023a13,627331136
cdef6e87c007bcd9b4efa9fa,1072051712
1d45332e2f04df18cdac590c,567370432
db3dae76fed5fdbed29862fe,751483200
f36a379e0149d4800e793001,573206656
30d2ac3ecb8150e4d4339d1a,980080256
7f78955c480d050f2c8ae3c9,501914624
cb1dcee1f4ede0877be1ad15,764272576
a32d2c51f2bd5f23bb519d12,1006300672
bcac2a4cacf13a91805557c1,355052000
a21afcc258e50a538dfd43ed,345948160
7202b83b651382e2630359c3,392547136
77d6855eb6a30d268e49eb1a,426034144
204ddf6ba4822d55ba80f713,410634720
e0587d29cb717f725e991ef3,687087552
c606665f3a3f70ef61fa5cf0,869379648
44412a9e16b2824c4a520a72,613257472
313abf19d78b719cce4b3188,714805824
99ad7b36c3c916393e951507,663934848
c34c2aabac06323fa180b24b,449460736
37f39916813a58b844e17833,674351616
6ab7f97fb9880e48fab16a1a,602449408
0e6c74a0056ee94b10bfa86a,542726272
7fdbc3fed9c9607e6d01e958,583729792
01018b9796a105be650ec802,754833536
16ede6f8833a93677d05a131,416939616
0a53b0b7c365879a6d2cce39,688827648
a293de027279019418c070b5,421947712
973ab56a202e039f5ef37353,433951648
3e18c851788fa8724ca8b7cb,453396160
0a4b0a004c894654663bdcdb,657546688
55d4b530b881abfce2d03e56,775382016
405bc08707001684d19f6edd,562607744
dffa1057472b06bfc0fa7a66,1104920448
d061615fcc6355d79665f9a6,675067968
6cd96d73fc58b1502bc6ead8,857019712
db78a3ce9c6f6a7f4ecc6853,799522432
1498ce1c1bbe2e89b84a4a45,909893632
3035d7ea4b71d204b588dccf,616763008
2b8e9560dd58d880dbe77c61,811480256
e8948741a987cbb3759b7a44,755059136
20718780218eac9668776956,812219776
c0a9e3f5c57cfbb4aa9b2357,873902848
5e9e9339fe1c3a06470cf7c6,565975040
f852e0f3fb8563ea6918164f,1030935744
e38b4072ff8b856487864f31,1088512896
8cfa1121fc87d9483ec63611,967459584
1a805101f78cbb783e6f919d,500438976
98502628de3c4fd3905000a7,720849024
ff7ebaf86962fd0ab6ff41f3,613071552
69442123283ab024a911506e,1018334272
ce6e91b53465250effacca98,978471232
5d42f42059617a5ca7ff3a32,713638848
01edceb6c5afc2af1e129e86,308204416
fdad0c86eb89fe93633c8571,344614912
831725656d9df81b63c0ae38,549187072
d1f8eacef9bb4d300d086837,1101492864
3b6d88f864f6c1759f957c73,1268445440
5a38f908d8d75c5810280e12,538086464
c7c835349181bd3f0d964eca,1460365440
edd4d560363f7575aee42d39,1065452096
8f3924eb214f5194d21499b2,816172736
466c542d7825d36d18a86486,598365120
0b71d334a6db66cf6f1a8eb1,754206976
7a91cfb02df63e4396b15aeb,445153248
6140125d2a94efe499a6941d,355891008
080df3efe1fe81f97e74c4c9,308872448
e148c2b109eecef0175b3c5d,380946272
40aaf6665b489033ba0e55b5,1083981056
05498e49d0b875ae6aaddd83,668216768
397d0f6319465fd7fea6f710,1057293248
7e6d8c4742b38854d819696b,1001925440
9a8d13d56d677379ebf9a347,957900736
06bbc353bf62fda3b3786fd0,752018304
09fd7896d5445f422892b196,532382720
57c63e412f3fceedd3a7e698,752859520
32cb6246cd94f962f780a1fa,418348928
b0f9bfd521802b0d2586300b,657874688
2a99204f0a53c4a4d0a2393f,627661120
7651626df0e2e3119b801466,758405312
59e48259a076518d929f5db8,336954848
e7b721ed96269bb195906bae,457632128
61c3c304eb8a06b5a483efd9,853652480
3c26b2954be250bfe239db68,421449504
0df87025a6351b435958ce95,1044135488
df82719238ea0e102c282c09,803235328
57c74f7b9bc5e33cc823439f,707271872
4195a9d13c0a526d7cc959f8,679849152
0d00fdc440d7612434a6b91f,467634720
0c91369119a06c40623afbb4,400340000
5a6b30b4d33e068d421bc2a1,474782912
f4beded3c5ed9fd6cd5177c0,617051840
95e561c7292d64305a2cf4f9,787521216
67138978493b84ff42daad45,449827808
7da10de45c866c7d066d2586,464817952
3c3cc027fb179e91a46f11f4,449827808
df3ada98307fc85428022d00,449827808
e029c89d59f2caf4af4bd908,669472512
105d05ab3d5334b976e448e5,533121952
253fe7aef58ea97fefef922a,516176000
43e11f10650837933261fa7e,517847456
b111b17ae1fc17e3491b7a5b,505832032
63e1ff737ea11ec607ecee08,714367552
ae703276c49b6a6a9c39770f,824528768
799bc0f95ef9a23fc16bb1d4,1029789312
bb9fe73a8742dec9b2e79135,1006293248
a9b3d963a14c2c7435f30fbf,1056295040
7a48bc2c3f4aad08dc7fd5a8,344717568
7621f476bc8040270958de6e,549426112
c49644baf8dc51d3f76d7e7c,716422080
8c107da7487ed0cd409f4daa,425024000
1bc8874a13914055c2759a35,335387552
fcfd6f08490be39064aae41c,236798624
23178c72b063ecbaaa04b37a,567227840
10bf1c2d1124f6d8f8b9497b,546653312
c29b30cc5db2ffc273e4cb14,456183232
f7d11c2601959921f536f804,742268096
acbb07a2c7a0e39c0102b3a1,756037056
844e127aa7802cdf75db074c,439204160
e2d88f49873bbcc5476f4ff5,671348224
42aa1e6f6b8220a63fe165b2,700593408
ab1c43d6fc4f08e315e322d7,706281600
9299c976b1afe4d2c0bf351e,844688576
cd62ad28163c8df131a8f2fb,635004224
e5e06913ec3c851340d7c91a,406268896
d9b46a34e48e04b5a3e026cc,411491360
782a6028457ec55d4fd5189e,682878976
11a905e4e01e7d15d35cbb82,642475392
3b3e423e248b23090a2897ee,697929088
5915093d458d4b6589e86f59,686706048
3d162a854aa05447e2cae0c0,767399872
662a3e343a7e207ecc09d6b7,776144512
289db1292d4ee40a1ed6e518,770914560
d43d2bda7b6e4d5177c0d032,427269408
b57ebf09cc691bcf009ef115,870409344
21f5bac85d5eec57acf501ef,829038656
2fa288389b3031d595973793,897694720
c900d19cade1443983274ac4,1096564864
67bd5b20df7f2a9cf4e04358,525670976
e111bda6d24089dac82907ad,299961696
7910ac9782a1a315f68799c4,566199808
ee786b818284cb382c755e9d,665048128
f9b0a27bd3619ae88ffe5455,744991168
ad1c32cf75ffbcfc842e3959,512037760
5648633b1f92de1ddaa7e7ab,446146400
1ba481abe0d3890c42884d97,525670976
ce60e2ce2a420052e67564d2,425024000
87e1b1170c163689d60bcd09,474715424
bb4c7900162be66534d17541,1007325440
68340674853f0ea101e32b46,534375904
d10f89691119d4a4a2c1e650,1125724160
d414907e75a1c105ad2b74d1,393200192
c9b6d3bce20b7f528fff8123,338898720
be1695a7b8d3dc68c9887abc,474522112
debd60afab03fd1552719270,668206976
de060e07dfb0a5494c5550a3,476286464
3d6815fb68ce959cb95e225e,422935040
d93f6d8fe212ee3c0f7cca95,524727296
1ac702e7c265717b34419fe7,488789792
a157596804522e03efabce48,592211136
069c529aaef7d7e0774c4a66,580196992
0669fb98aed75d79f8decb7f,691423488
7057326ac489bcc17d580883,472340384
e3d6fe5d97bf4fe851aee9d3,477073856
f80b20e0649dcf1c16003255,425338912
364256d0881131148655e006,646088000
0f9c26956bfe983c8c7fc227,993235520
9756b47e9dd47f99dbb23115,705493056
27d413eab7b562b984c5a682,652021504
ad17072ff24e0fc0e61963b4,603529728
473a59415b6214218a15e363,548942912
ef72df5586ad0cbe59e36e07,656480384
9129b78a741bf5e24df5379d,535202688
964734d3430de94d22c927cc,494761056
530b25326f39c347a35a8caa,495437280
482f57e65a3f4c6792775a05,191677920
738e86beb569a7bf51fbe199,352049248
c5788cd5507c577b7b585ffa,392052320
be164f9025f346390b986668,396375648
ea2efa1a857332559120b823,590124480
f3dd24a17ea51b7a2b0f037e,501332768
7aa8d04246d3e84e5ac470bc,764272576
6361330195fa7cdc6d5c603b,683833600
6820ee22d6fafc9c030cb286,1227316480
472601b5b5719855ae3528af,818073408
3ce2c7f1ee7569e1b916cddc,328638048
afb03f7cea99023ecea7610a,485540480
404364fe956884368e2f8300,763778496
c658639b590415bc6ea44119,555178496
42f1a529f5ff3a6371dccea5,712540096
e2e4641b20d81a90033a536a,481283008
253b34c2c5ce15cbd8b5826d,656034560
86ff8f274b698e7757ced1af,581953856
c4aef1d92cf264c548ef1f2f,463826272
e8603da6012c2116a70176b7,802037440
52b52aced4853a3e3d7fa058,449624832
7d9a9c3b4442efdb53c24448,629638592
a7bacd6f783756c9e7cdc068,223392128
68a00651ead62911f850cacd,237912320
1e7e26077db3bca2821a9b45,401327424
8aa21f48a83be25f924f85c7,564932928
48107a1dd2a3b027637f250a,630129664
6bbb24fd1b9df3df4e939fc3,595641216
aa45f8fda8801c3b4923f4b6,726749824
ce164af02f76ab3a68b0f980,690673088
c32249c7c0819b1a29fd611b,498857312
f8d4ec209ad5fa5ba4a68e56,620281728
cc03087e0f18d59c521b6ce2,676295040
fa631a714774fc22ca15ec10,730714560
c310efec13e312442f7e1a01,811281600
534466a857d28dcc598e3a49,1045273216
4a81bdc14b5bcc4c84f5ce4b,314428128
79ac12d8436c07b620190b9c,313905440
f69962045e9aea6b8200888c,372611008
9752758072e096fce6f7f4cf,526273440
56fc1855dc6375dee0506133,768383168
2fc19f73fb877ed8b88a5250,514163424
63a25d279fc5a9e8fc1dfae3,426849632
71978c139faf2a251db6ff5e,310616704
f4dc67569fd340be3dc592d5,369851488
0b829c23806ff01a0c84e9a9,524103456
a23ff4d1b2e24f537a75242e,484342176
3a103803cf9cf0451582d89f,456812736
eff8b3fe996b6d7db10b0263,596160384
9d53330b44c300e396cdb402,546681472
301b5da33d32c0632b16e8a8,855331392
357e653c4bea02df1b08c62a,853652480
9af17837ac2bbe7c8ba16e0f,359562304
246576e24f66d495fe0d509b,563070848
cb70f4993947b640317a07b9,461796064
949292b23ece12b655122038,363866176
4bdff22689954e5b1e575d30,567936960
7c69d43fe2488db51e6c8da3,461496896
6f543782174a964402b64de4,834387648
a59e7f0e0596ea6633781335,796995648
767ae7de1818d645a33749e2,788788480
e667133c29f90c8fbf30ede7,355891008
3fcacd1cf9770a2724a5fb01,636687360
601193433c99337fe806b158,571573696
42c282041583e6e2090b50f2,966974208
3bc80c56871193dd782696d3,540426752
bee9de3e2817bdd591c02897,493230592
0f761aab549e7f6bc025ab0f,787521216
3b9971f91bbe4b8dcc704ba0,565716608
8f428b58a5189effe993ca4b,438958592
0af466463f2cf50d61315da4,642909440
1a486877c62f2aced41a2ca0,524507360
c9fdc3f80534b32f1a75f530,603654784
97419310c7e696dc8ca61f7e,898078144
49d9cb2bcc98d69222b03165,1062438336
99fa9611d644cf325e20e603,1128941056
976d317efade1dd77ef3687c,362305984
b9bd63208716e4e0f2dedceb,313234816
834263730047f308d71d4d8c,763237376
d6bf8bfc752bf4580e99794f,706906752
58bc2b0acdb0702732894fa9,420014528
c3b8b774037044a2524913a6,570308096
eb339d562b72b3bf51073cc1,457857312
c8244d916b0110b1acbd38ac,839212928
65bb6acd9be0f8d95fbc722f,712763712
5644b84ee2edcf7267b2189c,971461248
22eb737351bd0958d3e60efe,778084544
0e2a5d040f6361adb9927388,686147200
be9f5ade682aa1fced79b068,700232384
8445e5cf42307960535a3b11,743752960
1b002164d34a71bd06e0445b,823654656
c80f897787541816ad63bc17,668176768
673c72783eb4f9a02c511b83,1203601024
3b29177e99201cf4eaae612a,943111104
91c5967cc1acb3f108d6e0f1,270470400
334b5b9fc68a18387ae59ebf,204447936
c9d096d4353b8eb843e793d1,567936960
92cade7b5347d1c00a48a1fc,1130476544
1d4bbb5b756033b4be28643a,823032896
e1eb183eb261b6de96e20a56,822335232
7ea8da3b1481993b14bed9d4,475581536
78bb43910ad6ed105610d9dd,704888704
32c1f617f2b1f537ef703712,894886720
a7e6d3c76bb5507e00ccb501,660534528
6c75d7867807d942c975079f,741132992
e9182661e36239f091259232,458561984
c926ee21c2bd9da7da193514,438109216
27bcae7ffb9f79b8f59fe1c3,407888736
6cda1a7622d5577c0056ba40,871564224
67c945ee31cf1fa0a874e4a6,561130176
5a8638c17d14ec4f6d447b8c,529707904
82bef17c2a4db1f6dc6eaf01,568971264
09dcdf0b8b37c1d537b9fcf8,376042112
2cc9f2411f98d0fd41511211,440626144
aa1eaa63043c5c29ab6a1323,471810464
35b03ab66c19ba2049ddb9a4,556385216
90470cdcdd2b813b39f28ab3,424015552
ba187eee3858263fa664812a,453194208
c06a1d212fed896b6ee4e1c5,550892224
8a8c8f5aa68c4e530d62776d,293841216
662a221bbbd961c285069c49,718045504
ee796b35e39c7beb6aee2b49,737852224
53de17a986d62a44d7897200,594046912
68925fb9f8f0c84fa0ffa9fb,774066176
6a6d4f8251ff961609019ddf,307216288
3477646f548971044f8f0494,486813120
c82434222f4129168fa82e5b,577320000
4c00508300f40d74c79f2596,621259776
27bebaf73dff207d7f6829e2,552887488
d0ba7b90f6ba3392a165b46a,1166153088
61974f593c799e5d5090c067,453827584
c08b016afc6a07105d7703a2,690786624
011c2017b63235bf0ed3f241,216438480
7f73a8e83d41ea252ad61197,407793600
0c25a552c34e114a1780739a,426646720
21e96ca8dbe2f12b55723335,485164768
30f6404e8034dbd513aa8a30,422777248
f2fce80439462bb9231d7fba,371258944
40d5384e2e8f8fef2032928a,455842112
95f17e64d2222c904a7d42cc,478368832
59374f70d5e7da97e3b8b35f,1076568320
ba30cf03fbfb0e36e5d415bf,1130255360
c2424b4861f2ef50f8876c0c,713441088
e7def7d0999433ad6d3ea412,1072051712
7f1a4e79fa92196101baa7eb,1049105024
37e0fe114a3c7406daa57443,619469632
897c0578bdc8d59843bcbe38,423266112
7e554b821e6955ab259a25f3,351963904
23b0d67dc2a0ae6e5ebc9eee,379880768
d43f045d046fbc8f5ecf465e,452811392
498d632cf0868a8e641cecb2,445793856
6b9bba3c6afa1f999a9429bd,379641600
12db154d9d29cafa574ad387,258676016
61779f1bec05260cf10a0d2b,452811392
986defbe9082519824ebc882,690582272
f72992cff50931d2e19b3ccd,549459712
0e2d6e5882fd3b4eeb9ef286,506456640
9702737c9e4ecb12d0f9ea5c,543047744
c36cf907ee28017eb1b40674,393993120
a7ad9c8b5bae531abf68f8d0,549459712
6f3dd53b0935c9593a301bdc,393993120
11f8f836e5626605ee4b41c6,672595264
16fe92ffdb7e1aeefcde80f4,820890816
c1eace64bd2c9f6bea289c4b,665128128
fc2ac43013ba8ab17da28041,607262400
5e6b54654c98c2517c2e31d7,752024768
f0e8b39d2e4644dade9d8954,678476480
22796587bee45b8f64ee6e44,524237056
dc8c76f5b3977f90839918b0,651721664
27663c0e271e26dfdbf4d289,661556288
2fc96ec5fb2c8dec0a5b09ab,752024768
49d42ab711abd95fb5947c0d,678476480
b8984fe54819f5fcc43860fd,545413568
8d3f4ec0c37443eb3f953584,799924480
001dbdd202e9908ee42713a8,827424000
fc5f41aad1b4bdcbd8298037,593031872
34926bd7f9880e277e75a447,670796352
00eb120ba4410ed8efa24a8e,414304384
eb0c6a8231b38b2a1e1f789a,719732160
0f059b39ca45bbbcb996fa45,739940608
06a5364639452a9d663a2dbc,340401376
cd19dcd4aff76caaa1cffe54,439081408
7272c3521b7083038ff0a690,779857408
a480b654e1b8b7134091e613,746381056
ba24834c9fb0e87c4ea7d1a0,637487360
ac46e3eb688cb1cb17da2545,930510016
3053732169b2260529f90133,340370432
ab0c047373b5d1810fe42bd9,621857088
698383c101fb784f8e1b1ee6,431427360
1b09c89b546d0058cb09c1a9,781046272
64edef308b6a9805f0846cbc,783251584
995a5799d9a1a7e4dfe4fe34,831920192
d4f1fcd4c20dec55e977720a,1098555520
21264b5a73fd27b85a4e2654,653232320
d464858ed94a1a74948f479a,597136128
dc420bf2dd1759b7f281cfa6,1155567488
0a268e25a5f3a0bfd8898a40,406929536
a3460f00d48816ef66e3acc3,459280192
9559637fc2bdf96defd2438d,1023971072
421db6a58670e53f563eb9ad,481240352
7b6322fd5810990820167a23,546252928
17fbebdfe6bc0618ecdd247c,810715008
00f2621035b1969d53f03fca,743406848
e97c998a6a0709605432ccb1,335421568
39e306be57a992bcc75e089a,447999904
55d0225b44a81e82eea3efcf,797662464
c7c5ee499c712082931032a4,1195665920
f15f48d4cf4f85a3cd68dfa3,462157472
01db5867a69f8ea7849d69e8,923914240
7c29fc3861c9f074e3a89449,647503872
5ae2fec22f535ec2490174c5,279736640
a6731fb85da65ce14468341e,210622112
4e327acca2e033c3fb305c5d,667926976
37b8e8a194e4f2fed7ddcd96,401034912
a8dc954142c54e570bccdca5,441253600
b427d767b071c3e5ac2a078c,442245728
a9407f510e67bdb27ad59b46,604948992
ba7120c89c8de0e57e30646d,457907808
4f5bc448658287ffb3d49b75,751330112
758d9f47824eb74d1b486024,779947520
84fb7e582456d7409f27cd2a,876589056
0a6ade3bea1768aab76680ed,1073089152
f6e74a4b1e026352e5759b2e,938872064
639b98d0798b5670e7bb2569,1025933376
32ecec7d5c47d02969368779,621836096
cac82fdc4d960947bbc590c8,345336992
c2b880a6bc90cdef9dac52ca,653281792
dd8eff6162c32ecbc6972509,524603232
6e2f79cf68ac0ba2b1a6b0c4,972389376
a904fab9fa4f41a11f673fd9,909122496
bf11c5dfcb321e020601e9ba,1023894976
488cdcddd0938ad0205ab8f0,1488087552
b92929668e884453d3a0d633,437790720
09eeb116cb0944a28742d282,692003072
c16e9d9444f85bdfade710a0,531659968
c15cecbbe717e72f09a84271,393570432
0bbd23df46a4ea4e4734b680,644774208
de28e62bd01870dfceb5d78b,486881664
92c4faf0ba1fbac44db6d1c8,562600448
91892eac5e9565b12b2a99f7,524724288
ba72421716765ef6aad9b4cd,711114624
a99df3a2cd4f2346c6e903dc,279736640
59a3b1a44c35ed4936cf7843,653129984
cd74b689350ef612ddf1b96a,298056480
5664cfe452394ff9376bcc8b,289644544
d4c6dda51fa949743a46e835,712687616
b7f47484bbd8113c62cc8c1f,502136448
d4dfddb6564c9f46b26e7aab,726506816
aab240140aa4b6602234d88e,600904960
29671ce02e285f69afeb3fc2,753263872
5cd742ea274b4a8832114080,518090688
c876ed979c9127674000b740,587880640
45269f56121b796d0392e2da,1017771072
e981d4fb3a33f372ac26901d,1060034880
2f13a428281ffc425f2c2e38,483458528
407e4196114b64578beac143,560672768
342027b17940a0cc5cdbf8d9,1150245632
dad2bbb0fe138e426000a33e,624115136
e77da26aa7ecdab5505fab60,783556992
8fddeb4ca696706f6cbe573b,769969216
fe368a7d2e09fe88b1b972e4,506637056
6fcea2c6b9e39576e10581ea,566199808
91d35b9421c4982b54dd520a,602627008
eecc82010ce9803ebea6dc75,337426368
b957548768ef014088a61b5a,453837568
5790e4cf8102dba35e184ca1,586078912
cbab68c32d78424452249d9d,874833472
4e0b293ec3d5eda7d9fcf8b6,533360224
1f8742e662666147955c9872,336064352
aad38b9f22ccf36b0fba4e7c,504786016
44e9224b9735235fc7271672,461288640
b61e9e4f3a2e894932b58ed6,749889600
2b36d2ed79caaccd687f2ab0,581237952
7bdd64032a4f011bd4fe7df6,386294944
0890a0d20f33b9af2bfe488b,357391808
ea7c9e327eab66ca286f6726,618200448
98510008e150296ca9d27d0f,664563520
41abd8a2cbca609cf868f227,428601408
83196bef0e5dc6c981bc57a9,643389568
20289e986c1959f0c83a6a4b,623569216
fb39ca089d05381b3a7ba847,478612768
d2da963bf6c2f6fe724be23c,1006749504
670f7dfbe2eba87e55176257,686126336
469b33a6f153ec334b6123d7,459195072
c38ce4f3763795c61efee6f3,447680512
8553a05c2b30be81c64a6295,941875200
d8b3a1d0cffc913ebd05b931,927116672
f0fb8232343d235741a20586,941875200
887d749eeaaae288b2818b86,512196320
126f4d890004b8035a7de091,792015744
7d157359b413e107f5f9cfd6,510004352
65010e340fa495d060e32f7d,499651680
8164023f628f550f322aad61,471758304
8c2423c14aefa13d255fa77b,500771264
e9772a54bc6638c723dcebdc,446788320
171149ef76fe0a2074c5bf69,679968320
96448fa0eb077563a2d168ca,602697472
3bf1bea2a835d7fd11e47ce8,313905440
2f4b0b1b81c792f43f4ccd5c,313905440
086540702ba0876c0c05c5d5,781939584
57d17db2cc5ce1aa889f1f50,711835136
3b6cedd9966332f0722208cf,333992864
351a3e1b62cd51d46913a8eb,1054879232
33b702ced6de5f7ab8b29e7a,491673248
e0e6852c6d6393d6d3719131,916029248
bf5e687721e030639ec81416,534701216
314479aa7b73ef6ef44e1c89,734419776
822896f609e7761b58e7f6e7,642475392
5b6f21752f3744ec6e529d74,655676736
5d91dd63b6aef851e0c78389,644127104
0a369278a1ef6f5e9d79e2e3,460563584
7523e95fc2afaf31bcf30979,936368896
cb9de5719b978a78c71db699,771693952
af8c90983a23ee15c72b8e22,991470400
e35d8f589e6b1909f5e4132b,915277568
ecaa5e38ff6cddc14942eb7a,1176264320
d2eeec3fb1ee4d686758534e,1021692352
e97d03ef9638c8e1d270ed2a,267285824
cbd78f55af1db4d89b53b496,358142080
1b2fa2ee5927660313569617,890648832
f7f00e13da4910d724aba4f6,396764864
9a6b77dc2c414f0baa11effc,372763712
bd4d0b8799fa5999c5d2ee3c,1133735808
bd6b68abb113370c35786557,966965120
4da8ef54252a92d9cc62c174,842682304
38d6c2a9beac610279bc110f,605308224
32e6518755191bef743b28f6,928684096
4fd8d01a5c3abb90ad70cbe6,553865344
5d9f8f380a6434096a0cd906,445151360
724c854b1a991f060701d005,441046432
1bd78ecec17b584e827dd0f9,373727744
7e6f68184d84e09cc9ebc09f,355886272
c0174ef555bfdd648acf4346,390203168
6463505a740324c7aa869d79,524106816
f239b7fe0de40d208c01c45d,596272768
bd98add659faedc1820f96a0,495437280
ad662354d28a9b2d65f537f7,520528512
8e8852450fd5556f748c98cf,491037376
8fd5b95f5808b4676043de35,376796704
73a23c9d154fec88d396d2a8,686589696
374ca1a16b8eba42b35374ac,619067008
ff058f978e97c389e7a31f6b,509991872
9d7f2c004fd359136a662c9c,615208320
2cc0129b386acf9cdfa4eeb3,382444192
c139bf6b72a93a73155e1f5b,543702272
0c017cf9740cb67d530267d0,624611072
44ff213b9cfb3604b7e4b66f,452284768
a09c957598e6cde56cdba03c,514160928
c846d5698bb295697186555d,780352064
a84cafc064a35cc0ad698009,323728096
ecda0d714f52da919223a520,667826688
b9398d6bec5cc44fa39b8bdc,838266496
79d230806fbfe96368b83dbf,1138882048
a28b1d82d3f7dbf8746d5742,799978240
a6555836840c7dd496ba9094,692333888
83ce7c2d2823f888f2e06ea8,852281344
631f4c509de8dd64f1c400db,621181632
2afd31619c21dc537e4797ca,740350464
0be57099d9c3ad8a16984861,792324416
ff29f12bbd7ac4b860909966,899455488
d955edf16ddb9d3f59501a9f,867415552
96298da2f44ca873f345867b,506401504
e6396355c1249c6290906b78,907627136
39f9f736d802b166ed688224,921530432
38a0fcb41f0dbe8b0ef7af8f,750077440
79b955adf84fb2c52381921a,771811776
e335b8464a61ea0781f7928d,890967936
71a929d79a6cccbce6ac5d79,889282752
41454361857cf70c44e1f5ac,548504960
a16ca6293e2ee2969f3334c5,709648832
4083248d3d2f2bbf9589b971,706372352
de630da5e1c9e27bfd94efcb,868348544
f2a4f5010f3da37e27505ece,604265024
53647abd1d1b10c9226eac73,298056480
e51873d6421addab3b539dd4,480329760
be8fbefb8e06fe169237d4bd,458103488
257c889187ad5de900a430c9,501657056
3198c4acc62c1a2276bf15de,605557248
b22350d505b87dffaae3a5e2,762834816
49ad389014995f0187edf726,632003840
025d96090a8e5bd6f786e9b6,408250304
4a7156189e1f06b0fe87a7fc,485909888
e91425bd357561183b935d27,486148160
c9d996f458794961d9957c1d,486148160
084de965e32a2a65bd3aff5f,486148160
880bd21afee7038459b5847e,569672832
2dba091723891d8907905a74,763310656
a39f9fd2f143b8ce1f7e1277,463879872
37050aba3553f3869d59f809,620793600
35a39cf33d16f8f5ff75fd6c,475870432
7c463a59e7d2f2b4bbd07e12,494837408
035d955df5a765531d1d0d07,635004224
be706475abdfd64aabfe45fb,463641600
bf41b26c090dbf0a19252e43,625669056
21aa860fd839233ed8b82653,520728000
b870c8bd8f95426a7e1f9c88,485909888
c5a5676bdb1698f8c38cdcd5,493230592
3487768de3a13b7ee3df0254,854416832
dda7a886135a1fd8106d04b8,753341376
ee102e9d0791ee82ee4da2e8,469502496
1d4891dc27e0050efcc6c403,501418752
dc1fa8fcd0ffb8872d434dbf,528187488
2a5f727304ad67d1cd269361,729849984
2b10af4fcbef695b327b7d0b,797203072
516881e914708f6ea6062ad1,786102336
5a428139d5ce6bbd9505945c,761356352
38dbf1b9c5963e9c3d008340,787521216
02c6e8c7f36a2c68851600c6,619067008
d2684e676cae87d75dea5ea0,615699776
027947dd01dc991ffefc5082,428298368
0af13e27cfe9b8f237a9949c,469502496
32421841f7eeda76160d7959,347700128
96ad0e75433cc18f20ed83f5,775003776
b387b5eebf501a620f352504,688420096
8ed95f9bf057114664ea441c,308270144
114318a8e5822ece53ad897c,440423392
3bdd7be0b5e18d266189d991,464053664
0d2c4bbd8a4dbeb6337b5c14,460031200
a98637742a212e332cb5d1f0,472801216
acbec9114912932b9cbaf0a3,670906368
fd81506b0a00fab1ff680b64,401327424
49e531941384af389b0aff59,404170720
8f221efe392ba42b519e5f57,676295040
1f33395df1e4f6a185c507cb,541435584
fa823373d2e7fc9443ebb6ff,441117920
0a6966f19bc2c303886ca82c,630129664
15d9a0353ad54798ef95e0d3,926178752
0d95d756b838d3a319277424,482770496
d644b23e4bce0e6e50ab9356,846989824
6dbc77ad8c5c1e39f72cd2f6,729102464
2fb5206d246ee7ab22fb8143,726749824
f1582fc47e7b8c0eb0cc9949,803663488
8d7dd9de4e919fec5916862e,600834944
0b67da6d74bb3998c80893f4,367436896
736d25efc9e570379d32c089,808940992
4615a8a7af9d7cefc7fe4c4a,1240556544
8b753628bd37b9759dad06ea,283876832
5c7c83526b72ced12a08e573,421097152
9baa578a930a94f761119fdb,448031072
8fe1a07cbe9b8f3498cf74b0,229606640
67a7cfe6e95aa5200c064717,533921600
b7e3b0c90c0d3bfe5befec54,444152160
e6a547b2c0d126c9b6800515,781116032
b08f88ef973c9d1c3a86695d,687578816
5933c18b8cb17cc6e4ae91cf,945091520
64a24372d58a2cf535c3aac0,862325440
e6f9288cdadc5851d29fabff,1266500096
71ba2f992908a5f91f832406,702000704
3af4b54bb5ee5fcff80f1e53,362458656
40d3f1f00de86e74e0304bd1,518794464
3b758c26283c2f11251bfb89,911786560
70cb6337c8c3f5225fa80026,745638208
0dd510aaba8036e8fd9d667a,1136287104
ef6ac2a5102d7be910a3e4c8,382085344
24c32572ca6161a603a7d0d0,345409536
c7be09a810b9e54d2dfba4b2,634224320
01a5a230e8a808d844e64397,973944256
5ade8e9c79288d511ce1fd79,558691328
7cf50019422bc9569a985736,912230784
d4716e228067a7bb0f30aa30,423750912
cb79e02041eddcfa9225346a,791249216
b059afb753452ba358fb432e,1244262272
fd9f78fb2d2f4d01e462bcea,830002880
6337f924f515625e7fa638a4,835321152
3adcc2c662c8c7c9db5f0982,729318656
6b7aff233052b9bcb6b9448a,1212028160
cc51811e23409f4d77995768,333893856
e3cd7b6dc0495d5109086407,552790848
e63f468e1d9f86530d47ba4c,344579680
8bad8a7faae115ac9007b13a,582722112
d563312854016e9115d034aa,863224192
57c7684f8cd8d78909711b53,617476096
76b8190137ba3daa55db33a6,330526592
2bcc6a15181273b2fad05e3b,630407808
b998aeafe2cc93bbd96dd9fd,526829952
eb77734d12df7528af57c674,526829952
e8df85384a1f51c31015ba08,535274048
b0a03d567e287bf4cbd7bec3,347516576
dc8bc7cb687a3a42b7e7d5fb,805787456
147de03212e554abbf3fc3b7,393860032
c09b8c236316b87a92a620b2,489499456
f5006b435fc92111d55c0603,486207680
ed70b749e030cc8715c0eba5,710549184
2a9bbd878f3f45745d76f059,608170048
503f33d11f75b6b5102ba4ad,376378560
41479709513815cf5fc1eac9,734020160
0181972aeb6bf451012a47c6,610867968
0b35c4a3f20cc0eb751acbac,295749472
e5de98822287c2caf8b209da,653837568
f3d82ce1c6fac06e4997f7ba,350120160
8e17d7d78e7acffdcb04d982,507612608
f1e7a0c7804083963b5b6de6,460823008
918dbe66979d16b147bd3322,767658112
35dedbaace193598c9c438a7,460027808
e67fa931031bed13c711ad00,500976288
eb2bbf82cb615e3227305b55,508136416
e8d83f7dcb876d5d05ae3e98,514382752
2be93bf5132bb788bf045c28,323703168
ac2b1b560e8bc4fa1deb6f87,588180032
674ea6932fa9e6b7581479dc,495680512
4893b21db2d6aa4417e1cd1d,817209024
2dbef742d0c59d21ad7392e3,1040516672
fc16776abc877decb82a5954,914217664
6f84d405f419590075610c5e,332566976
52cec2691ff635031fce9507,453684064
830b1a2d33f7754b9acfdd82,391821216
fa908c8dd43fcbe9f721c0d5,699097472
90c3b93badfe7231410e95bf,591920448
60a495b86d6eff1e345ecb06,580721344
0468cf58f40372acb9d5fefa,732958656
c523380518164e1e317cf1b8,547227200
142cf530f13cbccc3cc9d0a6,851237440
e0432ecc0c1fb2b00b5435af,499651680
3af3a702988bfa0599727982,647663488
99fad8a7877c57c0af05b318,686706048
b57250de388b7172a39dae8f,833619712
42fa0158217c9cb820f2a06b,580160192
8fd452d3f5f1dbb3b65f5274,931570304
27881ecd655786b093349ab0,908293184
38029a1aa22c0a5beb065edb,755445760
6750be41e08a725705256b0c,947636032
90bf218565cd67ed83240033,904029952
c6a089a9bb326c22e3f3aaa7,738149120
ede08c77d6090e0900654eff,1037437824
2f7784465c1c69c8f786a0a9,1100449152
5943151d9a76010179f6c297,493590208
82a3742862a06803242b703d,514382752
b815204eed4398e600b366ad,908054848
11c4dba68fb47eb9c49df169,441870784
4ae7dd50c6b743bd47340f20,662081984
d81a040e22d541a74122f3c3,410424160
34c84d0a410920c303ba69f8,421418432
6b0828221f9cdf5cf39e7c15,408423296
c50d5b4e75f165eeeb2eba97,563904384
572488a9a75f64434dca5dc5,430050496
0e67ae9abf1e2b2f66a91a28,535202688
cb00154afcad81df60ee58f6,507782144
75801c34fb510d824a7d8366,431189536
98f2d7810641693c44096ada,549426112
1fb4c88bbf995f77f2f29b7e,527597920
0abc98f7ea1e477c6fe3425c,696425600
b3401023d3097815687d1160,759657984
f1ef14babbc4123c5157eb9e,776144512
ecf47573fe1ff641f6914d0a,1109169024
0ddd21dcfe89f72e2246ed79,339046592
402f18888d480f5af146daab,302821056
61b3bd442f6fc8838e2f45af,499182368
c4eccc400db2dc9627c9879f,496204928
ab38b4fae64ab90a55b5a403,695251904
7f4cdc01f9086bcee46d1d6c,654507456
1be9d865ac8d01f0378bc148,787691648
f2f43244cda8e2f5219f3db8,375048896
89ca905d858c7731313c82e1,838411200
5bbd0476c27c53e2bcaf9462,701091968
7e177acdec9c0fe684d8fe44,586269056
b764bb8ae8ba0d736bf54f5a,442580160
75f6d6beb64d846d965fa9ef,855331392
b5293710d0cd75f95de001f6,358600128
8b8ec04a78d3826b2c8a5754,665019072
e35579e8b9b24dcccf93abba,440792672
db5e320f51680100f1ec06f9,338860768
59be3c447844f31267366cbe,492607968
0f3b424c398a8e8b53162c37,814706944
57f4a3f6fe2e41ad97116002,568732928
1c6038b67a40f0749a72e6cd,508841600
e5da0e3919341762d5beed25,744349056
40efc0dc313284d3b57492f9,560752768
601da8fc375ba0b3df3b38bc,1093273088
61a12496ac1e6f39c5ac5d3b,1221402624
8635edb61b1dda6f4742cac7,1387110400
ce12b48120daa5704a4c81e2,384776608
acf4d60dad7953065b59ced3,814550784
56e3e7d822e13838ab9f85b0,518436864
7ea2c18341f69f21b523906c,763840960
dd2396a42097b2e8bce52a72,549074304
41f99600339a7afc8e386e6e,718280448
b2d160f54ce5f98f46818e4d,930262592
00dd36caffef00fcde85b235,881418752
471bd64a0576aa67f494eb98,967110592
79e307acac5f42f2696b0436,1088465024
e65a4eec62e2a5bbfaad5565,638151744
4845ca0d30483b36bfa55061,623892928
6784e116d96e03911e2a07f7,431498656
4184fd9a546823ff1fea0b74,502402752
616a5485bc7721ecfcc21c70,496647552
6ff3186df9d15b65dae5bd17,496647552
886706f32695891af743f986,819249984
daeb02020f23715e663b4a38,644127104
93fa1c8ebb75b77dea76ab99,655676736
ab25a6737b3ee0c4e9cf4ae6,631708480
c5641447732d3d1269965ffb,1057132672
86b290218a62d0c51b099a08,743406848
d7b82133acf54bd3eac338c1,1151696128
10fbecd8de540f1fe4c57b7d,479722496
137baf1609138c6ca2715c7c,376072608
f5534949a53bef05de31b07e,421418432
466d4240af2cfd09a31cf3ff,554745408
7478693f3e7e8963e95be8bb,487938048
6e537e91af0de67558bc1ee2,542360320
f5b0b51ed49be034c290efd2,614344256
a4885ce6808ffdb878c41f97,463429088
a14506a4800c27223fc34728,776543808
e8e97b7919856f9cbb9ad02f,818443968
e16685dae2bd3b0a4803ec9a,866164928
044b8431b186eb022cf6fc24,554335680
60de8c37c9eb96efc432451e,818049600
59b88e154c07bb7c0ddb4e8f,683553728
71590ac868415f3a185dc15c,616787712
6388b4cfd09e2b1219268cb2,445239168
f865cd15368fefd8c9d6aabf,807359744
ffd916080b1019827491de0b,771693952
6b8ce573bc2ee68ace26a67f,644127104
7ce704ef5752dd496a61d857,655676736
6b1a1afa055c15908a855e9e,580897536
2a9338f62c99dbad25aec5d3,693152192
c2282da3ece2dca6e8a3bca5,777112576
5e6324cfe41c3676c7d0a5da,852679168
f1a4afc2e543ce4260f1d781,1028932032
5d17daf3e98cf433267d978f,977078144
d5f41dd3258aa346367d7725,443999584
da35c757f211ecaab20aeb3d,510859520
8d9cd237c737f6e62092a08e,873221824
9dd98816533e4ca8516a5474,941831168
27d14f352b2983177e836e3c,749896640
3dd4fa53bc59e5852f9fee98,930689664
3ca74495aa9adbd533ccfb96,874436288
dc93d8ca60d60a118f61390b,625863744
dd7b4c374bbbcc60bb090fe8,489515456
f925a05397ca6163230f7ad1,590454656
66a59937c54eff29ab14b474,659282944
077db8e0877b924d1b57ab1e,600904960
aebc3c6079c1a80f8b2f1c7d,688420096
ae41a566826a10d5a6768d36,458963008
489fca3e6dc044412d00cca1,664221120
fc2f58cc289d29fffe8a5fe0,724443968
59519bb6d5d299ee0b767224,633219200
19921a97a52bed6c6b8f4135,734216256
ae08b7f31e69fd930ef4c832,662935424
1b67fbd144a4a3ef40bd9824,472741696
9e142165bbde850d4379a49d,641919552
d3e971e2e224a20530ee295c,771811776
a672cd6c8c284e14913222d8,505518464
93086ab3e32aa9599708382a,817724288
63773145b1a896df26504b0d,245333440
17707d66753c1eb0aca28926,227395840
6a2d4d9a257fdfb2ead837a1,306188320
f9158cf51f5e9f644349a774,475756960
c09c39339b5bbd48f349a430,774792448
d470d84f5d8299c52fa24499,336773632
9d028997ff036c154c3fda0b,617814400
40ce7321869b706210eda9da,558777984
3fc826461ec4648e4f7877da,612782784
0e7dbec40eab1b3e5c6bc665,938402624
81b3256980dd7d7f49030c78,929018176
fed2e1459e9ccc06943a05d1,939951872
c535169307e21e5df7ec88e6,386272192
d78d84e4e42f145e02e423c9,511867840
3e523ee3a6c2d89436539792,511867840
5f2df52db15d2e0ebd327a36,458030656
1c1ff56435675288e78c4735,392627136
ec4226205a38a45d97f35828,648572992
3214488a8fa9cf8b3dae877a,591091136
4a4fe76c58f5735ce6b018aa,608694144
ff3696c808d4835d6c7cc9e3,522208864
1aee9081ac4a04490eb3f0e9,692003072
8dd954e7312e6e6a07d6d4db,476801536
daa52a91f1fee77f75550246,329559168
a4ad34eb244e48afe23a780d,537680832
0b4b741487c001323f508d5d,511867840
cb383b7a746ed55b21a8b245,669073728
4b092d4d5885cc224f6775e9,426964096
ba12305002d24055c159ed34,410424160
bd74d43d99a240ef4190ecfd,444723456
4957e0b129c5caf47b026c58,434925600
eb270972f0f69f1671a0a740,704888704
d51d3ef396efd4760c979de4,376668480
ac65d147ee69785195ef7da1,812963200
53ab42a93b6deb152951f82f,899833344
5826567e12ee3192785e36f3,788337856
ab64918f2b2b4646e87297c2,951426368
88b0d688281db2ef0a782921,731681216
dcceb6a2073faf9f89f3431d,916710400
73bf75d5762e3dd30fca7b3a,750829056
a45ba5d63cd1971de19c25db,841471168
8467eedcf9a48fee0d72d95f,885089600
6184f12f3a903658f3319290,667926976
92ab018394a5398b832d0b97,642270272
e8e215437d023387c4a55515,400370848
7b8a6949d55b5bb27c3c6839,599642112
33f1a7739cb556a78af083de,790753984
39c6bd862f908b7e8088f0dd,712245760
ae556ff5f318b73d3b29142d,410680416
e2fed68e0b614e65c05200b7,652910272
c62a4288a4a0336b1436132e,603861120
f23b32fa4894b6d59f73c151,716218112
4ac4fbcacef08524ccbf3623,279736640
5b5bb8156b98eb51a58e73bd,408011968
53fbed4f9680917f0615ae7e,409388864
730b528617c2841eea5addaf,701004736
13d08f7e14471fcf517c204a,507872640
da273cee807e254fc9aabb9d,712171264
b8f7bd85b61951ce83d7f57b,1054627968
4954ce465ba712543bdf34fb,235382672
b7483c951d2c19de665f07b6,365493856
913cdfdd62e35472522d0a6a,376796704
be28b90a71e2922437f25110,376796704
b71857f1cc385219f114035c,235382672
a72041a40ca87928c695b2f8,376796704
65a626faaed9d9e3b172415d,376796704
229bcf400e309619268dda31,376796704
367bc4fef78a9800f8616d02,376796704
dc0ac888f1e87924e3994b4e,376796704
6996e88c10a94d9ee7d05357,449184064
cb8fbae1b4141461127c97da,823715328
d2de34876a7a6914c2dc479e,958287168
c666974c4303d43b87714c62,601801600
e8491a7994738d098a7aede1,758123968
9a6440e5318b2de28b180a2a,1059644864
9ebe11eba1a88fcb24fcd141,294109088
78b0f0bd0494fba0293eb0c3,549799616
047b0ded64dcae203a3015eb,643892736
7b95396ef4d0e97de8fb4986,1013647808
08f1c136d5a456c0215ebea4,805830912
0880b703bf2064f59f2bf20f,634484864
cfc069bd55e152e40b3a1391,937985856
0a00771ee714a2f3f96c31a3,609565504
06acca3d0ef4685dc055ffa5,455732320
f802b026db4bf9d68cf00b16,449789856
4aebacb9ecd0a117307c7841,1037257024
81ccb7e0255eee6274f5d930,1024253696
cd17bb739ac79f80d6f651a8,1023806784
917829a0aba571cbe794838d,644882176
5b83b73ec31031582aabc527,419189568
5e18ac352e3f3119f5f9197a,963253056
b7eb15346797508f47ae094f,796995648
5ac98c971b9293bc6a8a6aae,949961984
e196b7cdeab1468d5d4e07c5,1286006272
0ea201bfd515584bbf72f902,936820160
d2e6ab3b3106f36f2c3fc119,375845632
59db28ba77489750903261d5,688200192
b348c76e55613f53c8bbc94b,821761856
a1e38854d6725e9c48c128b1,447052544
b86c526fed01211fdbb62815,844022976
1d2b83d973547da8c168f743,462159200
0fe3dbfdf25d4b013b842b51,609566848
71a20a4daea6d31de942b2ce,1093835264
35352b370a31d01748616b01,1092349440
27942219389ecffbce2e1d9e,1068121024
62fbacd4e172983a2a998daf,714229568
00c1165df93a4cfe679f54e2,491037376
207f669778ed0db0e619ed40,382613120
5ca0586ab7d20dce5e9ca8a0,577684672
cc27435df779f16e6a62b0c2,761544960
7a94d3d31471ae313659aeae,776216896
efebd19fc5a2ab30f2ccedcf,531108544
8037e40c0c8b20ab6e0d4b78,322253408
5ae3359bfe2a704de00e8801,516693248
a5587c93c012375dee920f71,566530048
ee7f7d547af56773a4b0afaa,731450432
9ed988dd6739eb7ad7aa5a06,817447360
26c08d7331ae19e1934a22da,811611136
767024c66d3a88bb18407b6d,751576576
6afa85ee6594d1c8296f04b2,504786016
551ca6ad1ecfc7ac21f8ef0d,707930240
1f79204a8f62c29b0a1b29d5,208451648
3dc0fa238745fbc31ba88853,376072608
4bc3f597867c6844e9b47fc9,345948160
53973c17ea7e89fbee5e6cf4,363819968
05397b2087e5cf381809f169,330420096
584990ea9718bb5598495061,360959616
2e7c6a89d2cf2d835839f5f1,585797440
5c02d79c59fb636ca4cbe86e,441083584
114436e00c03b44096823522,562480704
60caee98c3cc8526d16d7f44,500438976
8207612808b5947f2802d2a6,669823488
31a73382ae20331521bf2e6f,562607744
c58947cd4f238cfdc0007bf7,1379784448
a7ee02ad2a4fa122799a2dfa,1109972096
c77a63e92b9f727034913d8f,628264896
56c6bf831d3c6737e3844969,675473536
73ec6f4da3c277958cd2c228,1104920448
7dcd1916c0485e0b80f9eeb4,949299776
cafa94c4a56c23ec73ee9071,1029272512
d5ccfaaaa739b2bb2b3d46f7,568262144
e6d2e862f58445084b2980bb,1474712576
62f96ed5c1e5f28117949a23,445961952
20d8980a4fa8e094b7a5f00c,445961952
0172678cb0737e21a317eda4,474286368
6254ee88812e303bdedb8767,1125698944
a812ed43db71868625b351bb,961134656
2bd1c70db60a44d4400847ca,1117471872
b057dd8a9c2082d1a78cba88,354142112
2fb149a70fa14ac05582ae69,498020736
47e282cb12ae01243d713178,238150656
ae47cf27964393fd56a52d7e,644944960
21642991a20d6b0d17dea2bb,518924928
43b10ad2660d7552ab6c3b10,650316352
64e5093d6bae57e8b4298123,671147264
9d8d3e6fb432174770c74e71,533794112
9f2498c12d7b41c213bec0ff,492070016
6461c0a03ad3ecf2f8112759,639840576
09b15382686c42fd89b24285,1064858432
da846b08fe2205d2e2a3dc71,475278880
2a89ac6511416d0920f1b9a2,1121442176
3e9083411c44213130b2ece8,479782656
0f0df5694eb388d843e1f17c,235382672
ee6a288e644183bb191a6526,299961696
8f570610ef199a3ecc49a0a5,493527904
3115e2391cc3a078b5e6066f,483197824
c7e45098251c687efe670815,540929344
8a3b7f5a8da339fe19e8f138,692241408
2f801cf48edb712627196b2c,488815936
a147a8c29757c5d0c592d347,547302976
86b0aa633bb16582bab5640f,600487616
c9620e3e2dce92bf95c57c6d,619088448
b746e4a5c9d04cf4dbf887da,638371456
915842a8a03914c08a6607c3,514578752
e9e6e054c1d09a22b7efa20a,381579872
4b6fb9b705d80ff350bd620e,393730208
9a51784f33b0cdfce8312163,441671296
176c9a90fcbceb91569fa3e2,716332480
c97e70a767a3661c4869bf86,685408896
a6bdb6221b88a24c9f8381b0,607500736
0a1e6a95a0f9598150c121ce,1020483264
37d12acc69d0e3e92420e62d,762066880
d433ad6c3cdbd707e6839082,670673984
36bec92975612d091a3c78b1,804376896
3eb97ecf8069775b9104af85,712328768
9aeed339b2d916cc89f38bc3,612061760
f404deec9ec16a8460397815,695642880
8a0114372706f30bf6867a2e,707352576
681e772045fbee930fcc9ff3,1078979840
0816f29a68aa35abd5978e7c,736670976
670fe8f7b8ebe006885b2777,705780480
d36dd340e5875df6cba999ad,705780480
8ae869c5033c248f881ac313,761633920
294b04da3eaabadd55da9c20,803348864
17b360d57782208f5afdfe4b,688370112
88ed5ebb575d026f8d440c60,476633856
e611a37562f88ebe07bb28d3,281090112
e685650979374c571dea2ec1,341399808
10d47d2c73f0ccbc97979bcd,311802880
fe96a7d758a874b1f0c42145,459322624
a7634531887e969c9c5469d8,392131520
42f38b1b2dc077c88a746c1e,500438976
25e832098d9e6e7c2f9afe2c,754194560
b7dc47c641b46ca99fb83a0e,1016295488
0391d158ab104c5cdba31872,693343232
a3c4d0ba7b85b9a6370e131a,1053805440
27721beb237824844adbc289,884715072
6e807e25b64bf0de81f51c12,1315737472
d2637d64e4022075c8f539e1,980551296
faedbe92e3296977872a4aeb,1358838272
5bbc190cdc5ff3296801ac0a,466833152
9b0abbbbfe0bc85686304ad6,359266336
f8263893418eb0752dae48f3,351762912
1e73d6064abab2cccdb6610c,427639968
c0155096575af5fc8db843cf,441970336
9c7f7b0ebe440f60d3bd478e,351762912
25187d9f4cfe89a525ef2493,410189088
85815a09bde2a30e296f65bf,391612992
fd45b984efcdb0b434033fd9,355341888
5dac2d2027b6c81c1b7ee3a4,391222144
7df538c0c831520e6d36e39f,447482528
14b81320fc31c7a513242171,410189088
8026e480ba395cfe1e09cec6,388180768
80bbc51dd90d131d091521a0,355341888
ae6ac510d3e46a50ef24896e,388180768
06b90d41ad3ce1d0d389fea9,644201792
8d911c1a195567dae3cad99e,516361600
2876aa9ef0b44e43084393fa,488011424
76556774906f9e12b319c232,451593568
9662cce3c4b92d1c99849899,696974400
de3d078e5d524d8a7b65841c,477073856
547c8638128424b89d602f50,692327104
c8a3dc3654c53cf66953de0e,510151616
21c8b93e50ac884e63514f10,1004421568
49a0715897795017ee0de843,655746112
5d646ababb10f51c141e0d8a,754697344
da598f8a82b1ad1b02961cd1,503816128
84d8f7109615519f2ab0a48c,726508800
0d027b81f8391d73fe0046aa,608694144
079bc331430e94ee76f8097e,812889152
61055e6eb1910507640ce6b4,805026560
3f6effb8881ea683838437be,869969600
92c8d6ee8496b91821d7ba3e,732826368
78a08f21f7d7c51ff4d5b8ac,908217152
f7ee7282cb9edc77740f392b,808611200
694b0a500f1619c4ac4c85fb,873445824
13d43933e04c3c7a9e5071cd,851914496
5abb555cb9d65db8e6c28201,311605696
ee8103b958673c589b9cb27b,1096715008
5b3a467a3b0feb8ed81be1b7,1191835264
e570a5157e02d440a78ca008,610926400
70298b5e8fbd66aee975ff14,607228352
2b552d7b1a1488dfd618b120,626115584
f4ea9c80fe71a1bd0b692475,582021440
e6a9d5c9a82ba73e76817a81,619812800
9b58b5c993540ec3ab1e4a0c,481192608
00858277a3cf4f31b8e3f738,629230976
d937ac866f671e4a0c090879,636157248
7d02b3479cb2d89d55bd4fe7,503691456
bf79649b531e876c5f03883b,438745376
66a2ec5aac8969b2be538c1c,503691456
7637c251618135e082a9e2b8,857458560
e8c9070ca596f88bc2e0868a,527604288
64adcb2941e9553ee394caee,402946240
0bc8475715e42b752649b4e6,406704800
956ad3b1dcbe8f236efe2d2b,493377888
dc81900a751b64dedcb4ac39,460173920
02e52d3895522d9be85c4544,386236896
49d6752dd196e7dd583baf44,322878112
8364aa431b2e267e41efabc2,466833152
1b59d33f9000d2e1aad46239,430880640
74a791baebeffcb7e7b917d0,722813888
0a3911a1a9284f2ff81689e6,463069568
6276bb8ceb13d174b8e405f0,394222816
d573d2caf8c67aa32bbe592b,312338816
57cafce17dc4de3bf8a9ba90,975801024
1dc9e5c684c831b204d21585,705097088
48df432642971a97d3d4bd45,573814144
4902ccbe8456d3f0a29e5059,579616192
3a810dc80d3a63f8cf106717,641750016
c9859204696f3440cdb541c3,890042432
349fa9cfa15d8f8bdcbe863a,989603072
d0bdb51c8020a37fe8344650,735437120
7b037e6e5d110999e51b79c9,991015104
f677c51266f5ada9e23f20eb,317233408
1b85d69a0f8ce1d6ac4d4475,521001408
4570a3ca0571c70657b4a1c6,565944064
de32ca7785b71dbcc76a50a1,696246208
4e3cce6b581e74879c2dbc4f,449093664
09c4d4b5d1c0118d877d5734,619254144
b9809baae395914981a9296f,777081472
fa56058283c975be76d7c990,848826752
7b32938ebf0b1b167a3d2d20,750519296
bb38c1c17612ce593e5ae7bd,495577184
bf0485c2e267d06b9b1d90c6,902034240
0357d0ee6e0646113ea543cf,756666176
ddf5182c482fca7d881fcba4,797867264
47e6a61fd652a3dd37556ddf,745801152
a9054883a22542257c7e778f,391479936
d7c70d831e88d552da09ff29,1019289280
d4d138bbc80a0b29ed28a4d6,443609824
dc9119767bf4f21fcccdcc69,534406656
e8caed8cd754b0e3d43e6954,612921280
033307467830cb865a785e3e,708514880
5498b3e3ca091bb81be87166,786889792
bcaded180edb36336c2f5b96,750622208
ee4377ff95580b93e80ae08c,633077376
c25e1e289cac1bbbee489122,737852224
7e41d90a838048eda035fb27,606682368
f418efb887a15127cf2563b1,438551776
93b27fa67eae8cdfcb846772,771335488
6a42271a0b03bf9a856d1acf,673682112
2af9e271765438a47fa7e7a9,429055680
11429e0923f804d7dc5d27b6,1085484032
c218434cb0b05ebcef935e5b,749492288
a98e4f4db7afb8a6c9f69400,608368512
3c35c8993bb937164ae4a880,781236416
c23a1372c81ba03e6dabb0df,534861696
cb332695a296899d1c798426,940702464
2ace3da2fc4e0c022f7a8755,817938432
14f1bf9aa68aee1ac094097c,864313984
649a2784beb9b821d36179af,363526624
6bbb8f89bae38eff88c89c46,473602304
1905b860a8d463c3048b4e46,580074304
3ec50faceb434f716d73613c,1012246592
99543a17b33ab955d03adfef,986287872
edbafba81b92efa9b1400987,1277764736
9b3846c7abf642e0a6220e7a,402474208
691c35e98d0d5780aa82aa06,599151296
395fbdeb9f0c0586a2b20edc,474522112
4803a3aedb6c20eb194469c1,632777728
bf95acc88b60a3d531fbd42e,533971296
b936e36ecacd7cbc3498cee4,511196832
293c8a0a4a358fe7554a4ae1,425024000
5a72e2a62121158efe59069d,368737632
605276b332b5e5984b83ea8d,452126752
d3de7e975a9215d04567e467,567227840
44b623f7fca1a306560172ac,627978304
9a6a8802cbf3549870c55031,476601280
f43c684b789900c58c8b5fd4,567227840
dd7ec9d7dfad5364dd303f49,476801536
506f2b1ff3e4e7e43a5596f2,635004224
090d371309090bf83b6fe0f1,471947456
886be9a1881866ab1f300533,529628096
ef34f331871e8ca6573981e1,530629760
53bbf1d3345eabc2a8b7f5ff,465742976
5bb87c8d49ba8ae67a659b52,668795200
21dd47ac3c4e1d6bd0ed2485,652300032
f59686ef2740247394547078,663662144
8fac177c5a8b4faa21b33138,492347776
b2bc172a3ab25b8caef50189,723080640
a10055de743532d7b7bd29a0,738208896
c344e3be381326a1b6cb5989,588957632
3fa4ef366575bc72ca5a0582,717308096
e9205b722e624eba0fd36145,967165888
e75699a7693c678786ced75c,563740160
23208132621583ce4a46de77,894358784
558d9e4b57fbe6c7e0a09a95,932419456
1a6ecf722b2eed8cdc19ba20,465742656
11734add51785f1ddb999c5e,625963136
82c9ce0d018c1d620b7a6689,510004352
80d95b058cb11ec829b5ec96,659828672
cd89201cfe3fa19a4eb14bf1,652300032
d0a5f33f0689445e22db6626,495311552
c7c99ae9259b34bf9b8ba799,407136672
73806685dec82cf637f19384,472523456
83007c444fa52b34482ed55e,528058624
e08561df5747246d74136dc4,461727904
5b0219cdbb8ed527aec91659,904836672
119805b72aeb50f05d3a5bd9,841397504
fd20cc372715855081e24eae,962763904
e4a021b625f4ffbed391c6e7,851574848
902d4fc2c44ae5ca2703426e,658113024
71aacbd62d72d3eb29a744dc,699011968
7290697f96d8e2101089984a,495480384
314153750510e92ddcecf33c,1059619136
9d576cf721ad30ab1a4fd554,475968800
50160783a9a0503df5a38dee,763237376
0f4abd70b68453d3500eebb5,502025312
42cde300d741cb134a529031,457857312
1e9cb258a0b7e08244d7fcb1,587527488
febc9a1b054671445d756cec,712723328
39351adf139f820864dfe8f4,922453440
b4fac45659e67d4e91fe65ff,410424160
fbe555f6bd0edc1bc950d9ea,923624512
67308f6bb80d2a203e306104,459257760
799cb909791d43a1eb305eaf,486360960
4354c1b6b27a87c451ddaf36,499928608
0b937a3ea4864896b744108e,459116992
b96d8b77fb5ba71ebce2fb26,352606208
f4b1645da3f4286e39f2fe4a,388304032
a2d1de4211aff373009809ec,632201600
50b619ba3e0b2a4c6512bc97,682878976
3d57abd322b0077efa1091df,834626688
652793275729ff3b69e86072,501418752
1e2270f9f49aaf3be01dab49,673944640
99970db787f55a4d1963942e,263252512
801d821fd6ab7ee01b62a800,550705408
2abd46909a251b8ebbd37133,629230976
20a783884d6bcf1aa5697772,298056480
2fc38ab2689eb24f63e32efc,918163840
1f592cc4ed728909040f953d,390492768
d1dca15e36fcc5ec14dfd870,390492768
54f7aab6b91b48272a81fb47,390492768
b6d84e7d569d8d0f0d0c9066,591951872
54d10cb2a44179fd4d726f1b,531906752
341c307eedfce3f735f4a63f,625343232
1e057cf20757627d1b006141,460823008
798bf22408ef6814759da1f5,505879616
9ef3691cdc2bcece41b47e78,812886272
fd5793113661540ee34b8cb8,785747584
9c4ce4e9f12764544cc8bded,777181056
542b5322e59a3273e10dcda9,614333568
af578bfec5d84cc2f4ffb8bd,709023104
a310528e34207b5dd813df8f,388304032
ecf5c9bd618e3976ceb5697f,892228352
d342a1ae299065045a957767,900437504
f5dcdfdcc8f414cb7a38309f,506116096
4090c1b86074c8e769cc72fd,592402752
7ef2d4777310765d0c8121af,687475584
39222ab30001b3cf45b7de65,493446976
91a73bedc30e0c2acd95d6eb,840241792
d1e6d6900eebd9ace65d6c36,778572928
592c9c45c07388359f663219,647835904
738111512f5e5052927468d9,789618368
0db51d4771623f5fc1026d74,407136672
82c9556e19072558cbe3a7ff,579908800
c1e51ab95336a51885b4c672,658519680
0eda675541a035b1f620ccc8,900374400
cf379b41b70374ac4cf82dc4,545823936
d90c961aa01e51d63e50a2de,658221504
990379c9f9f210206c6f1916,885180480
f8189811dc639d760937df95,497425664
3d1deb639d94b292552a123c,461117728
43041a793a13a4171f22e492,498234112
052d00805b2602cac76fed4d,489386048
c76207e622cf8a208910707a,332020288
ebe33bde2abbecd6d1fb0cfc,549732416
2e23ee2beaf5293f57a5c504,231926976
abbd422c412c2d57f5df62ba,425132800
648217f4d8b5e0e65dea066c,641974336
52e7657a539be5f36f48bed8,906280576
3a276f0df8c12422e14107c5,989975808
dc537b5973d2b94acf6f23df,1053985472
0a41279a5ea9b92bf8cb79c0,974409600
80ed77aff62d4c57ede6ba94,782701888
1fbc660f780245bd72015f07,580786240
df1f513009808ebd46ec0847,607360000
58708fd9e83147daf1a80c48,244692192
52b699f9900d81ae85ddc7d6,411491360
98c5b154ec80083bf6f51835,771693952
588400f7829874f9de919e39,642475392
46a2a88ef09b2aab932ea02a,521369664
31474c62a8f39e250fb2882b,575221440
b40873d316de1c295f2a97ec,333019680
bf4b8b23cd87377169684e98,673008896
a34b3b037805f2ec489a95fc,801261504
963985c57392ed0423d74caf,640908608
a93a37e4cc75c069e14ffa00,575514240
071f284d07719a3517c55567,590323008
5d030db414b00948ec10d18f,447052544
6e57de8c4ec2e42832cd4b09,664523072
d9ee40ccf461ce3e9ebb815c,572925760
ee13d186a24af238d06e0c2b,659666688
f27397321c007765244e56e3,1115479552
959397711c3f452486ae591c,812603456
a41222195e5c7d7987dc3c7e,371402688
ad14cc63c36789bfc1bac0ef,419495360
79ea72e7b03cfd4fdb5219b3,691621312
cf68e05962a41395844e9c80,386722336
4a20d03d09fb9d0ee5565ec9,492100640
734c9446d0674b8d6545bfef,650973696
d9706de7190ae64c83e65769,667347456
b778282fc4b9c43055629e44,731681216
a4d4d6480b56d6198c0120d4,828731776
7557a9bc12cf0f2901c00264,1051482240
41376f69b086937257387f1d,773356672
2910f3631d1db77e4b61f8b5,461453696
3a8a506c99ede47ae2257e87,693740160
25d89911e830697217d460f5,676966464
365a227184022e99f1d2a816,949196096
c6e34cb4e79a729a5df4183a,767598080
c5c3f06bbf812593d1b95a40,910311360
acd6ad0081960c0f17b144dc,918251200
344a104d2210954497a5a388,744363264
c0109086d0f49aac6c3f3f18,711073792
c42c99f5da3248e7bcc73fa7,930892416
8e1e9ae57400052cbbaed9dc,1462380672
8cdd55d191f206b0841e56eb,563070848
c1e0b47866cf4a0120e4b3d6,327379840
45a033d121ca5afef24161ba,520515680
bc834280fb45fb308d957640,446988640
9ddc14c8e7fe7ffb078e0019,861231168
7d66238672def6f73c25247a,810204608
2c12cbaa1f14553c1d41b958,407629280
196969a98960a68088266261,411491360
a5a3cab55661982b7d30bc78,587677056
6464d5cc161ac659dd963897,461406368
e9f44786cf982100af0984e4,619895168
6302e608d8f37e63f4e5cc27,464940384
ab614a5008d68aebe34aa201,772265664
06bfbccfb3ec0b1f65f4b351,876512768
f7f46ac9158f0a1edd01709e,932528640
6e233ae6294318baaeebb59b,890890048
bf6e713a689f574b532edd4c,749878464
a7e97bdf2d4f2f62f9889c3b,404938432
784822ba0060eac9358cce22,314029024
13c51ea93d19df6c273a1502,609811072
176e00102fb65cba56279287,661960448
52e5904902e4d75ad87afde7,458451200
728ce22c8db9bd0abe3f20a8,879238016
e8bf121ec117e383c843bc51,1413861248
878ff8ef3c862929bbb19ebc,754157376
ed80ba018de35d5d76d50db4,1059955648
9267fcc93ae3b6df8c12d9fb,463762368
babe27dc477f5e1b7e438422,586613120
a4173461aa676e09227559fc,430089568
f0b2a0602bb5a83f0827ac75,692017728
2da346c00d6fc39268f12b82,601013376
9ec5fbf8767dd0d2744a79b4,623569216
c85e9bd6e20ee2a883d0a7d9,512188224
191cb509fd44e580ee32486f,566199808
053d37bf1d988505b5e91809,607314752
4d3a66e028dc8f3e9ad9e9cf,747733696
c75b265c0eb946ce77e32ce7,613749120
d233eb8af3ef7e325f6c8f9f,426862464
7f7f5313341b3ca499968716,440774368
4fa51848638f4437a3e31682,761027264
9090236db3ef719edf72a330,1249121024
4dacc190eae91b059dacbb00,1413286912
ccd2f6ec8e9841f1068b7c76,594376640
a354cdbaff42acd1a0b5d82d,709413568
da8d3092ed0e085a83a7d67a,520391808
1181e18553eafcf5edf6fa05,453894240
5b146f1914acf2ae78360fec,450022336
a0fa0aca2f6c2ae65a98ccbc,607228352
038bb35043651579f443c481,665427968
430c46358b85ad4a741c7187,427639968
4becfb041b0439429f2cffb4,298056480
feb87029d5a2e8125e165bef,386049632
61ffbbc24b30698ab8f735c0,369906848
0e3067f71dfb9dc2e03bba59,437693568
b8ec643c66478da376153333,467569920
c8bccdccc9186136a332e995,786758272
0f4765c8929a87746217e957,771726976
68c145df0ef91fb4d14d001b,413240256
e5b92a0c67c506ca6e92315a,457857312
a482103965890c922a66eedf,455838688
1d917f9f5a3cd44cc4dc8d2e,636654976
4cc968db25c2cf03991c0041,645620736
91ba0c5b21b52734d1e244f0,667234176
d6a8f4abcb02142c6dd15b30,525159712
0587e7e1f03af8ea6c46290e,705818112
61e1e0c49f3aafee6ec9179d,804744576
797da4e993a993ef80277108,778084544
b8acc8e72f2c498fede3fefb,823654656
ef2ae24039bf2cff1caa4340,738166400
cfb8d15c6b0c0e6ee4b92109,749059200
05aecff6fd8d866c6c157a9a,742516352
b2e37eb7cde5cf4290649ad3,801075072
b7ecbd35179a7658f3c11b41,1248090880
699095150a7f3f32c40454fe,1001280960
989a4fc1590097414d7c3fa3,204209632
b6853999c45e21646a0d1b20,391479936
6ddb6863958ded0d72fcc6a9,420137184
f6fc3807b54d8c69459c4f64,710083968
6528ca87df8bb477f4b6b8c7,391127808
7bba885503ea7716ffea503c,433951648
846e6f1ba1c94966314345d8,486574240
04e6a79dd3e4d8d17c8b5387,1041964224
4d60db10157fd0b5eab9a23f,686839104
0d7d434afcc5e93050e0b86d,765369920
bb9ffa04d913d06846d082a7,1117606400
80abc4c356813c1e4ead1e1e,298056480
df8979b26c9971dd7c3500d8,768277376
6ea18874ea84b5b4840f9b85,560413632
aa75ed5781e6e8584143daa4,742268096
c8c8d083c9b9600059a8b8d1,543143232
5c8f3b7ccb4340263c255d00,323714560
79b943894c4dd68bfd8cde7f,558818112
64f36d32a3a64853227fa69b,981590784
d7080c3742cd9d72e9d0ae48,368513984
8333d32b98625a2742cfabd6,393303104
bddcc7fb72bb973f84b864dd,1029745920
5a80dd0f68dc2cf9fb1b0c03,235980176
5d82060575bdb7be33e63ecb,829698944
de416f239b27327e0f78b862,863028736
816f93a2e035e4fcf61ee4c9,586265728
aca1776ef24acabe172d573f,851508928
af32aa018cdfd081a81bbc80,533075200
7d133cde943d189c9abbb6e4,406079776
80035ad5b3b4a948469800bb,769051072
95bdebef7fdc2ac0e9541c51,901477504
d038e5695b32bdc6fff1f72d,546653312
2979f2d91d649a8c14f5453c,607360000
a0be286778d94153d3b22ccb,766698048
57e8ea351ecd1ff0825b1324,654493888
c84f96cf4570158c3832c3f3,743799040
93ab279de0b7b414ce758153,915232192
2018131ad3f6e5aa8f4be704,981874944
eb055771816b45213df3ff3b,216200176
8e3700ec731701361d7bb7c9,391234336
422e994aaca85628ff759004,605581568
569e2cad5c18a5f393f80a8d,721402944
7b4ca3a8d09968e48c185260,925904384
12785f791e04b3a49547fbc6,775858048
02ea72128a99862e9537718e,707352576
fd77ee8ca0551b5b614b40e1,846989824
ffbf6a54fb00029ba24dd3ad,424120608
a295b12b773127f15e83e174,422770496
90f0cf22cf9c8fcc290e495d,334167552
220d466e3737f1f2a8ed06ae,354142112
235c56f4afd6d87f1b3e199b,411573824
eb0f3b14782c9a484408c606,866422208
4188712d431ba996cd59fbe5,339799232
3dfd7e954d6f7f40af60bc9d,259555456
00e80be4feb1e8593b7713fe,483016416
eabdd1bad2bc4351ba4a2635,790029888
850342685ececa472945f7ed,835321152
ecc4d05489c5ffc8164d5469,376072608
2406d47133763272a965ef51,403754944
b9430e8c145c2a0d7efab2a4,620848320
4f8dfb8de411b8a05c55dbbb,697808064
574b6bef16abb21fd67db401,374387904
e7ef0d61e27de15f10b0d643,790029888
647ec3f486cedf045cdd3b68,380946272
69d83d8492db7ade6c37c3de,463964736
6c07175274fba6a0dc467cbe,512548128
a5a71962df1b8bc45bf5547e,817613952
ff61abc1e7843e20b1bf8656,319233696
540c4d7a79864885d73cca95,555041024
17d0f69ae2c4f1aaa1aca9c7,479425536
80de6a9303eedbfd1c69601f,889310272
7cf573f273b14a6cfafa3ec8,446184320
eb9ab213defc2de5d878653f,629923200
69f7ab8608b5328f106b42e5,696072832
9daaca90887e5144c35daeff,417477120
2bd08c0964ef4a95295db843,807316544
34f0542a538cee9f3624d897,382085344
847a7fbd4425fd2fbc4b3edf,1390976896
22428154baf95870f1d83fdc,1044311488
18e89f083fdbce3da0a82a4a,1179833856
63674e7ddf6f2b4d7c6d5c1b,303864160
0e97f66cf4208c1a57d1fb17,429574400
a90f7cd68b662c87d9fc2d5e,534462656
2086639384041f3a9b519140,744363264
d38353aaffa4af168518c6c5,691304640
d994f3919c3c8fe0ebd538ad,1365890432
ea9d6dc517c77ff8bffd596b,983912000
ff83788b9f8db0297f6c0148,1107696512
9d9564415e52518c2817f66f,596726912
9362189c5d784741c9b0f8e7,733171200
ffb510bd3f847f4ede255fbb,237469056
7d3e4ead63a869bae978027e,974740608
5dc404d1c214abd2d45b2a0a,1120039680
64335f6d4c1a7514377be77d,471068544
b81801f02a73feb1db7f5e83,842747264
b5d6fe84ee7c6a703891112d,1213910016
af0502ae1fe341c2ce1b5325,367161920
ec43b2789c9cc266a8e0d1f6,432319936
7ff8b0b5ab4fd12f3be399ce,767404608
d5c8073e3ceefbfbb547eee3,901049088
66379c5752189c150954b4f0,460929600
6a3f9046cfdbf4eefca3ca69,523588000
b549a72c938d767ed504bd83,837274944
f48e503ebd3908838c1f2ae6,556238272
e58ba64bfa5280630bfcfa97,652667328
07edd16680605925192efcf1,577182912
70b821bc1c7dd846a8be343c,398529952
d84d7edc4a4896c4a8722328,563316480
6d592a69209ef3356e656c44,492376608
ca9b2ef10b512905af6be620,701064384
bbf16146922556095f53b5ea,935789632
86e80098f5a3e7dbd635838d,693442432
dad46c20f9f7d834e522fdd1,923051712
e2dcb036931bf4b2aa030036,955245760
aa7a25411bc0f9f93dcc40df,426723136
e192181121fe58a8bf94aecf,459322624
5aa715bbe2b178ad0c9e4b08,903496000
43b5b5a9a1615eba48ab8b66,345948160
dc91e3fe1b190fd8cf2584c9,583729792
1014341bbcd2fd5775631f78,593991296
7f2e9d302a6ed1770db9f7cf,562607744
73f4074e5e09e52e0e03598f,829811200
0460eacc73398bb95f0518e2,1113543680
5a44be6fad8878eb2c394ca9,630584384
936cdcce007bce08a72112b7,469502496
8334a4cc7db8ed5c0071fe95,463264864
e3e9d1d073b129c697c1e9e9,638530816
dd9a60c3d502ca3cc98d9b73,506985344
949184accb5878f82fd5c10f,536423104
bbc675f7edfa0425c78c15ea,619305344
7436750d73f2e56b4f29e98f,635347264
cf81103f31f74edfe0453de8,503524704
620e467297aed5c47e22735a,365891968
41037a3f8625082544979179,493377888
6a2db40e5f210a31b2f7119e,335659872
0083ef74db679d22463a1afe,500157440
b19be1ad7f60717a943ff0f7,676983936
0906b6a88fb1eb0d7bfb6bb5,370410720
f82adf71d17c261b41a5231a,563474880
bdda694c42c52ba4803d482f,541465216
80f633154b6f94b8fa24f213,526933216
f69aa18a64d8b8494fd9fe3f,317896928
3146f3ec9b237fa0944cec7b,499029632
5db3d671b5aa03dc33f258dc,400359552
d5239537894ce7f2a9cb5a49,570927040
bc28e66374356a4fcf9b62d7,346802848
3697e556be961a16a621f3e5,428536672
bb6f66493fbafa76d70b0a34,752024768
e78a4111d943044a9a32ed80,658826432
044e2daf937c0d8373f2e914,793886272
77668d4325802de9d63609a9,657901056
a85ba83751915d8d5d1a0e09,748556480
429460d5f5c5381e945cf449,958919296
a53dc5c58f7384729ba37a21,629698048
a4dba76865fbd14aa19c0286,732869184
7573c18a79e5e3ee0610d7cc,732854848
f13f72c1cb469db92b25c2fb,963696192
45dd7eee4488e88d71d46783,970526720
dd4fd04b9fd80818bd543f9d,674360960
500a3c5953f89b431184fead,514291040
d2e737461b916ba78030c76f,595859840
e1e69b5a90431b8a44265487,624883328
49cc8164d94a2afe8b750af4,470169888
e9b054016b281140d2566d88,804956288
32161228e9c502d2c21beaa3,336007424
9017accdd4fe3229fc45280b,453827584
17fed4a312a9b773f64861d3,439579872
8632f5681d04d9c934675409,1263215616
8356123e4d10a479a12e98bb,508247264
70463649ffbda5fdf3c10ec8,487602880
1414ec3cdd3f6ab772fc7584,663934848
937708417ef2642b7d05abad,939636096
afbe90d764c1821cdb26e38a,500112256
14331a3db021936067b15890,357852480
793efc460dd25b67c644e92f,550018048
0a9e4dd0eec86037a36fe769,702900032
e5168779de76d99010e37c7c,1008527552
016dd08801ad1a1e7f6e695b,1277064192
ce509ce153f452ff8a997538,1000434496
66d8ce8e6aad18a4963275fc,725389056
8398e3b96d1311c7264f6603,1125643776
e9081115ab418ef1031326c3,576520448
5c8240a1ebf6138f81dac715,947947392
18cb1adb2078fef29a613a96,588252480
4167fdc804227ed43224a32c,1191103744
b5d0ae257748ea92c47d8fc2,473567040
1d17f0ff708e6f0b93a990ec,819619072
764f506bb2aa1ac4de918a71,816411968
7a861f1e3af4dbbf55b2c301,454490048
1562a23a312478d7a05a33dd,401327424
0a040fd24e23a77f0c58495c,650871104
7f0f5931fe148f6187ebf512,312231360
9fcdcb2be94744d00e734a3a,1093439360
f181f74e96a93820a23bc0a0,497871456
5193b43c32a2bfb3aac6b2af,524507360
6cc7718e834ba47a429d6874,459997696
b8d06f4ce0d6e71ba0fddc26,575404800
30a30e4ab286fd822c68ab5a,666198144
f99bdff027d28ceca0caacd1,710549184
f46f5e911c6c595efb5b7ab5,592263040
a7f0c831d82505044f370b1a,461117728
17069e9f4ba45c93738b109a,473958528
dd5c910c2a3d63b8fa92096f,318011104
a33329c9ed11ee8b87aad6b4,404041856
925b457b5df270a68b84753b,365493856
d206aafc71e8aec2afc3f8ee,393587072
f8232717e74332384075dde8,408423296
f60d9f0751a14efe41be383b,725154944
13adc7946bd4e6e3e4416e52,447375264
230cdc90e6c825d391d5025d,446018624
e98cb170e4383546988c6829,318011104
5bc46671989de2534553ae49,420377728
3b98c8e46cf8477a1968244f,367185664
f9f5fa4ad495197a5c9b492c,365732160
0bd42f8ee9d36dae4cf35886,353658240
567ca46ac91cc53e3b479547,332914912
f0ebddf2bd5aac661e4945ce,724053440
eee841bc785b1824b6419a73,489518944
004776514ad269b380581066,204329872
bd3edc7854cffd6b6debfb98,619707520
0b42bbe66e438fa81a2ff77a,520630112
a33bfa6cf99e26bd9c49f8d8,378212608
8b45db8a4f2c0f772c8d44cf,473992160
262b5b0bb408d7cf53073832,454103200
5844c83fecdf7e09b188c2f0,378212608
9cc3c05f0e81b8f6454b80ea,473602304
07c46b493733d74c4f384b79,730371520
932ce2fe93b8e1ec0e7bbc8f,501411744
559fabe06aaee537322d0af8,314273568
f4da2c8dd901cca9cdd51025,378212608
84eb4861db0816bc8722f379,378212608
d0dc69570223bce949a4c17e,532382720
abc2ff9d0e7848169fca170f,468773248
3e3880088f0df7c447e27840,185965808
3580dcbd0a6d7d6d3546dad6,529628992
f123231ff18912a3dfd7cae7,390215552
78a7eac41dd672cd1863e3b4,634350144
97def72de478566ad58020a3,626782720
e3e2e3080cc309d34014e8fd,390203168
71be583d473084bc0608d066,748647680
ac6a4c672dfbe20f5bafbd89,378212608
f4fc081a112f5ee1b3a09e70,474760416
d8add8f5e0aa562a63c894d7,529628992
88ab887e18e38d0b8315286e,521369664
07c8af84608e6c9206ad6961,378212608
2b352d996677e67156391e25,293141344
ced624c6debaa01c732e9f60,765669568
ef92f63b46f27ccd2151a21c,755038080
f4022026c279a9b77a894ee2,378212608
e2e2218086e6ef5377c01b68,704661632
4af83eb7718f5823ae69fe47,752859520
ee98e745afca6de4550fe570,378212608
bd1fda425d792fb0de7b4499,575313344
86b2d3ad1dacb372734f810e,185965808
98abd5139cc3ea136faf7c8c,635004224
4582ec985de48290c5f1f5e1,473434272
312a6b2a57dc6947f95213a5,766559488
86a47522586da2884181f128,755038080
b41edc115f6b439caf392941,431744896
fac682b61b813044a3e3ad01,577711296
63f4e57fb2cc22659e80d6fc,760799168
4310c7a552b20afd46f930d9,710970048
4f18341de355d2cf57a03983,448518624
a418dbb6d04e505c133c6c1c,854445248
afce1d7c5576dc49c80bdabf,717442560
5ec12159380f4d1a85e8b0ef,476969568
78d10967c36cbf346bd58f63,591091136
f995364cc33c431b3c93db45,499919136
99b31d0b5d5ab75a2653b1a1,491238912
42d42ad031a2c62be9b5cdca,378212608
73d09646de4e0ab46feaceba,369099424
bef4759bfc25c7d44a8112af,378212608
c038742e427830aef3ac1c17,510243008
e96a7f5424558193663ef6f4,510083072
1af243eb63d893b1251f44dd,755038080
a083fd17c5e7c9d33540b922,292435008
549024cda1c093c9f8bc2ea3,374311744
164cf5fb9a759f2e4be67b6e,489515456
65ff6cef76efb4c83ac0611e,481103424
784b1db005d39c2f57666efb,403038976
a2f06081983f748fcd74652d,440531680
66e4f010db2febff23b4a4f5,376796704
9702cf3039b86f97c003e20c,488482880
48de5d43e88caea594ccd27c,572701632
6732c28a236aa1ccc0cb2c86,628510976
8a1d1f70adbdeb233ed3ec3a,747812480
c775d4f60fea55d5511da4d4,768430784
1f4109e1a4b47a9b11c2c019,543244480
31ef69bed8e54b5e1fb245aa,486467680
882907ccf178b23a02ce262e,626657216
2868ac4225657a13f6149e6e,741404480
cf6f0a3cc030024f4e9ad06d,471947456
0a1cdd0d5c3c8b973ab1a98c,850919104
0d099b1e1a314dfd9aee5293,649398720
898d1eb301c92ab6603e0b81,725523840
9fdf7d85fc65849cda3afda7,471947456
f5ee97750fd4e04eafa9d1d7,750077440
ef9cf29f71434be184a4ebd9,426019008
e4559824c3390efd6282960a,532098304
f8dc73052c66ab334cb7be14,732826368
2e992370de3eed4ec1271589,745726144
e2bbe9221780d01a265e2ef4,824665280
b65a2a140ad5fc6e3e26b6e3,638754496
3dea0748459a295fcbd2f0b6,671868352
7a1cb1f751cd36bdb6412ba2,773048768
1381c0399ebbf19db3a11820,638754496
479b2c9c12602551bbd0212a,655564352
d463fae95232d30e0f78f93f,625348032
d0df2748d371d98d76408d66,661047296
9551dc6098b721dd495e5c57,904168576
fa736ec3f2f066cba4328908,661218432
37fc4ce5dfff7faba6bebf8c,741927360
f336d60e41c8bfee91d58728,388292160
65e1a61d984712e76829c821,844450176
65eaf65f8dccb8e49a93b753,910863680
36eb8139a5ca1b8459eb52c1,558290048
c357cc3d2f4b45ca3e1250d2,524529376
4b75f2b374e8674e8b55eceb,901964800
9c20784acde0823e9479be2f,578310976
0f2aa0d9fdcfe894caa8fddc,868348544
23374ef76774d4f95f022473,967372672
4224e69acf9fb071d4cab498,802096192
a41d05f2ae3e022c16088bd0,967372672
9b30c679d7da9169580773a1,888966848
2795cdb2f4d568a782dcfc3f,1088044288
5399af7ea98c97b5906efe1d,852659904
5e93ed2a9b36625c4450b5bd,791086528
d04d42ff91707e3957b4a29c,880069888
f32ea78bc5ea15d700d3c118,700175424
8ce2d6e505ad1da079f34a8d,817869056
014799b9ef7d5244fb6640ff,1021670848
f50a72cfa82f3742189b7fc0,923933376
8876b38f90f5571639b7d879,894221824
239a2dd25f604c730136c720,1036134912
db297b6ab332cbbba338e7a0,741262208
5aaed76349fc95f6c12ced7b,927537920
10c94f25ce3f7532bf4f3152,988034752
d0ac1f63c75987c92038bd30,790848192
db5ea791b33be91840a6d045,872088064
8627562772d9d63bac507fcd,810363648
b1ecdceb6ac00b6b047c241b,749083072
f499c1513abf0b05aa1f460e,1081029376
0d8b0ca08838d1dac052d51c,861046016
c54a573c9aef013dfa2abeff,934693376
f02865ea64b156bf4cf4cfa4,971646528
087b564ba475edbea431d4e4,844272320
2d3236cf646f19a25932676a,934693376
68b547621c25c7418cfdf5dc,836782976
097a1a08a389439cc2c760f8,422699168
e9c905ff64c7e2f8c21b0a9c,373509760
464039bbcabc650d659f6683,463512288
93c24fa31fa780d28ecbc318,375047488
a73206cd21136b209f25c7cc,346724352
852a11f12646f0a1121824c2,447999904
61953f4c9bac7cac5ddda5d9,940478400
5a5377f2d087b7bb183783bb,605523200
0a85c354c48921e0ca202d15,1120894976
12f9d50fad58e4e40a187d98,862989568
45ac018012e7dd91d41a5876,388125792
28f905e91295a47d106a3214,939951872
395e3718423aeac3d40494a7,475473088
1fd7e9b1e717578f751c21c7,765590656
e8bdc4a088a6b99a538a6f0a,449989280
45b894a8b028be29ed137f1e,1100449152
f5c866d489889ab2f124799c,805250752
3d0de71d822da8a999bb6222,413747840
ecd0b4bfd66fe04c278dd4ae,516693248
9a61bfe6ba2b8364a92e5a97,899186368
e8b8d0c4cb87efc13344bcd2,914867776
1f39ea319382fb0e41ead713,870409344
d61700c4ecc128290bc42d3f,386906368
d87cbdc4896e0e0160999520,326364224
d1281c9f037ea5c4fa683b84,392629600
310e768d2e8836432f8b3e97,289768704
c5498cdddd7856e99d21f52b,346426144
d3169d4a467cb7eac41849ff,589980352
2eeb4b0d7afa57b63778b69f,1395479296
7b3621124731bcd2e543562c,778904704
5703b4ab6e77d88f751bc6e7,747876864
2c567face144ca714454abf2,1110116608
7169b5a3b9a796162de685cf,1283335936
fd19e1b2e61f5efde879f6dd,901049088
55f0e95dc857256aec65ec1a,1415275392
ab03c034e2a420f395ca094a,339799232
ee3c0c7fe3fe73ad0449870c,1304519040
e59afca092e0ddaf60c9419c,748084288
99e48a46a1a599471d3260e0,420658048
419398139a3aa2ca2be3f941,404036064
54c33befb89cc873771c3be6,1197205760
cb29bd3ae3d5da88c99d3db5,646108928
24258361a4ba8f772a83ba7c,752285184
539c12d2fe8cbf950b75a0fd,403754944
7b81996f3abd287b50adf8da,659213440
0d9e73c14529fa3f1ec8a56f,418516000
dd178fd542fc716e32b4136a,632201600
9aad22f3d25e46538e1558fb,673671488
93df4118ec3536b312822d90,1014416384
7c6319c04025c4ed6aa3f051,418516000
98e04fd660ca1276d1510a72,489386048
4a8eaccbde5a4a6747818d29,490702528
9f6ae3eaafbdfd8d5c0e64c8,649707968
5929c81cfde8ae068a8b822c,775724992
b94ea2b8b847a47140d04008,621464128
ac1b644a8d2ec042ca91f89c,677837120
8df9256029f526ca313202b7,536727488
e029511780468f4cfbd10d3e,534496704
0878fd8b66aeb22f6af2d7af,369906848
76258b7b7e8778cd60d3435a,517750016
d64a2ad3297e2fad8ce66197,393060000
8af6bb75c85a2789156b3696,387214080
40db880aba8951909e6e4ef6,756100096
c9e20cadac540faa59d9aa3f,293258240
7d5459e48101349c75d43aec,520276992
fb0664d59b6333ae1861f343,885308928
bc6b57600fa9edfe13fb3118,934563200
d309cdb5688ff7bdbb682d17,599100800
d17ba799e68d7775f2104b3a,574766848
2baa6afba131b74487c94d74,524762880
0b7c8732558fc04f4fc51ec1,529879424
0d8cda2859d9903f6202af54,417177920
0f2913c5aa681a2bd45a5484,817097216
de6010c57fe78d975be38c2b,566392832
54b474bc7cb126bfe8e6c144,771307776
b1dea7d384760535b770311a,391555232
9e90e02c8ed3ad137e4c3abc,484202496
b59711a5971a3b482db4d9f7,707352576
2c37a1280b18e095b43e19f5,751330112
fcd7c10d81aff25d9233214d,435855680
c3b8bbc492a7d7bdd63da22f,769817664
42aaf6521fdf1dc9bc50f88e,375773408
3c268e9119b8027f78f91954,551679616
c8d5a0e9614dcf96a500206f,448407232
6c778557da9b5d99f90b1238,977942208
4514844d15690b7331fdb6cb,780853440
d8e981acf77bb46a9dbd3109,766851136
b940ba03ea60d4cdc5d2d429,705133824
4fab4e66ead1948498d2a4dd,434222368
a5620899d410af623a3ff4a9,951958528
f45e3be8500d7bd91cc8855a,504234688
4b82eef445edeae7a55fd019,645648640
29881785ae39aec014c4982c,706018816
0d9f91cbcc9339146bf75bba,487817088
b839e76df5d73e7d53691707,811855424
7ac96f16bdc50ee7619f3548,714599808
a102a0a268840439c2c8f4c6,399042112
e1132006785632e4ec5deb02,644773824
a041ed3fc0b60fc4ce3cf847,633200896
84b758716f47bb0f4e4a2bed,445614784
84394774ab45e0c8b733bed2,586877504
2c1c91f2bb4d9dae38a44360,391707936
8ba9304ea7b8d2b071bb0699,520873952
9a76cc7c650230c670e703e7,1160553856
9b0833992397c6e50b54715f,742955520
6f192e6a537c1509521e1e8a,763267008
d1668e2d35a939ed126a3f8e,812289856
a17807447696896bb61ef8ab,817297600
d043d368d2584ae95ad3672c,780775296
7f2e3f2eb5abf86b56897250,753444672
fdb1cffa6b7346fde667d72c,236798624
58a3a9f44bc7846ae26413e5,422696736
af230af0c73a5f2b72787c1b,870944704
3cd5562115870363ed5d7558,815080128
cb9d8fe7c18dba6827836403,750077440
742fd57dd463c1b5cb79f63e,636359040
0d30768d188b6bb53d599ea1,807118592
c455b8a15dbfff94c2909f37,510785440
8541eec88f0dd8229b4fb041,364149536
54aad3aa4a166d2d50df48cb,1063373504
eb9a59d4e85a3f124e866f47,800107840
d65946f9c27e417e6bc60057,498794720
dfbb0ed74ed85bd186f40ccc,539600000
84b05da6a859ff5384f37ee7,545632128
e2da7c1bb33be76b86b9a07a,571432832
456243bb3fab3e74df21b5a0,571432832
a947c2ea296f1da3d10b0a06,476282048
3929df6d73b3ba01bc018476,744025472
ce44699aeddaeb77f23c9b9c,1074637696
3cd3537b5f9475657060cae8,1089396352
4520ceed2e5fe3458850a805,1104818048
00dea98fbfbfeae74c513bb6,1080985856
16da41b1128c039ff8f83919,590454656
111d509185303ed970d710c7,936680768
83ad1ce7ef6d70842ec986f2,497644096
74f8ffe35e8d3bc9be725d7a,315591072
f5e7ab7c2edf566fa22501b9,813706368
2e1f3fb2323fa16150f8bc88,419675360
f8bf37a8f81a310e299385a5,645410304
7b71229680a50bc26677a427,721013312
1f7daef9ba898c4d8ac1c81b,327379840
415b68c7a5cfb073676c443b,449172416
856559e93205dd1561d8ada3,620903104
6d534e4baa1740d7839664eb,415723200
9ea78159ad117bd9c0b04291,599566400
38faca2d6e338d328428f986,189333072
fcc6c3c10bb52776accaf06f,501419552
9120f0e5a6f505a2553bfd58,644744512
583a8d8c5d7fa63125f62155,664459456
3d04304c8644c81114c36f98,635004224
21fcb5c7e497f0580b820379,872473600
6542b39cc8d2d13dc828772d,770185728
091f6342ad934f4e7f84045d,914789632
fe8305e287f6a8e7899c9459,487670144
d4492ffc4aaa4ca9c4dd2357,795768448
319b9accf9980ef2ef81099b,712790016
fa84c07cc90e2a2058b57c9e,493590208
c4749eb8f59cca469236df01,415130208
b8a5928cf1f7e704e9933bed,586220480
c2ffdd10fe424afa1b09f31d,437851584
f221dd5d745def063eeb7258,594502656
319ba1ec06c9b6ca6990f4c1,1035355520
29e7796eabea247af4e8a0f7,554981952
ddbca69ad74877086c4110e6,871431616
c858f0f3f5594e7bb0f3b6a4,971046272
88ae3f4a8ef76675c66e925f,984452736
27e0810a702796d97878c34c,605326912
7450139ad1b39b2a380472fa,740475904
35ae7661d8191507cf9e7cdf,535268096
93b8ea95ca1c1ff3881d91d2,278261408
8e4709859d50a75dd08b03e5,589329216
7026113e0cd7b2d17f8a3459,685274816
9af956dd8d83bc715592b97a,392791520
df10ecb67d79e645f77a90a6,701731968
14feeb619f409386e6eaeda5,407136672
1a6b9a6d92ec5e905ac97cce,487037888
057585ba19d6144408d4e2da,490828224
72699647b590d11ed9b2f2e8,499858176
cbc99d6202cd3a31e1c14a16,547971072
ce1d63bc4411a615b816a76c,779904960
04f0fd25e2456759753bd2bc,614816064
8c0154eb5be437746213aec8,874500800
e23017438478050a655f6d67,561182720
8f0b6d6dd914911c7e90d302,1037265792
4b38595746dcb78fbb459781,636563520
95aebb36dc0b4ea86db49492,1126990464
f900f7a9c5e2ea51689e8992,927116672
3fa0d9e247f28968a5bf8476,423621600
1240f50cf2d8ef1d8713e671,383358400
14a55e5887af840860b41ddf,388685056
3ffefb3f453c54585fa6ef22,977942208
c3b357d17afd631df02dc39a,873902848
a15aced0fffc97e219f99545,246685472
cf707785919dbb92cfc7b5f6,1054879232
70ebbf6a402f0f707b893979,522257536
aefb3cb6ad2de9ffa90b9534,527623232
b2809471a0164e3d41b8fa60,1090990720
6d11001f164d81734a82ec1d,459402624
ad71acd782a4fce4d9af04be,590676224
ca86f53a857c23b15eef428a,639454848
580452a616b4f5170eb628d0,555231360
7dc609a3c7a3ab1f9a3146e6,760364160
e8fc9a1fd4b39f946b914398,558108992
0d3bc6532812ea618d154bdc,693030848
1ee436f045a0662037f9d2cf,730720192
8697b1d337145af0ef8e4619,1030935744
9a08127164a0bb61cefb3680,489591840
e08e1f260e5c3231c49e5a96,390304032
b96502e30fecdfae7796f1d6,561130176
a0b178016cd26a1d2072e7fc,288284768
5e3d7da3cfe55ad1fe609579,559169920
30f77637dd52e728efaddd6d,815443904
2202c5c9a16b771d1e242c18,680175104
3dc8277f29d0a2406fa25ce1,695949632
a0f86ac00934b57d85b44dde,707311808
9168a08b1fac4c5448626ff0,512553120
cec8daf847f52cb2845a9f58,959441984
ab7559b75b340275587e50b7,1230995072
a392f7f9ace844d712ab2b4a,954046080
dd21c6799a32ce6ef27f5281,533864960
275ec6bd936600c7eceac599,1093684992
978195f1745ab7e3d69e1f50,963253056
0e3f82238c54e85ca4229977,487602880
bc168cfefe964762cdf8755b,862325440
d22d5776b6305308c9e774d7,577989760
94d3fe901550dd4ba77ffbaf,906260608
63717ed97f95e32b2ca321f3,993492352
a7df0496d6ce217fadfad10d,937678784
51a696388218fc2e412f8806,666129600
a918c218ff761315988c6335,1000434496
d3609eabe59175fcb4441ac2,1286006272
8af2e264b801b3e155e52be8,1212156032
76e4ebad138d50c690f0aec1,426211296
9a9553eb431458a3e30fc672,513074176
117f37774a78d65f9e68f906,301654688
0c8b133effcdbcd49d52add5,784929152
5e8b2528c1c0a5c12a476919,866164928
38d6842c2807d54f386bdb5c,987403776
55f747145222c070fdd50175,776708608
ca7d715827b39c417e5b75ad,691643072
b219848e66fb065d4d2441bc,966974016
a04d3f4eb8810a346fd29ab5,977518976
0b06da0ceff947975cf8951e,1102152448
3f35c44229ba13940d8a705d,1151817728
8bdebb8914fbcaad625b1764,311605696
f4635193372f669612744011,1218830464
611a369172eb6e3e2e4bdbfb,898046720
6689af92cae5d7c9c3e2f215,979409664
e382002b0685aabb01891743,466506624
edbb6dd10f8c9e7596368225,528094560
89b0592a715c9e135967f947,758405312
a67c6f6400a176e0a07d6772,621181632
5c6e6dae74e39d33621c7119,740738048
0e1c100d8e57de8296363d6f,490248928
e2e639b53456889ab5350ba0,397579168
93acd9176ff299221e0d2152,766907264
cb482d76b3b4904c595f2dc1,599782528
a0e15809e0a284fde27b16ee,860825792
9a958690c3947f5a8f05cc80,765140736
889bd77c8271961a6e4925ea,623657408
dc082fe46a714afd43b9dc19,491534144
99f8eedcdc31cc0ff6fda7a6,504887424
dfa744f733abef97d82dbb32,542877248
d50b80d68eb3b928e4bb4317,289067744
a58acad50184e66794d8d704,580968192
52871480f7bdf5ac3d785630,751429504
8b083d7ac086f52fd2942a82,628510976
301ce25214ddb4b5144373ef,892551680
6d76a22793aa9b571da64572,873057216
d7c48db0385bdbf7ecb7088f,1057460992
874e2c6f3e9f90db80d243d0,431959584
249667af8d0835c9830e2b37,390304032
75d3c9e0da9a24f4849f2078,485164928
9e45b127ea0303f973bac9d1,422625280
daa0be53e7a1d7ff76f32955,975130048
bf7463534babd284da6ca671,392052320
0283890ab76b10547b27e634,439883232
5fd213a5236154ae5206c372,1479972480
317e95fad7d399673719537e,837722496
fb14ddcaa459b49a3b30eb3a,926506496
4cb5e4aa83c476a5b71d77ce,840310464
f54d358d26af89636906f686,1225330304
f002603a6990ec405d82cc47,1197205760
e3b7dc4e8990f3cd436bf738,362397344
97c799300453ab511bd06361,837181760
3c1ee7e502c6bfb20873b47c,548815040
cf7741583fc5315ba70b70f1,832762240
36a0a1f0432c954604825b6e,585843328
9836bf9b64f27104c7863b79,482565280
68a3f9ac977f56cd39a6a1b9,1460850304
b676ed2d0af6807cc2b28ac8,1217940352
430112bf4fa9324f0149a879,481592896
fa00e05d83ee890a38c3a686,559272640
7d503f126b5863fa0626d4bb,576002432
ec03a01c961659f2cfd9c973,715047808
6a112af84d5a81f3d16dfc32,1176592896
4c5d3dd8802acb9ee22ab912,660133760
d029158b36963961fdcc3974,686447360
c2071e85fbffa3d2c2168319,719043392
60a04215bee81d26f20cf0c3,573717184
6d4a961e099de1939adc6496,993227840
2383b8bc2cd3d307caba34ba,509292320
d9357452fcd193b6c5284bc8,1218828672
863f8f2aeda01a9fea1cb3e0,1056064256
d1a6132098a4bd640321c7d3,430758720
6edd2530070918074c8e7d07,726522816
1cfe7df5431f3dc6a9289551,1267613824
c617d1f15d294f0b0aea8ed8,735770240
bbdd78a7ed332e679c8e526b,394677216
45969f25857aa7263927b400,1015723840
cdacddfdb6ce41a3eb752496,554615040
3f87d08afecc4aba03587848,1434882432
f21d2c0802e3858d493c1984,859011520
660f3f9ed9a72d8875a9efcd,721129216
04e29dbe2175919265c82463,935035840
e4082fa99f92fc7a89092fff,896188928
05402dd344c77623fa053ffa,692064832
c5f7f0323f554a7419f78359,847957120
501193fb57014ffbd7bf218f,474297664
0922cc27581d9058e55a2239,313871264
4dcaaac494053749f30875fa,1091263232
506763d35b04358fb0e967ff,835812928
8c40078231bf7af2f3a06457,426862464
53e14e867f8b02c6043ae02a,422227840
2364014bfd851a68a824d1da,1063507200
f788ac4a8b2a6dc11c458c90,691737472
093c849ad2bea8292c4d15f9,1102745856
71a8b68f38fccf71a229df76,350554272
ebacfa0a8e569ab603cccd11,403754944
c963faee3ac527dfab08f61c,714793152
ce3deac5963eeb96826c14f1,717788864
5607cef08511dbbf3288a5bd,516056832
8a9e6d0839f9fabad2fc3214,691874432
ff03a8cc833d067d439b9903,868883392
d3e119e8fa4d96abaa8c43c2,1038202240
25b893f6073bd66258a9cf03,788514624
0d70ceba3aea278cb4a2082a,715708224
07f9017eb4b8c169eb9de536,1160068224
7cad62cfb4fc3ad9acb09f1f,453453184
41d174db6f695472063ceef3,577320000
4ecf579a5d5e70d3b4314ef7,965267712
41df29e27c0bbb52aa8ffe49,477068704
cd77cb445eb0f72df89b9fb7,675981120
65766c8572b629744f00b45c,615666496
946eb4523f76bb23d0348309,641507392
453202a234f5b370ae9e586f,644149952
4e1b5798dcbed1842f260b17,798971456
f1cb3c0b97ae1c6819fb86e0,1146257792
24a89527a6744456750baf54,450271712
a281d59b685eda4978e0c84c,814845120
6cc9d912370da36c38ac2cbc,891001536
10563c278e7ce8eb2066d398,878393856
a1b0b8d18cd78b7cd555dd55,898806976
3cf9282136fad24af0f7ebb1,817741440
077659c14c3cebbe192f8247,990775552
c372834e8e7a4279f861aa4c,353740128
29daf0d5008fa9e3f0f30132,335176096
08e1ad8d1f0be0287a395ef6,374642848
19c07fc2b01a0edec4784e64,672610048
c2b5216a8050ea0fe4008f59,884785984
29cc054742b256e6fbc6da1c,794546560
755a3e09dba04bb6ba6c9851,574589184
c98157c582392cb895071f28,717943872
84f47e531a916b7f7dc1f1b3,673111232
231688922448e4d64622120e,592402752
9c7c68df14c238ce0b497dd2,967220992
d5e29042106130114cf3694c,313076064
08d4fa42a34c74c94db5080b,1031601216
e89fbcbd4d3414e30c30fc29,687542208
22af7bb676cb4c9ffe014506,505346560
b20d6ca58e91ae70b6e0a1a5,1223007744
5c372bd1e01f3243256e27ca,510218208
1242d7e61857ba8ad285b6f4,1260227712
196ac46f656726bcb8087ba9,982099520
ae513b65e06b69e1ff2ad8ec,379243776
bb26b45df6a70b6414958912,379243776
9425283b41165156aacfd43b,375901472
689b510fa99bda54284cfe7e,828723712
c57d333e383039db0fcd2620,689531776
86e98ed0bd2565b661b81ef4,784905024
0e694269bbff1e45395190d6,1100070912
6511180e3128e083bbbb6940,895217856
59b271bf9e2d29ed35352f5e,421626784
a4c324b1353d2f7ea3ae9727,421626784
193ff8d291a9f163a4f3301b,524334016
8ee4a7cef562d388b8444c29,387778592
53bdf5c3cd800459acca551c,587187072
35ef99962cd5984ca87bd326,595758784
dc33d5ffcd2aa2b7d56d2ad3,602247680
05c47739fa4c4f00285a2c48,1078754176
a51d415712d8d6c8add7009b,946599104
71493c81121558b8ba18c1c8,379243776
853a14b680761098d4bf6136,812306176
c9d5c08973c493f3acdef892,485568704
7dcbeb0aef2e2cac0d73315a,426211296
ae5a4da0000f79f12142e2a7,928149696
1f6050fd5261a2d21d5a178e,391479936
e3f39c6e4a41fbdc4bc30e0f,513074176
9d157878dbb41c14b52a956f,326392768
e1fdbdecc84b991f582a2e00,665288640
3a26efe201689493724ba464,561130176
6670cde3fbc11c263c6c3163,799522432
780ae52ac9eae675f6fdb312,530177152
24f22d76b86498d5c3563288,737822080
fda25a0b6b9f62f92e3ea6b8,970148416
678ba0c80536dd27e385b31f,401691392
ba0d0663943a118228fd12bf,456946496
81ba4b47e9222c15c4102992,433951648
d9ec26c1c3e1811e38f070b2,392547136
aa850af0c6203104e6ed02fa,170388880
c697ec00214cad882d5e9812,445292768
4b193d78ea6e3740bf37b36a,462066496
08c61259a756e617d976e8b8,725428928
c1c1dc8df6996a94ef3c7d33,433420832
3fdfa23ac43d1df0503ccf1e,607891328
bd4526ea5b404df442892788,453618688
1062419f9cf94418ba88b6b8,333893856
1102f91444b8e1abb636f1bc,811480256
b96b4bf38bdbd61d4dd0bde5,987403776
45ee2db87e9ca0a1a9faf050,616763008
556cb23459a9007127b3ad46,873902848
a613b18945052b4576595c4c,674351616
fce385656705a8f4389cbb6a,776708608
bdac560af3e155db33d13d57,761799232
fedc2418db2353b7c97a260d,958287168
4565bcc95c54bf0c8d376eb0,954204032
5fc559104e0ba1112ce00f5d,889235712
74fdeb4c56b29662f13aa8ca,860555840
fbaf74ce4c2c6e88950d3fdb,755059136
5de0f045039122af0052c544,873902848
e18337bbdfb106a3f1739960,542726272
e1b9ae3e0ce3da16f18e1079,961968576
a57435d71ccc5f032baee302,774371456
fc5e8e45dd0a338ab5835428,622162112
918bec54bd7587daafff66e9,819427264
86137b9624049333f7e0315a,710662720
0fca6767d8f442da1f8bc6d2,581094080
3ea5478270517f299b20bd06,680444928
dfff73eccd591bb26453eec5,538301056
e2dad5c148ecc797018439b3,850377088
b5a62d480bc544f891fd8521,840509888
cb09a84a1d7b929607d01ee5,631372224
af067a8546e1177eefe24916,595784064
d6f9abcb58befa3d05373a72,977351360
ec2f16aabd36fd9ee2203276,1191195136
dcafab7adc7b763bb934496b,751111808
ede43dcb1715b959ba34a37d,717040128
40dd67aeb6e9979211c9345d,724804032
31f630c44db4be5360a57640,549074304
ee8651631861c1b94283a953,1100790016
b7d245742eef110adc91b5fa,912574464
ffc49242bb0edf3e22076501,1074190208
5c5963c17bafef1a1bfd5e03,939636096
6c589b7e6a3cfad34e98bd87,722671552
71ab3644da08b8cb0a0b34b3,786408192
aa668782ae5d0c16e57193fe,1113958784
46673c69814a0b3f25818dee,1373810048
b2a417a8d2440f9124fd2ee8,935813504
3e0ccd899ad73579898fe73c,1146791424
e6f2c7d7317fd433e26878e4,1122417408
2d91b3a8c62b890fd246183c,1242733696
fa653848d69ce620a41a73ac,1119262720
3b6c94e3e3684eac73b3e7f6,1469754880
a6a07d35b3834bc6f81beb6d,802703424
a39617b7adfeb6ae7d5ee5f0,556306816
95e5e774dac6f0159e8afc0d,596152448
995362e3fea8e54538ac135c,463465888
42525c57e13abbfafe9bb395,1137169408
1ae6fd60628e7d186a5e0174,556733952
082293a465231208059c5d53,541975552
732615f6d1526ec9bd519eda,444405856
99e9c4f8fd7fb7929da10a20,404705440
1a75e436fc23e7f48e639b9c,336931456
54cdeb67ca9ea56205e4e533,977500160
c412ab869616d6576cbb8309,644544640
b17840ce59c9d9619b46534d,735418752
a14f071d8e5c338d9ebed23c,359562304
84d8504f0e860b0760c3592d,769796416
a3d03a25f84f4d50d2a308b0,411491360
bcdcce01d86d648c4502d42f,374642848
33379968a83c8a90c23e77dc,375901472
ecc36a3a4610829ee3f88993,421626784
f4eca80958b7a22922b0efa1,379243776
3b4ce006ef95420847da20b9,379243776
4fb644a95cc04f7bc6cda786,387778592
f8fad48343ee5134dbae918f,387778592
6e8e08e09da8dc598b8a8b2b,421626784
56ff1f7e81fda0c8491c354d,379243776
444f102b4d54503044154ff5,379243776
e0eae2174807cc7ada38c726,481592896
afde90f91b01b0282bb94335,509292320
1d35c364daa0f021ef263c60,394677216
8c47395a28f8177923d7b75b,406910784
98c98982020ba42198aeb45d,691874432
ff424474d2d10a2c2a1c1892,554615040
971a322e9087b67650689ea0,859011520
45a7517c4d29f5bc7787dedf,573717184
74a51274abc8358d628ecfe4,660133760
11dc32d92ac579720303c019,584855104
4c25d939eb3ec218403dc4ce,559272640
55597a7b8637f24198415ed8,784905024
eb7173223a27076d16b87f33,474297664
709d17b62bc95253601f243c,686447360
fdcf0e439ae8b2ff5730680d,692064832
2524e62e917e8a1aec5c9c26,477068704
ba601c13d20602c988d57246,687542208
397a7d1cfb809e34797f2bb4,691737472
b54d3ce25f3f03cf3fa0127f,422227840
d51bcf03d649839ca803c357,482818688
e9fac47a0f02f27abc96d568,1078992512
a52bd93aa6b0d965914f1101,726522816
16601a92574531c1fd57a359,602247680
0e64230b70f4a227b444115e,935035840
ba2118c330e19baf4f3ecf94,840310464
055e29f236bb61603d4ce9eb,898806976
7c5c0f2d9a0e355069fe1c64,1038202240
e781547cf6f8cb4ec0742b5c,817741440
8caab74ced535ec5e75acdfd,587187072
9d64345229b60ad1853d94ce,595758784
d128186867f91603af4fa481,833467200
f8fb6d1b0dafc28920393dab,868883392
33b92225cef255b0e4b4edf9,620528000
7eb78d4dea434674a230caa6,878393856
833bd3c8ef9d4da2f304a94a,715708224
331f0957d55d7f03df7fdc4b,1260227712
cee124f4b9031f59c4fbef47,1021758592
8a9663cb622a55f2a1a8e3b4,967220992
25d4a0ec9301ba5d53deb780,735770240
38d4b1837c595b6d9a23e994,1091263232
a21923caba05da05449d60f6,721129216
63cff4b5ebb2b6528ad34cd6,837722496
948c392520e1cb3a030ce86c,1063507200
b2e7fd7bcd93309664cd225e,946599104
9d6be7123f2c6e610971374e,1218828672
3676e34e4824101f3fd9aa2c,835812928
f849ad486e84a82190675b89,828723712
2fb8b2990751692b8ef1ab6e,847957120
5155f70c7f8978e487e71479,1015723840
4f076c220dad47bd9bf248a6,689531776
480041bbef3a540df2a36ea2,817219968
4ca66e564ed478d06c471357,719043392
454e4126257189bcce9b681b,1025653056
10ce9c7a0a58aad19778e5f2,1176592896
dfe8e2542755d41d920e28b8,430198912
5115b0da9c95559dcee9e58d,935184832
8a0053376ffdc75d0bdde77a,858663424
5688288ee38f1a69894ac77a,647347712
1fe514ada76363511cc79105,770211584
885a312d9a5bfa8a8db5279a,541435584
c716d4dfb5a3c2e1120bd84f,630129664
689aafdc12fd1610c2393a6c,676295040
c0c4ecc8d3aefc53c4c06a38,894613888
30091c32a5046d563597bbf4,329255424
2e58c9b6fbe9c57c83bc0aed,729111680
3f7c5d8304fc650bf97247ee,844797120
56334a9db3ccc24faf138edf,764629824
6d0680692396c07afc1a260c,650134464
9e07dd563b6ff4572f5d9031,639390656
1278c9fd86258bcb435e7127,513905184
acf0f98cd8f8c8ce06f30ab9,1232236928
5e3785bd517f4faa2bcf43d6,959475840
cfc61dd41ee5f5dcb76bacfc,449551584
2f171883b97d9c02b90f93a9,242271040
46aa67b5e0abe39dae442d76,242271040
50cb49d65d04a5d166f96e3c,371563008
06c1673c4a7444e7aa80abb7,326519808
53881f29c7a6bef0ab537466,401929408
2b028932adc74c961170a4ce,663815808
f3a1bbe01d265470a2d7332a,350861120
b42d5b5b38686929eadd56d9,430859232
bafc63f23f097c24d36c76fd,651372032
f164514211012e3a1686b148,475845888
82b90288bffe8c1c0b5a1259,505681536
2fe64bad1bc8a43fedfe0700,635257408
da5b958667b31f4f9a1d84a9,852627136
b3bc9a04a3ebc1b911326735,794783808
9ff3acb07666d53f00d1f1db,610142912
13a44ce5066ce00846b59ae3,793431744
bb45c98dbab56e5abe20ac0d,721290368
f88bade1cb7ee0fa643f31ad,545111424
e9ab6916a79b4d5182d33bf5,644130624
144162ecfcba71bf09048dae,688160384
19466034c2ce19c24a179fe6,580990912
3787f6da3e961c0e10d30e6d,1416149888
908330b0d2651093c0bb6719,633781632
66b7baef9c6c3c7ad24636e1,902756096
69cb0f3d422c2c78373c2e0c,536442336
1e866483995b30ec7f79d9e8,787605312
866f2a55f42cf30c4105631b,787605312
fede7e1a7a6f23338af6f40e,1412782592
7447156f2967391975d335f0,580990912
08451af5a81fd6a63c4012cd,779588928
f63608198bfcc858abe1ab0a,508512992
e9a0dff7ae48bd3fa2ecfcfc,572121024
cc97f62e2fb9d3e31ef1c00f,411457280
ed40f198ace8a4405cce7a1a,1172648576
bf17b59bf2ac2d06894bd786,577837760
e118b149654cca1c0b3a58a2,1166576128
7f9bdd2157f6c3d488c77ddf,621923392
9350225547486ad75c0b5ab3,1042849216
d1166776fca47427c77fa8e1,828714752
f719b387fac4f688b57dc646,1444321664
6ce8991a39ec7b9883f85000,1450265088
353743db4334fee80ac08d0b,953825024
372a3934e8179422b5cf5729,780291904
81516aa72c98ded9223db098,1319274752
9e80db4c35139bbb18775644,1043822464
12ed2c22a923c840ef616a3c,1019224960
7bc57b136bcec053cbd073f3,985363520
77a06084509952c6cfe8f501,478069952
73578b4214e2eca83b1e70ac,654507456
527e571030a7d8fbbf1a41c4,667154368
961baf163a07179bceba67a2,785465856
76b41682fa6953a3b20d3f27,760065600
cceb25e83ecf22252aa92d2e,581608128
210ff5d4404ee8578a5ecf9f,595197056
398274b1c46fd88151420c6e,524318912
5b328b80dd844db2e946302b,449123264
4195fdfe50e42e9981fa2f4f,528058624
2d4031f171f965d7dbce0ef6,646471744
fc1b713d5605b0030421d5a2,817209024
cf6092df1f22a7c4b8ff9d50,595096896
8dbdd7c8971a514eb7cb4d3f,867897536
c197faa8bdbd51c075a6d3bc,661718656
1985a2a5c3b2b0c7eca22afe,811611136
92a1a8b617b6d2c3669167a6,731748736
2a330fdcebb247d6a6fdea23,631216768
c3dd975d0aed59a65a784e47,524481024
608a2339d558a6cea9478756,800527616
c0ccf6d535d1316e37e1024e,885599616
229a7640d41a8b8d6d2f8f83,1043815552
e3950ce025371da2b4ad9db6,838173760
a7e41393473834db30f2c1da,587443648
7dcd1597e11f83093cbfd7a5,1052447296
71235a69058912dec1d355a0,952624064
349602317da0e456d88fe24f,937259008
ddccad3e5a4eaf791ce3a7c9,393570432
776d7d1326576f07762ab3c7,771693952
1b88c06bb3c1bc2bb39d1b86,758405312
1c5c4f4c731545aa3388c554,393570432
aaa67089a753d255215c15be,550402688
d6d5717a4b7e2edaef162b6a,666121152
0ba20e953e8e76add161cd6c,274314016
13c39860029403ea94b5439a,1032287808
d5436eeef04e1a8e51a38912,412800672
21f00ad1214253dd5bb97817,831920192
5a3119efc021fd0f102ab958,380521792
331c515e7f0dbb4460810999,705818112
9e360588b18cb15aec3b6609,515967712
a7cc7d2ceedf4d69664dc734,489044896
4e78cffaea2008f3919ba0ae,430773408
452e0518f7164287e47e6354,666211392
74286242739391c4eaecefbe,548557952
df06b65985649c7107b794a4,692391424
b6a21387674a509514fa5518,978021504
6752fcf8f1af18d61124e32c,728858624
a7e40088cf53acfc65f4b3f5,1471783424
61b9307a25be3119effbd0d2,357301440
3061729865dd2d68858600b1,324194400
ad38d5660b6f1eef23b76039,374858432
1d493f3954b15e84c41afc82,484549248
57744cb947a923584fc6bcc4,445155520
16f60cac352cc0d668d226d0,498631296
accf7bdeeff29ec7a209c509,358969216
a694b9ab05641a6325764e63,685819520
bdeddd3f84cb0ffdd1fc27bd,343465664
de9ab30042562789601833f6,424560576
1a95522f43288e32addff2ba,487912960
3cc722d5c764ac261611c2b0,339182144
aba85a8a7ea2def1fdd18587,603348992
b272c1025cf5c1e1df47042c,393332128
5c449356b8b2d7e0928cce59,821850496
a56d3b5bc13c9849cf676750,667034944
942c934c0d41ab822d60c795,358411904
b0fe09d086490092f1690fc2,515324544
7abc8a11d3d6c905de3f567e,494554784
16716773b2a43df0332622bb,446346976
98fdd3fc6c9447d0f05eb1c0,603861120
a59f39373ee368259b441de6,422460864
cb778195c5d61a7c4185424c,754307200
c0277899d5f185cc78fc4a79,631639872
44effc9574c74ea4ad98ede4,685605504
e2d00e4fd93a02ea81895355,645253120
ab405cd390c0681c3c67836e,575410048
86db204f7ef6e0e0e6687246,706018816
97b791fd94b2339ba115a75a,694957888
3897d9b5fe3a0cfaed7c18a6,534109184
ce206b82f2de3793156baadd,617073280
2c924b9d45667f7168bae6ee,558818112
358eb586d9649d20dca9bfcd,919340736
71b1fe15c5bffb750c99f648,610739136
eca500b92ff96f10ccd45e54,601443392
7b63445c5e1ce95bd12c31ee,753672256
97d64459dfb368b1f6067ab2,760578816
1b09874d5a3e4c9e0d544198,657662720
54fb79bb019bfd10e5481ec9,685500736
b3b63d292523ce0a925b871c,754697344
09759befd8899fc1e359935f,706018816
62e0110b1c8dda16cc7da89c,586522368
d98ba43504fb49a4f0bd9c05,974856256
48815b454dfb64fe60e2cde4,545422848
40a65310ce666e80a9611d4c,709832064
a8c5674b5d110d99a1e097af,833712128
ee9e7dcede0ffc20442b4407,718919424
9e858250fcb7320b65bed9c7,866830272
bc76b078832a3a81b6d637f8,1070371392
b06d3ee14ccf3d46fe2431fb,773298368
87332a7e03cb851342667b98,767368832
faa37a79a1d72e4b8b0c80a6,767368832
0821109831351eb2501e362b,1036323584
8d01d6561223272181235c69,850213952
a0f1c94cd34fcba92f59a59a,813713792
f6a5c88d1bca87c1e89d8084,1084396800
55118881731616058c929b1a,987819968
bed1fbafde11c156b655e04f,718505664
819d2a7c3330480b7217577d,1044260672
e1967b56ab8ecd035bf39534,773298368
08d0615cff29645ee70e20e9,912347584
2e8af16a155fe18c8c6730a2,803348864
882e8e77fa1a71288f6b61cf,1161860224
7930bb0822caea5f6451bfa6,848552512
993a18ae04d78d374f854262,655065344
e5527bb25c85988e00da339d,938790400
07bd45129563bd2fd974deeb,390670112
83727953ecffc17bed632d94,403754944
2e2d3f42f4f8369733b3bcb9,681034368
3b23a71bf40e800a66bdeab2,417646304
894f346e0ad39c57fc0f369f,973178496
d1fcd31555048d043cf084be,534103232
8d48f73816b248d1166a09db,852109696
32d5a20c542a8194a6aae965,663934848
53870de54350a8cd7c13f014,807932864
31cdb68dc6476128c4bb2f5c,904291264
4be6d93d8ae1375156444f05,602449408
33a7f6aebc3e2d480d287199,918251200
e1e188d3f9940f9dad98488c,767598080
76167f6ca3d2c404104b77fd,742516352
9297c340db8a74e10dbba148,562607744
0e001ee8f27e1a2fffaa0225,1104920448
ae3868ac8c44128b8a955829,834387648
bcbd20cfc50e2f032b174b56,345948160
253560c855216bd9eb102595,583729792
c9c769e7ccc99016f61269d0,495438528
7c07ba1982289ca3abcbece3,706401600
c5c024d11b3ebb2cd088bf6a,848044224
f0a8fb06fcdf8997bcdcb03d,625057280
806f9ab2a016e774689ce2b9,386906368
4491bda913188aad3c66ef20,746559872
0c37c0d27631960f9e0fda1d,790887360
b50b45bda0905a116f238c1d,676966464
f0f8e755058d48542b9cc4e3,875457024
b3005057f48c1794b7974f4f,693740160
e1e5b0bd721a67318a3848ed,249041312
d96155b72c02bfa04f7ea98f,394387136
3825ce5030d951ef0fc2f7c5,413240256
99587dcb4237fe90acb15b5e,389479072
452ae373210337b8008ea2a3,1462380672
09ae7df5577582ce7e7b0aa7,1035771008
b98967876009fab4290736f1,804744576
24a4a43ae4c687bda1066227,1041964224
c509f2036a11b7132c633d2a,855621824
bda914dbacd42b2b7c6c5179,555239552
5a681060eeb2fc8f1b3261da,604265024
016bb199b12846ccb0b03191,943973568
ba94676bc0385678ce3780a3,599354880
b2183e5bca67574df7d5985b,362112128
baae43ea29f7e419bbecf998,615879872
ff1a7adf260e637bf316812f,388765600
8e56b5dbc4cf628ac12e5bef,1248788352
c8941b8d7626f7b33628158f,998839168
d504ed869ece1b1d6e724452,417946400
1acb5576ccae1f0534f614df,589892224
ff228869121d053ca7bbe431,871897152
ee4dea05e93581750d613c59,651362624
5d507cdfb7c233cf96dc6a83,726851520
faae4324336f1211ce4c7809,573444992
9a8e471c8f4488c3799483ba,466802624
d040e15e50d655f4d19bff54,229844976
efc7e89ddf3de559154d8e0c,1112112128
e91598736dbb7319952f0dfc,578300672
4046ebeeb7ab85affcfe337c,1084821760
d12059af22bc7d6ff170430f,1231233408
99d39d72083d7485e8944a3e,516056832
b9ab2dcd8d1855e4bdd540c4,1000685760
97106114a8d353ffebbd07b7,639480512
d5c950db90c92be5fe753189,735145792
119833a13f3f7df22d2b270a,485164768
b2078743e33e1acc49c2d2ca,578300672
fb9371f86ca6f4e62ae374c3,350331680
6a39a747417143f0cd24f3bd,1070574528
7bc0c9e2760e4b1488522768,802037440
3898683e5d24bab9eea24d30,757561792
be0e466ca7d6942282c8626d,679667136
2d65980024ded46854c25260,1051373248
87aa28825a5b8ffbac5f2e2f,501332768
918b0d900ead8267aab4cdf7,592459904
0c85506b301862fb58b467cb,346426144
4bd031478b15017efd41b2bf,1095213568
48bee96c1f65b8e283d67483,331173216
7618cb8d215425c931f47886,138390656
a7a219e7cd18f3c4b83649e0,389179872
9d3f5b59b9735da05588b3d5,311605696
6ac5f5f52cfeed2f0ac9d018,654509696
d885902c923752eab7b619e5,308204416
b183e2562cc4816244ce0e1e,700232384
88622b66e6c47cc62c3824c1,741911424
01230eede2a4a74ec4ee5105,714805824
060451a9e3e0416ff41d253d,745801152
3ca0e7723afebbf53e390297,967051392
e2ecbfaacf11ed16fd71abcd,613257472
1f0d83013ea5e4c3f4beb583,433562144
450c4eff7e37a271fc24ce3b,455838688
a70d331be751cdc3bd0aab29,334714016
41ac76d4fa450fe0c377a0e5,274198880
2ef8a530db816223dcf474a1,392547136
d09c1af87ddad4ad11b82626,346426144
35b1cd8020e7efbb9ba5adde,965267712
6714f846f2fa3527641ad96c,778904704
4cd5338bcf246ebf263baa35,443406272
0878a639ab8e6b6e69a3df41,807782720
f4c118396d781c140d8c9b08,378010112
27151512d4b592014137ac1f,889076224
8e5123f5ef1da66571ccb600,1245753728
c491a13a87fa1ef595b35826,834017408
52d6c4bcb442eebdab338116,1283335936
e23d93ade25e73614d7bcd77,1395479296
43059ceabe98412315566838,1046956032
93b7fc7c4f07a7f117e687a4,709503424
09caddf25db3ac8e1a98565b,649769088
e3034ebf243b024cbef83cc9,564750592
63cc884a9c5c888de176461a,760588736
069fb1f8d0f06ac2fee87314,618584704
059aaea3859c4b9662ab4df8,306643456
148b157ece514d99be0a7f93,433435520
9c4f397c093dde7de5d485cb,693483968
e28d8dac5c1c75d295a9eb3f,306643456
a804849802cc0820d25f955b,306643456
fc43df7f26644fa464ecb090,421418432
608b26adceba64d9ebc5486d,306643456
be8bbf40db0dde8ed4cf338c,306643456
d255f73d4066fe559065266f,460879392
c552cfa8e6b8c8be2c963ae8,447143136
5ee020d4adc767b3b16fffdb,331029248
2a01945c2ce528c02b391c61,538057472
dd7ee555ce0b2d58dbd8a9ea,340145056
a732aefa7ea4715325e9e80e,489280640
c6faa40acaccc1603c29df96,421418432
fd8caba10cd4d1df27605358,359562304
788c49c17df556bce0abf6ce,724053440
2d0d803cdbeaec6e2626eebb,376796704
0872074f7bd512dbd4609c85,414846336
3f97341f90b11e6a7a7f7c2c,346832928
2bfa301ea435f929e6c0d1ba,364149536
1d029020622a600aad4c2991,413390080
8a100bd7f5da66664a2680e8,246044224
1441a28c376a20c90d72cfac,189333072
495eeef459e80680720a0ec8,463091200
df81d07cc6e8fb0a01c0f404,607500736
e23ae41983b9f112f05bb703,538368320
a2ba273b099221390bee92a9,185965808
63dfd58a5c43cc7c0a468209,459529472
27aa789e29e52ef8d78b9bf5,660294912
fbd613ac06b6bf20d76822db,624611072
2a805135d8030b614d9df9aa,534580704
22c9b57a67cbef0920d09174,511317824
fb76da6072bea5801e407990,507401760
9050b1061469970ce28742a7,620520384
96f5db1dd0f36d1087172fcf,566199808
38cccc333e2c38bd608e1880,693497664
efede59a47d17737f90f4bcb,796491968
bca5301e6460eb859b7ef34a,460027808
a23a13e43f3e08ab82c6ef82,551474432
8437a42a8e7ebca46eb088cd,487817088
6e3cbc252c449fd4b758b97b,492070016
6cc6b0672aaccb8909f3a751,505024320
c60c2efec3c12959d86fe3c8,446044544
d0e45d520227ef8a1f53ba28,648777536
e45293f1e6ceb2fe79f6e0d5,721013312
4202dc3f8255586e1ccfff46,506637056
1d04d5450762d664fcfab674,757788800
a3f969063f78dbd95e6ee795,408328960
2e3fc1d628f6727880d3d4e6,492070016
22ea31eadbd3a54216443137,459529472
6490a1eff73727bf62458b0c,539510016
49721aafec7123f6ff4d8010,606678976
bce608b4629b6c8512ea2fde,650916352
a7ba3ccc4831ae7e539f0cfa,476043744
959b2293af0ee4f7c9fea7c0,645070144
bbbf74a3abf9cd8718384a65,464236992
680a71ef7ec15bd919c06320,516693248
0bcdef6d56052acd2afad93d,513424416
1bb885a07f57936b919629b9,465996768
8a222af682e2d7796643ccf7,408328960
3370a48ec22302456c41ded9,406233248
46fb04e7578da5741f6da4b8,459355072
e9da7f2549d914aab6a30e10,465946112
10d0506d84d778da572ec635,594111552
966e8fc9af08e76f8b276245,481097728
0da2a849e0f83b17b006e50b,524722944
f7101a05db93cbefd6a3b31f,456957184
b74fd7f7db38ec233c6ad71f,716498752
0d63e52a47fa884e36f10810,506784352
77fa49bcb52539888d481ab1,605061248
6f412fbb33519fdd31e741c4,235382672
6615da422a3864d415b28fe9,323417184
f258fdece395f0c4f4da6a96,372036352
c54c645c340f59dd5f47bea4,492112576
bdd287e9de82903f210878d6,480202816
e110abe74ba0ad062c9b575f,619067008
47e5ea8cb7f5ab6703803690,630929344
e71c6f7437c633e2d9da643e,419675360
783161faf2e3501c38c0aaaa,472523456
5fc3de15eb0cd87be5ed2e6f,631845760
4066155e224520530ce985eb,393965888
7745863791b5cc6d49f84c8b,623377664
aa7551be1b8d6278d38fbb00,627562112
d654c9bbda61c4c0ee1ae2cc,186204144
d224080523a2bf2e81698d15,541140544
5f8d0a2ab1f9136de446528a,707369472
405fec98d5a3c8981173311c,281282752
2a9e77fd00aaaf773d130914,446346976
279b76adc4bc9f8dd86759b1,449684128
f815ec1a63e980717c9c3290,455351360
a8fc825e34bd9bd56ec5331f,679094912
248ed6abe6e528dedde951a3,435400416
2bce6544d58b6970192a1838,235144368
352a76b301243d22d1b31f79,189333072
bb9991da696d6e1f13a32d0f,538067968
8e88e6cc55ca769e472aadfe,389964864
339ca7bc687766f517ab3274,510069824
93375efb2e74f4913d21d94f,474285856
17d7e6d321bb7394546e6b7b,266914896
0f601f5ee798174ea9d52caf,386272192
8ec8cac469f2448654312aaf,733737088
affb62139f02e524692ebc5b,553076224
c01199a4b2fbf0f6cbdf2a65,768203200
4d1f49443787c874ba19f968,911660416
035c61042b7dbc7ef888d1a7,821889152
0fc7d98f75bc1c0b782a328e,932093184
b1924a5697dfe829b5b8ad76,674849152
d0100c18dba3c334327b29e1,485353920
add1a20e8bba47aad2edec69,944851776
fe8a78de9ba7b59a112e0046,592521280
b319d049a3a8e4a095940106,643816896
303dc73dc1130de9aa2f70f3,642040064
e471b2ef30c388893119a010,705789760
9309d812688d0d2bdd33d830,732826368
fdb192e57e3e48f70a492b87,720539008
c514c9a35632e5a9c0476a31,471947456
3bee8a9981a1e9e13a05cafd,503479712
9c942287410db3d0739e182e,585963008
f59b9c03bcd4e0e06d23fb47,776378240
4c11f4ebc622483532c24a06,485115616
1f53612f7029a21e2e9f74e1,747584896
1f4b6eaf52fb940e666c1c93,651052992
dc65f0bafddf39c6c4b2c9f2,533870848
344823ba2777540ffa2a8fbc,731141248
8cef9b18f20e9c5a32e7ccc9,771726400
413d6e4fb772beff60f73e2b,828032512
15d3ae51558bfeef80b9e97b,795201536
b81c26f2ea6b66c8315d1146,848930560
c3786f81345d39fd8b353da3,661588736
6c568d2287dcf12b2aacd388,657983168
e6482f3b6184515453d16bf2,825462272
32c7b848ef60432d98f415c5,736670976
1689c3e3982382e27a4ae074,741404480
3d0cc51b7a2392f3be3b1666,602399360
1dbec7879e793ba9685741b4,750077440
82ff2a63a863c089ea90bb5d,747301312
3d9856c3ee0a4b5a833c69ab,628832640
6f293451319bae38c71b8266,617157888
dfc817b569fd71d2dd47e980,728864128
c34d46d83e76f54d53cadcb2,614344704
e08ed8c82d05dc3cad8cd2c1,583317632
e21f2a8d9c641e45d442686a,903979968
f1793973b462cdbffb1ad648,728864512
b15bcd6248958d98867ea585,628835456
e640424f3b7d1db403c36ba0,788127296
658c0b009a09339a3f312145,732826368
f01fa45466e2730f935a4128,612900736
b4d69c7bc93efb3790eb1422,731347648
c2242a77d30c0abbed667ce4,886967936
39542105a7c46ded0cc373a7,993817600
13f42390057bd294cd787822,627821120
183d99d88d1e7d995180918c,602912704
60dd7dc49139e7816dd8b143,736670976
6d2ec752890a2f1c4094044d,645556480
0e776964ba3733f3ac18a7a0,728296896
92369f73435d1ac3fa95f185,593473984
8db285eda04ca37b86dc9724,990450368
a7b14faa46e7b73ee4e95ee6,732826368
010e676743f6afc01fd0838b,784705920
987199d3a23c08ca887b301d,758699648
4fd8643e1c43ce9a0c18a19e,716280256
4d0985935e1432b3916d45be,623017664
4623317e8c9044e314ccc4e8,750077440
ef8430c4d15e5887b8103bc3,788073152
cd6ecb0f77acd93cc1c9038e,952522048
b0962bfdb6a2c79a0ca84e48,546966464
7bf592c5c34bfe6a5df3dd40,666574016
9337becb0628955b47e45b98,771299456
9ed0bcdb62b2223d716d40d3,618909824
4255eae670033d9c9e9a6e3c,737535040
c5346c37454ac2b13b92240e,951067648
94fd4bb5f41087921ca12b58,587220608
ded674ba9c7b76cda404bac6,685605504
ce25e9fd3bce9b75050aef5d,710729344
4e7d3cbe3c62123fa7e2d969,791196608
dcf5b42ecb23800a458562e9,822754112
0d53bfcecf0397ca27e5f78c,651052992
f4ecb15ef992a677e8b4fee7,705526720
46eeb8f186f86f7859274d4d,755445760
b5a7d4288dc7a7868678b9e4,825623232
34f99327fe595ba6e32d89a1,545504768
9a53016fdce3d3b5c2baf3fa,586187968
26be10d0ce8b763e9b457e76,584335424
2e111ff939191cc6df2c59bd,768430784
ddcce0b9776593e3ef3ce21b,715466112
937c0b6350beb0f51e53ff8c,592759616
f50941445773dd62e87e0416,705789760
93a1aefcc4ccafe4866bfc76,451124096
70c0a72b31dbc1b97c102c13,784705920
8aa9e1e89993aa49c5c3eced,662026752
2a5ecebe40fc09b45d6ee5fc,571194496
5f798656baebb094a3c83793,661768768
596b6f435f76058493a16cd6,926041216
1c510a71734e955f75187106,851802432
07de14db9dcc2d4f9eac0dd2,1097759744
29503210dfd57bfef8f16802,737108672
89575a90c7b9b960c8f4e052,873445824
bb5a6045d18e19613325dffd,1020350848
f984d34c8f27e3cdb7c2a44a,859423168
90822d4e3a369948cdc4d998,788698880
5b9a21a42d5f50ed4b10581c,935293120
1be01d052c6a65c5ed286bf4,1048475712
b73d317e1e8ddc3d5d0743ef,778065408
bcd302e3b5342ecd8cc056bd,860451840
eb8956f0c4a885619bf1ff79,634904832
d5b950c5510c19ccb926e7c8,872193152
1e37ea0918a00bcfaded3453,780099840
1d55f4694f3e000ee3ce47b3,560232128
cdc3e114698984145df842c7,851291264
9c611e246a612ac6906abe8e,958276288
c0c820463dfec602a6118ed6,791408064
6302d4fff078a118c3211794,866734272
c98807fc596bb2f505b4da9b,1121133312
cdde8657b5a215915a04126d,961145408
3b2fa7905fd8fcb3e11ebcf2,791408064
59764968800501c68631aea3,900358144
9eab02171cb5f15963670172,1095788032
61f84e5a07f37865c31d4a07,1039690816
1494f223c9d3ffba26e42738,863296192
ba137cbd10757ad20e5991c4,759792512
d2fb81a477ef3690cb11c93f,1174316672
ec4f7794cb756b995d5d207f,851574848
ea4add08aa912717cd42f9f7,1046944512
f11d7627e2f18c9a75595501,953966208
8095589d5e1a55a76281e13b,1034977664
f5add08cb615eb18b3153bf2,892313344
1894346a27970572aa703cd2,876196864
805a491334f865f06ff42329,867736896
062d5544f5c96db90fa3a526,977784320
332201e2583141f3a02dcca4,951946880
4baf1bfced8e85013eca94b9,791408064
8bc002e1f02beb4d83a6f6ae,904053184
adebafcf3eb0d34ae31718ef,885941568
60b5b0aa0c1319557cd0cc85,1036764672
3393fece8a6ed311ad865e66,744602368
df4a1968046eed5326119599,923194240
b044b9a587b2c6ca00447177,936551232
005ab848b35907e42aa0f4f2,1034818240
140a0002732574ecc516e9a8,1076752768
bd850d1ccfc4b21a72f3ec44,1112715136
c6dc8c201ce38ff2ea49cd68,1062601728
572ae40f693551547e13a196,844833344
b39d1b2637dd8e307c8ba13f,954597504
2ad02d6d56b95ff3382b53b6,935184832
5201393754f4a5f2a476ef0e,631975168
72a66bc6d15390eb05a5c688,880039104
1f1f3e47f3593e4b2824e628,537000704
bb7e14611ea6b5e4abb5b89c,515529792
b82f8abc8001cd6731c4ef45,708514880
6228854021e72af611d2e59a,461496896
6d21e1de9c880bfbb17350cd,534525408
7cfa0c98191ef9b7c45f0520,491060128
a739d80c3fb6b166a2c2182b,484845152
36f85981124e858c157f83df,559945920
3d6d51ca99f2747d6b92dd19,685160768
092b7b5bafe25bf485de37a4,795876096
f2e0163fa07f89820739dfcf,1006300672
ba47346e7a53412e78363ac4,415831360
f86e80b2a831572b85b04e55,555575744
199a6f7df516a685f086dfa2,351963904
81f6d6790aca5e9270c3d1a1,361151072
74f099ca0d949c8042569d51,526829952
4df3717406f9852284576caa,549629120
5246f7d8023a4c178af6d10c,472340384
69d9908e13bf7c8ac4c30531,451107040
e336d9d892441c7ad886a98d,548227072
f82e1c70884ee1285e1bc491,498740736
0ffbcf7d58378c85b4103c7a,391821216
3679e1844a35c0c87fffefeb,532908800
955a15a734e56eb287555307,495373536
722f262a44b2bb6fc05ec35a,478901856
48c346042d9cb826a3714466,526829952
bc4b7bbf5df92f476b6be103,593859648
667685f89a61aa2ad5c9ac7d,435627328
8be5fca8f4339712c6f3e29e,749889600
09a5fd22f920267b464e2a00,698932416
f6d2d31af94a6a73912dd9f5,759530240
0e9a5ea81f6d91038d8711d9,602264384
8b2d8edfa6788ddc0c7b3eba,641127360
2f48a73bfcc91272161afd39,644815040
a78417c74b8c99279912e427,754697344
4d69f7c7e0e837879abbdf78,663580800
926a7b18e48cdbf6ac3b396b,705526720
a06733f7b3ba964c20ae2698,673180032
02d598a32d864c289e3ba6b0,641127360
3977cf1326ff502251f78f66,488482880
c3cdfd0733404ec885eb3edd,680831808
a28bb09e30bca82627e595c2,689245120
0a2f8c8ca6094e6626d4e8b1,632554624
ac9baabfd96d58e376149a7e,793554944
700a052900adbfa149dd5b6c,895680576
4b30968cdae59b4ef3298f19,912874688
c673d94552bc3e451672939f,743071680
75392e8381e1c891377fcb29,965510208
a55d7074220aa6a750297c08,901124928
81eea19e7c12d65d21e23648,1066967488
69df7bc1d82d9723c70eca70,843388800
815cfcc4d26738f74cbb67ae,728034688
5ea150753f8d07c71af45cd9,778065408
f851b02d18e74610a900bf14,1051482240
76b9af8036e38d5d30ac4c7a,1120894976
4ec5ab39cae4afc3b0e69438,797282944
c74020c85c9fcb2a2cb3ac74,483981184
6d6ad5e3ebaba1c11dec0f16,635817920
acbe4eb98668ff4967a8cb86,632777536
16a40e3dbfbb9c703e04028e,530515584
ee5fa0932e098cba28d950b1,807173120
5f9fa56b99677a489a9966bf,515529792
4045e30cced205e8c5b2373c,440792672
eb2c7a973d4d6ce8e6ae87a0,939501312
99c69eeb96e1016a7e53b33f,700007232
aa7f56d05ed29183b825d61d,389179872
4630a9af58fb79c0008e5fa1,482100576
ac003932eba3a174c5b998ee,476731360
56a7470ed14454665aaef75a,1469754880
a4e4f56336e07304cb946b1c,873902848
00ce045307538da1b0bb7972,799522432
cad720be1395e2ab5869807c,402474208
344be03236aed65e74b14a2f,379243776
58a86bf535b4c16b50dfca06,317233408
d52c3915fd7d2ef8c92a22fe,387778592
8a4b7e86a90a296e10a49ea3,313076064
e1717a317481b0765a7a6a0d,461453696
97fc10f5ce4a6fd7357381a6,379243776
428f4bc76d4cd315ba8f89e9,330587360
4d882ac2b82569f74aa08824,420658048
948ba87dfd7993460c967cb4,379243776
1bee6a5aed5417181a3db77f,375901472
63cdd73026431f5566fe246e,353740128
013e2a07f94a99323b64d370,983273152
ff56b24cf15289dc6d14800f,582722112
7bdb94165857bcd37206cf18,476633856
1d1e29d9601aa0eddb4d6c2c,598365120
a8c9489973c54b93737dfe20,667234176
254892c6b84c59ff5ac4f354,520483264
c6e9772058edb2268434d7cf,690920000
916a413537580440c4ac6028,538273152
bab8e472424cd57faab87ff2,330526592
eae5eecfa2fe828afbc94b0a,457857312
da26059a2cf36e02b8702320,407888736
e18fecb7e40bbcaf26c863cb,562480704
a55906464634558b94d9298e,450271712
3032ae39e739fe46e9e198e5,733250048
663e062b85f16c2419f8456b,471758304
aad0e527c4bf6283f76b5bed,706906752
32fbc0f1934f7325a404a2eb,784905024
07d1137c1f0aaecbbad32f7b,598129152
3058b792e3f6781e438a2e9b,552790848
33d6b1bbab4524c3aa03756c,420014528
c75d43b8089321e359e14264,577989760
29ea1796aede16cab8a50497,617476096
bed21c41b31a3bf2095aa273,577320000
ec232a7ee3aeac713516614b,641507392
bb7c68c2652c7e124d88631c,453453184
697b6c6f7666391fc689cfb9,735089152
d912e45dda1a3a628fdf50d6,672610048
96fa88a07329d3988b6b41b3,693499328
66019487c37339e9354ca999,644149952
fd2dcbcb8a31e97f31d22a53,814845120
1a309175498997e1b8f0aae7,1100070912
e83119808dd08ca090f5ed85,645620736
1a26960e24de046588ca7837,570308096
379c4fce87557848548b0944,510218208
b2d7355eb2aa975900776275,619662976
3b05e06aa0bc40b9db16416e,505346560
4a5405b1e181f5b10fec35a6,971461248
aff22625564f00844ea2610b,705818112
b40addfc0da42b0e530503f0,596798336
9200d647b6ce9aea67ff8ac7,828723712
3057660e38fb757dbc8bd898,673111232
799be2171dae4763df530e4d,756666176
819265a930d32a97533d132d,863224192
9ba689b29d0696fb7ebc44d5,1212156032
0f7e28b6efb9d550ba28a1e0,712763712
57551742fefae23bb32571f4,630407808
9569a50febeb4163e28c192c,689531776
1d03efada56f8a70bdae6aea,711073792
bfa56d6230b858591743473e,778084544
ca54914a1cf1028b9c8b681f,560442240
54304b6117b797791d266cc0,798971456
166ae8e3d0704209d6715240,646108928
b56659e70367566a4ddb81b2,906260608
2641f220611056a1f5616dae,1031601216
08a82bb9fbe4b7abb50cece1,702000704
b40a9888ec0379fbf85516a3,1197205760
d35462df6c686296a3c7bb23,748084288
db244703ce223e6acacbe85d,794546560
a90df94f959030227fa015b0,738166400
d97d462ac4f5d9cbbf04e9ca,754206976
7fe6ac57e87b8126ac4f8530,935189248
69c28dce8eeaa86605143419,1218830464
2bd6682ad8343b69fae1a59e,797867264
2e6fb29cbc1ccc3d97c92c72,902034240
9eabba4531191127ee91621b,910311360
d0c411218ffa7c3ebc10783e,686147200
0c61a011d7fe0227be2b3575,574589184
2c47c3ef9e139d8c4513a090,634318976
f6503aab62a68ca16eba3fec,1146257792
e7dc05756684b070b36d681f,752285184
17484950b143d0395907ae6d,763237376
3d997123b33373024bd2cbe1,884785984
ddba305c2a3ad29db24a0658,801075072
b65efc402cfddc0aed4e1d76,949196096
4a7ecb05c9886bc35f6b9160,701067584
b4e14604b888c994b64f94ba,823654656
ab37764e5f4e00097eac947a,1016295488
764da64c41700da5ee80b8c7,839212928
8a84a073b855e37a12327357,871564224
5a6878f8a47f1fa2fc1d600d,1183165312
505f3d545ce83d0c848f828d,1001280960
6687a2299f38c15598d11eef,1203601024
533134592237b2748915eed8,943111104
daae80933675e767b50bdd17,1248090880
945f85a061dc4e95e779e27e,978536128
62dc69d80cd6ea9fb7fe52db,793319232
153436858070f7e724f0cbc1,930892416
7f9875a5336a32d73df2402c,980551296
ac11141115d391be44e6426c,780255680
f8243b7b679dfe8303180d73,1025653056
1376106ebc19c929df27bb62,668176768
f591597c9a1ddd9852eb3cfd,983273152
a748841236a7a7fb33138845,500112256
6ef43ab43841696400d91859,606280192
601310d800d88f0d387235e4,1119262720
db81ec58863dcc5d12839883,475065344
68d35dadc6d0dea61bf4b513,478612768
ba9be0b67571b1e9242664e1,577182912
1690af2e30b05da545f1576f,1125698944
fc72ebf9381496067101da61,297232416
3a2e95f5eddda4df84b2e2b3,470169888
a660d5809085b4823e287a5e,402474208
799301c01a3e7fc2af5a14a9,746577728
824cad597aae34d7d59ac939,582843584
23cfc154896b93bce4356ae6,403703456
a9b96d2a23ed155043085e87,870383232
f5d529ff6a35fa78ab14de21,549640832
9b337cb1451a8fb078dc9a07,664189440
cd1fc7362660bce494b5117a,546374912
26454cbe44a07cd0df12ca07,958907136
cc5563550bebb29c83ae3054,1277764736
109bb36f29b223a81dbfa340,977786816
31081c78ce92e1d8dbb315b9,746035840
502aca1a1097438b32eb362e,1154332160
4c90ce573f1d61d11294d05c,1001158720
87f1e9ca16a7ea48de04fa73,1125498112
224f6e839dcbd91491f3f1ac,474623104
8ee7d2e0692e49bf9d308b4b,1038202240
a3ff6a1fe37a1bb736b1100d,833467200
97d49e61c1ef55451e52c8e7,868883392
b6514cdb1e2cf37e3ff8090e,1390976896
